Địa chỉ,Khoảng giá,Diện tích,Số phòng ngủ,"Số phòng tắm, vệ sinh",Số tầng,Pháp lý,Nội thất,Ngày đăng,Ngày hết hạn,Loại tin,Mã tin,Mặt tiền,Đường vào,Hướng ban công,Hướng nhà
"Đường Đội Nhân, Phường Vĩnh Phúc, Ba Đình, Hà Nội","12,4 tỷ","54,5 m²",,,,Sổ đỏ/ Sổ hồng,,28/09/2025,08/10/2025,Tin thường,44132128,"5,4 m",4 m,,
"Dự án Gemek Tower, Đường Lê Trọng Tấn, Xã An Khánh, Hoài Đức, Hà Nội","3,98 tỷ",66 m²,2 phòng,2 phòng,,Sổ đỏ/ Sổ hồng,Đầy đủ,24/09/2025,24/10/2025,Tin thường,43852725,,,Đông - Nam,Đông - Nam
"Phường Mễ Trì, Nam Từ Liêm, Hà Nội",16 tỷ,55 m²,5 phòng,4 phòng,4 tầng,Sổ đỏ/ Sổ hồng,Đầy đủ,28/09/2025,13/10/2025,Tin thường,44132121,"3,9 m",,,
"Phố Tạ Quang Bửu, Phường Bách Khoa, Hai Bà Trưng, Hà Nội","29,8 tỷ",70 m²,8 phòng,8 phòng,6 tầng,Sổ đỏ/ Sổ hồng,,19/10/2025,03/11/2025,Tin thường,44132120,4 m,10 m,,
"Đường 379, Xã Đa Tốn, Gia Lâm, Hà Nội",115 triệu/m²,73 m²,,,,Sổ đỏ/ Sổ hồng,,26/09/2025,06/10/2025,Tin thường,44121645,6 m,6 m,,Tây
"Đường Minh Khai, Phường Hoàng Văn Thụ, Hoàng Mai, Hà Nội","24,5 tỷ",74 m²,7 phòng,8 phòng,7 tầng,Sổ đỏ/ Sổ hồng,Cơ bản,28/09/2025,28/10/2025,Tin thường,44013575,"5,2 m",10 m,,
"Đường 379, Xã Bát Tràng, Gia Lâm, Hà Nội",110 triệu/m²,85 m²,,,,Sổ đỏ/ Sổ hồng,,26/09/2025,06/10/2025,Tin thường,44118022,5 m,6 m,,Đông - Bắc
"Đường Thụy Hà, Xã Bắc Hồng, Đông Anh, Hà Nội",60 triệu/m²,"81,8 m²",,,,Sổ đỏ,,26/09/2025,06/10/2025,Tin thường,44053246,"4,87 m",,,
"Đường Minh Khai, Phường Vĩnh Tuy, Hai Bà Trưng, Hà Nội","7,6 tỷ",35 m²,,,5 tầng,Sổ đỏ/ Sổ hồng,Cơ bản,25/09/2025,05/10/2025,Tin thường,44106599,,,,
"Đường Văn Cao, Phường Thụy Khuê, Tây Hồ, Hà Nội","14,7 tỷ","42,1 m²",,,,Sổ đỏ/ Sổ hồng,,28/09/2025,28/10/2025,Tin thường,43164986,3 m,8 m,,Đông - Bắc
"Dự án The Terra Hào Nam, Phố Hào Nam, Phường Ô Chợ Dừa, Đống Đa, Hà Nội",11 tỷ,90 m²,3 phòng,2 phòng,,Sổ đỏ/ Sổ hồng,,23/09/2025,03/10/2025,Tin thường,43609620,,,,
"Phố Xã Đàn, Phường Phương Liên - Trung Tự, Đống Đa, Hà Nội","7,5 tỷ",33 m²,4 phòng,4 phòng,4 tầng,Sổ đỏ/ Sổ hồng,Cơ bản,04/10/2025,14/10/2025,Tin thường,43916055,4 m,4 m,,
"Đường Khương Đình, Phường Thượng Đình, Thanh Xuân, Hà Nội","8,2 tỷ",36 m²,3 phòng,4 phòng,5 tầng,Sổ đỏ/ Sổ hồng,Đầy đủ,23/09/2025,03/10/2025,Tin thường,44089145,"3,2 m",3 m,,
"Phố Hoàng Cầu, Phường Ô Chợ Dừa, Đống Đa, Hà Nội","26,5 tỷ",60 m²,6 phòng,6 phòng,6 tầng,,,23/09/2025,03/10/2025,Tin thường,43699548,6 m,6 m,,
"La Phù, Hoài Đức, Hà Nội","4,6 tỷ",37 m²,,,,Sổ đỏ/ Sổ hồng,,23/09/2025,03/10/2025,Tin thường,44089138,,,,
"Đường Văn Cao, Phường Liễu Giai, Ba Đình, Hà Nội","16,3 tỷ",46 m²,6 phòng,5 phòng,5 tầng,Sổ đỏ/ Sổ hồng,Đầy đủ,23/09/2025,03/10/2025,Tin thường,42101325,"4,6 m",6 m,,
"Phường Văn Quán, Hà Đông, Hà Nội","7,9 tỷ",36 m²,3 phòng,,4 tầng,Sổ đỏ/ Sổ hồng,Đầy đủ,23/09/2025,23/10/2025,Tin thường,44089137,,3 m,,
"Đường Lê Đức Thọ, Phường Mai Dịch, Cầu Giấy, Hà Nội",135 tỷ,145 m²,,,8 tầng,Sổ đỏ/ Sổ hồng,,14/10/2025,24/10/2025,Tin thường,43748200,,,,
"Phố Pháo Đài Láng, Phường Láng Thượng, Đống Đa, Hà Nội","18,5 tỷ",45 m²,5 phòng,5 phòng,5 tầng,Sổ đỏ/ Sổ hồng,,23/09/2025,03/10/2025,Tin thường,43696677,"5,2 m",6 m,,
"Vinhomes Wonder City, Tân Hội, Đan Phượng, Hà Nội",27 tỷ,128 m²,,,4 tầng,Sổ đỏ/ Sổ hồng,,12/09/2025,12/10/2025,Tin thường,43998700,8 m,40 m,,
"Dự án The Terra An Hưng, Đường 17, Phường La Khê, Hà Đông, Hà Nội","24,5 tỷ",86 m²,,,5 tầng,,Full nội thất.,25/09/2025,05/10/2025,Tin thường,44106497,,,,
"PVV-Vinapharm 60B Nguyễn Huy Tưởng, Nguyễn Huy Tưởng, Thanh Xuân Trung, Thanh Xuân, Hà Nội","7,9 tỷ",98 m²,3 phòng,2 phòng,,Sổ đỏ/ Sổ hồng,"Nội thất để lại toàn bộ, chỉ việc vào ở.",25/09/2025,05/10/2025,Tin thường,44106495,,,Tây - Nam,Đông - Bắc
"Phụng Châu, Chương Mỹ, Hà Nội","5,2 tỷ",147 m²,,,,Sổ đỏ/ Sổ hồng,,25/09/2025,25/10/2025,Tin thường,44106464,7 m,50 m,,
"Đường Khương Đình, Phường Khương Đình, Thanh Xuân, Hà Nội","1,75 tỷ",48 m²,2 phòng,1 phòng,,Hợp đồng mua bán,Đầy đủ,10/10/2025,25/10/2025,Tin thường,44105906,,,,
"Dự án Vinhomes Ocean Park Gia Lâm, Xã Dương Xá, Gia Lâm, Hà Nội",Thỏa thuận,150 m²,,,4 tầng,Sổ đỏ/ Sổ hồng.,,22/10/2025,06/11/2025,Tin thường,40515714,10 m,13 m,Tây - Bắc,Tây - Bắc
"Đường Tân Khai, Phường Vĩnh Hưng, Hoàng Mai, Hà Nội","1,75 tỷ",32 m²,2 phòng,2 phòng,2 tầng,Hợp đồng mua bán,Cơ bản,25/09/2025,05/10/2025,Tin thường,44106110,,"2,5 m",,
"thôn Dy, Minh Quang, Ba Vì, Hà Nội","1,87 tỷ",346 m²,,,,Sổ đỏ/ Sổ hồng,,18/09/2025,03/10/2025,Tin thường,44047696,,,,
"Đường Long Biên 2, Phường Bồ Đề, Long Biên, Hà Nội",45 tỷ,235 m²,,,,,,24/09/2025,04/10/2025,Tin thường,41942313,,,,
"Dự án Vinhomes Ocean Park Gia Lâm, Đường 179, Xã Dương Xá, Gia Lâm, Hà Nội",Thỏa thuận,71 m²,,,,Sổ đỏ/ Sổ hồng,,25/09/2025,10/10/2025,Tin thường,41586071,,13 m,Đông - Nam,Tây - Bắc
"Dự án Intracom 2 Cầu Diễn, Đường Cầu Diễn, Phường Phú Diễn, Bắc Từ Liêm, Hà Nội","7,99 tỷ",134 m²,3 phòng,2 phòng,,Sổ đỏ/ Sổ hồng,Đầy đủ,13/09/2025,14/10/2025,Tin thường,44010476,,,Đông - Nam,Tây - Bắc
"Dự án 101 Láng Hạ, Phố Láng Hạ, Phường Láng Hạ, Đống Đa, Hà Nội","83,5 triệu/m²",146 m²,3 phòng,,,Sổ đỏ/ Sổ hồng,Nội thất đầy đủ.,17/10/2025,01/11/2025,Tin thường,42429056,,,,Đông - Nam
"Thôn Đồng Vỡ, Đường Phú Mãn, Xã Phú Cát, Quốc Oai, Hà Nội",14 triệu/m²,"281,4 m²",,,,Sổ đỏ/ Sổ hồng.,,21/10/2025,05/11/2025,Tin thường,43764652,10 m,,,Đông - Bắc
"T&T Riverview, 440, Đường Vĩnh Hưng, Phường Vĩnh Hưng, Hoàng Mai, Hà Nội","9,1 tỷ",120 m²,3 phòng,2 phòng,,Sổ đỏ,Đầy đủ,06/10/2025,16/10/2025,Tin thường,42486361,,,,
"Đường Phú Mãn, Xã Phú Cát, Quốc Oai, Hà Nội",Thỏa thuận,250 m²,,,,Sổ đỏ/ Sổ hồng,,21/10/2025,05/11/2025,Tin thường,43916370,10 m,8 m,,Đông - Nam
"Đường Xuân Đỉnh, Phường Xuân Đỉnh, Bắc Từ Liêm, Hà Nội","22,8 tỷ",65 m²,6 phòng,6 phòng,6 tầng,Sổ đỏ/ Sổ hồng,Đầy đủ,01/10/2025,11/10/2025,Tin thường,44158605,"6,2 m",,,
"Thôn 6, Đường Vai Réo, Xã Phú Cát, Quốc Oai, Hà Nội","3,6 tỷ",100 m²,,,,Sổ đỏ/ Sổ hồng.,,21/10/2025,05/11/2025,Tin thường,43763284,6 m,7 m,,Đông - Bắc
"Dự án CT36 - Dream Home, Đường Nguyễn Cảnh Dị, Phường Định Công, Hoàng Mai, Hà Nội","4,75 tỷ",60 m²,2 phòng,2 phòng,,Sổ đỏ/ Sổ hồng,Đầy đủ,30/09/2025,10/10/2025,Tin thường,42362644,,,,
"Ngõ 470, Đường Đại Mỗ, Phường Đại Mỗ, Nam Từ Liêm, Hà Nội","1,8 tỷ",105 m²,,1 phòng,,Hợp đồng mua bán,Cơ bản,21/10/2025,05/11/2025,Tin thường,43661533,"5,5 m",4 m,,Đông
"Phường Lê Đại Hành, Hai Bà Trưng, Hà Nội","52,5 tỷ",75 m²,,,3 tầng,,,03/10/2025,13/10/2025,Tin thường,43482517,,,,
"Dự án An Lạc Green Symphony, Xã Vân Canh, Hoài Đức, Hà Nội",32 tỷ,170 m²,,,,Sổ đỏ/ Sổ hồng,,17/10/2025,01/11/2025,Tin thường,42342461,,,,
"Phố Lạc Trung, Phường Vĩnh Tuy, Hai Bà Trưng, Hà Nội",9 tỷ,33 m²,3 phòng,3 phòng,5 tầng,Sổ đỏ/ Sổ hồng,Đầy đủ,29/09/2025,09/10/2025,Tin thường,41676685,,,,
"Phố Trần Đại Nghĩa, Phường Đồng Tâm, Hai Bà Trưng, Hà Nội",81 tỷ,352 m²,6 phòng,5 phòng,3 tầng,Sổ đỏ/ Sổ hồng,Cơ bản,13/10/2025,23/10/2025,Tin thường,43926419,"4,5 m",12 m,,
"Đường Đông Thiên, Phường Vĩnh Hưng, Hoàng Mai, Hà Nội","8,25 tỷ",45 m²,5 phòng,5 phòng,6 tầng,Sổ đỏ/ Sổ hồng,Đầy đủ.,29/09/2025,09/10/2025,Tin thường,41815840,"4,1 m",5 m,,
"Dự án The Pride, Đường Tố Hữu, Phường La Khê, Hà Đông, Hà Nội",Thỏa thuận,75 m²,2 phòng,2 phòng,,,"Nhà đầy đủ nội thất: Giường tủ, bếp, tủ bếp, tủ giày, nóng lạnh, điều hòa, kệ tivi...",29/09/2025,14/10/2025,Tin thường,39743257,,,Đông - Nam,
"Đường Yên Nghĩa, Phường Yên Nghĩa, Hà Đông, Hà Nội","4,85 tỷ",34 m²,4 phòng,3 phòng,4 tầng,Sổ đỏ/ Sổ hồng,Đầy đủ,15/10/2025,25/10/2025,Tin thường,44074689,"3,5 m","2,5 m",,
"Ngõ 21, Đường Lê Văn Lương, Phường Nhân Chính, Thanh Xuân, Hà Nội","36,5 tỷ",168 m²,,,,Sổ đỏ/ Sổ hồng,,21/10/2025,05/11/2025,Tin thường,39858475,"9,1 m",8 m,,
"Dự án Green Park Tower, Đường Dương Đình Nghệ, Phường Yên Hòa, Cầu Giấy, Hà Nội",10 tỷ,105 m²,3 phòng,2 phòng,,Sổ đỏ/ Sổ hồng,Đầy đủ,29/09/2025,09/10/2025,Tin thường,44141457,,,,
"Đường Nguyễn Đức Cảnh, Phường Hoàng Văn Thụ, Hoàng Mai, Hà Nội","29,8 tỷ",100 m²,7 phòng,6 phòng,7 tầng,Sổ đỏ/ Sổ hồng,Đầy đủ,13/10/2025,23/10/2025,Tin thường,43947333,"4,5 m",6 m,,
"Đường Xuân La, Phường Xuân La, Tây Hồ, Hà Nội","26,5 tỷ",70 m²,4 phòng,5 phòng,4 tầng,Sổ đỏ/ Sổ hồng,,26/09/2025,06/10/2025,Tin thường,44119429,,,,
"Vinaconex Diamond Tower, Phố Bạch Mai, Phường Trương Định, Hai Bà Trưng, Hà Nội","7,8 tỷ",158 m²,,,,Sổ đỏ/ Sổ hồng,Cơ bản,20/10/2025,04/11/2025,Tin thường,43969013,150 m,2 m,Nam,Nam
"Phố Phú Lương, Phường Phú Lương, Hà Đông, Hà Nội","4,85 tỷ",32 m²,3 phòng,4 phòng,5 tầng,Sổ đỏ/ Sổ hồng,,26/09/2025,06/10/2025,Tin thường,44095823,,,,
"Đường Lê Hữu Tựu, Xã Nguyên Khê, Đông Anh, Hà Nội",71 triệu/m²,71 m²,,,,Sổ đỏ/ Sổ hồng,,26/09/2025,06/10/2025,Tin thường,44113893,4 m,4 m,,
"Đường Lạc Long Quân, Phường Nghĩa Đô, Cầu Giấy, Hà Nội","9,5 tỷ",57 m²,,,,,,17/10/2025,01/11/2025,Tin thường,44093894,5 m,,,
"Phường Mai Dịch, Cầu Giấy, Hà Nội","12,5 tỷ",95 m²,,,,,,20/10/2025,04/11/2025,Tin thường,44093526,"4,2 m",,,
"Xã Kim Chung, Đông Anh, Hà Nội",Thỏa thuận,244 m²,,,,Sổ đỏ/ Sổ hồng,,19/10/2025,03/11/2025,Tin thường,44085032,9 m,6 m,,Bắc
"Đường Nguyễn Trãi, Phường Thanh Xuân Trung, Thanh Xuân, Hà Nội",Thỏa thuận,117 m²,,,5 tầng,Sổ đỏ/ Sổ hồng,,25/09/2025,10/10/2025,Tin thường,44107714,,,,
"Phường Mai Dịch, Cầu Giấy, Hà Nội",Thỏa thuận,163 m²,,,,,,23/09/2025,03/10/2025,Tin thường,44091862,"6,5 m",,,
"Đường Nguyễn Văn Cừ, Phường Bồ Đề, Long Biên, Hà Nội",100 tỷ,486 m²,3 phòng,2 phòng,3 tầng,Sổ đỏ/ Sổ hồng,Cơ bản,26/09/2025,06/10/2025,Tin thường,44121889,15 m,4 m,,
"Đường Liên Xã, Xã Hưng Đạo, Quốc Oai, Hà Nội","4,6 tỷ",71 m²,3 phòng,3 phòng,3 tầng,Sổ đỏ/ Sổ hồng.,Cơ bản.,09/10/2025,19/10/2025,Tin thường,43801117,5 m,4 m,Đông - Nam,Đông - Nam
"Dự án Vinhomes Thăng Long, Xã An Khánh, Hoài Đức, Hà Nội",150 triệu/m²,127 m²,,,,Sổ đỏ/ Sổ hồng,Không nội thất,26/09/2025,06/10/2025,Tin thường,43949076,5 m,,,Đông - Bắc
"Đường Trâu Quỳ, Thị trấn Trâu Quỳ, Gia Lâm, Hà Nội","21,78 tỷ",132 m²,3 phòng,3 phòng,3 tầng,Sổ đỏ/ Sổ hồng,Cơ bản,30/09/2025,10/10/2025,Tin thường,44151204,"7,6 m",8 m,,
"Đường An Dương, Phường Quảng An, Tây Hồ, Hà Nội","10,8 tỷ",69 m²,,,,Sổ đỏ/ Sổ hồng,,30/09/2025,10/10/2025,Tin thường,44151206,4 m,3 m,,
"Đường Thành Trung, Thị trấn Trâu Quỳ, Gia Lâm, Hà Nội","23,5 tỷ","94,5 m²",3 phòng,3 phòng,5 tầng,Sổ đỏ/ Sổ hồng,,21/10/2025,05/11/2025,Tin thường,44048754,"6,3 m",13 m,,
"Đường Khuất Duy Tiến, Phường Nhân Chính, Thanh Xuân, Hà Nội","17,9 tỷ",60 m²,5 phòng,4 phòng,5 tầng,Sổ đỏ/ Sổ hồng,Đầy đủ,30/09/2025,10/10/2025,Tin thường,44151198,"4,3 m",6 m,,
"Đường Xuân La, Phường Xuân La, Tây Hồ, Hà Nội","10,4 tỷ",38 m²,4 phòng,5 phòng,7 tầng,Sổ đỏ/ Sổ hồng,Đầy đủ,20/10/2025,04/11/2025,Tin thường,44144579,"4,3 m",4 m,,
"Vinhomes D'Capitale, Trần Duy Hưng, Trung Hòa, Cầu Giấy, Hà Nội","3,4 tỷ",39 m²,1 phòng,1 phòng,,Sổ đỏ/ Sổ hồng,Đầy đủ,11/10/2025,21/10/2025,Tin thường,43908888,,,Đông - Nam,Tây - Bắc
"Phố Cự Lộc, Phường Khương Mai, Thanh Xuân, Hà Nội",28 tỷ,67 m²,12 phòng,12 phòng,9 tầng,,,26/09/2025,06/10/2025,Tin thường,44067032,"5,1 m",,,
"Phố Chùa Láng, Phường Láng Thượng, Đống Đa, Hà Nội","8,3 tỷ",44 m²,6 phòng,4 phòng,5 tầng,Sổ đỏ/ Sổ hồng,Đầy đủ,30/09/2025,10/10/2025,Tin thường,43903660,4 m,3 m,,
"Dự án Sunshine Golden River, Phường Phú Thượng, Tây Hồ, Hà Nội",35 tỷ,97 m²,6 phòng,6 phòng,5 tầng,Hợp đồng mua bán,,10/10/2025,20/10/2025,Tin thường,33574204,"5,5 m",30 m,Tây,Nam
"Phú Lội, Minh Quang, Ba Vì, Hà Nội","2,1 tỷ",591 m²,,,,Sổ đỏ/ Sổ hồng,,16/10/2025,31/10/2025,Tin thường,44150953,12 m,,,
"Dự án The Matrix One Premium, Phường Mễ Trì, Nam Từ Liêm, Hà Nội",Thỏa thuận,85 m²,2 phòng,2 phòng,,Hợp đồng mua bán,Cơ bản,10/10/2025,20/10/2025,Tin thường,44163169,,,,
"Dự án Vinhomes Ocean Park Gia Lâm, Xã Dương Xá, Gia Lâm, Hà Nội","4,8 tỷ",75 m²,3 phòng,2 phòng,,Sổ đỏ/ Sổ hồng,Không nội thất,01/10/2025,11/10/2025,Tin thường,43190455,,,Đông - Nam,Đông - Bắc
"Dự án Vinhomes Wonder City, Xã Tân Hội, Đan Phượng, Hà Nội","17,9 tỷ",120 m²,5 phòng,4 phòng,4 tầng,Sổ đỏ/ Sổ hồng,,19/09/2025,04/10/2025,Tin thường,44060951,,,Đông - Nam,Đông - Nam
"Vinhomes Ocean Park Gia Lâm, Dương Xá, Gia Lâm, Hà Nội","2,2 tỷ",28 m²,1 phòng,1 phòng,,Sổ đỏ/ Sổ hồng,Đầy đủ,30/09/2025,15/10/2025,Tin thường,44016901,,,Đông - Nam,Tây - Bắc
"Dự án Lumière Orient Pearl, Thị trấn Trâu Quỳ, Gia Lâm, Hà Nội",Thỏa thuận,41 m²,1 phòng,1 phòng,,,,04/10/2025,11/10/2025,Tin thường,44056787,,,,
"Dự án Jade Square, Đường Nguyễn Đình Tứ, Phường Xuân Đỉnh, Bắc Từ Liêm, Hà Nội","8,5 tỷ",76 m²,2 phòng,2 phòng,,Sổ đỏ/ Sổ hồng,Đầy đủ,14/10/2025,21/10/2025,Tin thường,43991586,,,,
"Ruby Park, Đường Phúc Lợi, Phường Phúc Lợi, Long Biên, Hà Nội",Thỏa thuận,48 m²,1 phòng,1 phòng,,Hợp đồng mua bán,Cơ bản,21/10/2025,20/11/2025,Tin thường,44119309,,,Tây - Bắc,Tây - Bắc
"Dự án Sun Feliza Suites, Đường Phạm Hùng, Phường Dịch Vọng Hậu, Cầu Giấy, Hà Nội",Thỏa thuận,95 m²,3 phòng,2 phòng,,,,16/10/2025,23/10/2025,Tin VIP Kim Cương,44162276,,,,Đông - Nam
"Dự án Vinhomes Ocean Park Gia Lâm, Đường An Đào, Xã Dương Xá, Gia Lâm, Hà Nội","2,85 tỷ",43 m²,1 phòng,,,Sổ đỏ/ Sổ hồng,,13/10/2025,23/10/2025,Tin VIP Kim Cương,43844963,,,,
"Dự án Lumière Orient Pearl, Thị trấn Trâu Quỳ, Gia Lâm, Hà Nội",Thỏa thuận,86 m²,3 phòng,2 phòng,,Sổ đỏ/ Sổ hồng,Đầy đủ,29/09/2025,06/10/2025,Tin thường,43898407,,,,
"Phố Ngọc Khánh, Phường Ngọc Khánh, Ba Đình, Hà Nội","19,5 tỷ",42 m²,4 phòng,5 phòng,6 tầng,Sổ đỏ/ Sổ hồng,Đầy đủ,07/10/2025,17/10/2025,Tin thường,44089129,4 m,4 m,,
"Green Park Trần Thủ Độ, Trần Thủ Độ, Hoàng Liệt, Hoàng Mai, Hà Nội",7 tỷ,100 m²,3 phòng,2 phòng,,Sổ đỏ/ Sổ hồng,Đầy đủ,15/10/2025,30/10/2025,Tin thường,44089125,,,Tây - Bắc,Đông - Nam
"Vinhomes Global Gate, Đường Cổ Loa, Xã Đông Hội, Đông Anh, Hà Nội",Thỏa thuận,100 m²,,,,,,23/09/2025,03/10/2025,Tin thường,44089124,,,,
"Phố Thái Thịnh, Phường Thịnh Quang, Đống Đa, Hà Nội","16,5 tỷ",51 m²,6 phòng,5 phòng,6 tầng,Sổ đỏ/ Sổ hồng,Đầy đủ,23/09/2025,03/10/2025,Tin thường,43386187,"6,7 m",4 m,,
"Berriver Jardin Long Biên, Đường Nguyễn Văn Cừ, Phường Bồ Đề, Quận Long Biên, Hà Nội",Thỏa thuận,"252,5 m²",,,,Sổ đỏ/ Sổ hồng.,Không nội thất.,23/09/2025,03/10/2025,Tin thường,43843709,,,Đông - Nam,Đông - Nam
"Đường Phú Cát, Xã Phú Cát, Quốc Oai, Hà Nội","4,7 tỷ",100 m²,,,,Sổ đỏ/ Sổ hồng,,23/09/2025,03/10/2025,Tin thường,43142372,6 m,10 m,,Đông - Nam
"Phố Hào Nam, Phường Ô Chợ Dừa, Đống Đa, Hà Nội","15,9 tỷ",60 m²,,,,,,23/09/2025,03/10/2025,Tin thường,43883168,"5,5 m",6 m,,
"Đường Trần Quang Diệu, Phường Ô Chợ Dừa, Đống Đa, Hà Nội","33,5 tỷ",50 m²,6 phòng,7 phòng,7 tầng,Sổ đỏ/ Sổ hồng,Đầy đủ,23/09/2025,03/10/2025,Tin thường,43991100,6 m,7 m,,
"Dự án Phú Thị Riverside, Xã Phú Sơn, Gia Lâm, Hà Nội","21,2 tỷ",120 m²,,,4 tầng,Sổ đỏ/ Sổ hồng,,07/10/2025,17/10/2025,Tin thường,44001529,8 m,,,
"Đường Văn Cao, Phường Liễu Giai, Ba Đình, Hà Nội","9,5 tỷ",35 m²,3 phòng,4 phòng,6 tầng,,,23/09/2025,03/10/2025,Tin thường,44089103,4 m,3 m,,
"Phố Trung Kính, Phường Yên Hòa, Cầu Giấy, Hà Nội","28,5 tỷ",80 m²,6 phòng,5 phòng,5 tầng,Sổ đỏ/ Sổ hồng,Đầy đủ,06/10/2025,16/10/2025,Tin thường,43643890,"5,3 m",7 m,,
"Phố Linh Lang, Phường Cống Vị, Ba Đình, Hà Nội",65 tỷ,90 m²,,,,Sổ đỏ/ Sổ hồng,,24/09/2025,04/10/2025,Tin thường,44098545,7 m,18 m,,
"Dự án Rice City Linh Đàm, Phường Hoàng Liệt, Hoàng Mai, Hà Nội","4,5 tỷ",62 m²,2 phòng,2 phòng,,Sổ đỏ/ Sổ hồng.,Nội thất full đồ.,25/09/2025,05/10/2025,Tin thường,43382955,,,Đông - Nam,Tây - Bắc
"Dự án KĐT Xa La, Phố Phùng Hưng, Phường Phúc La, Hà Đông, Hà Nội","3,5 tỷ",54 m²,2 phòng,2 phòng,,Sổ đỏ/ Sổ hồng,Đầy đủ.,10/10/2025,20/10/2025,Tin thường,37171708,,,Đông - Nam,Tây - Bắc
"T&T Riverview, 440, Đường Vĩnh Hưng, Phường Vĩnh Hưng, Hoàng Mai, Hà Nội","6,2 tỷ",100 m²,2 phòng,2 phòng,,Sổ đỏ/ Sổ hồng,Đầy đủ,25/09/2025,05/10/2025,Tin thường,43844486,,,Đông - Nam,Đông - Bắc
"Phố Chính Kinh, Phường Nhân Chính, Thanh Xuân, Hà Nội","15,8 tỷ",55 m²,10 phòng,11 phòng,6 tầng,Sổ đỏ/ Sổ hồng,Đầy đủ,25/09/2025,05/10/2025,Tin thường,44106466,"4,2 m","3,5 m",Đông - Nam,Đông - Nam
"Đường Thôn Đoài, Xã Nam Hồng, Đông Anh, Hà Nội","6,4 tỷ",80 m²,,,,Sổ đỏ/ Sổ hồng,,08/10/2025,18/10/2025,Tin thường,43271787,"4,5 m",5 m,,
"Đường Ngọc Thụy, Phường Bồ Đề, Long Biên, Hà Nội","5,25 tỷ",33 m²,,,,Sổ đỏ.,,05/10/2025,15/10/2025,Tin thường,44017753,,,,
"Dự án Vinhomes Metropolis - Liễu Giai, Phố Liễu Giai, Phường Ngọc Khánh, Ba Đình, Hà Nội",Thỏa thuận,115 m²,3 phòng,2 phòng,,Sổ đỏ/ Sổ hồng,Đầy đủ,14/10/2025,24/10/2025,Tin thường,37186509,,,,Đông - Nam
"đường Tứ Hiệp, Xã Tứ Hiệp, Thanh Trì, Hà Nội","6,9 tỷ",30 m²,,,,Sổ đỏ/ Sổ hồng,,25/09/2025,05/10/2025,Tin thường,43775124,3 m,6 m,,
"Dự án Đền Lừ I, Đường Đền Lừ, Phường Hoàng Văn Thụ, Hoàng Mai, Hà Nội","19,8 tỷ",55 m²,5 phòng,5 phòng,6 tầng,Sổ đỏ/ Sổ hồng,Đầy đủ,22/10/2025,06/11/2025,Tin thường,43999477,"6,8 m",,,
"Đường Nguyễn Cao, Phường Ngô Thì Nhậm, Hai Bà Trưng, Hà Nội","4,3 tỷ",12 m²,3 phòng,4 phòng,5 tầng,Sổ đỏ/ Sổ hồng,Full nội thất.,29/09/2025,09/10/2025,Tin thường,44141450,"3,7 m","2,8 m",,
"Dự án Green Stars, Đường Phạm Văn Đồng, Phường Cổ Nhuế 1, Bắc Từ Liêm, Hà Nội",Thỏa thuận,102 m²,3 phòng,2 phòng,,Sổ đỏ/ Sổ hồng.,Cơ bản,29/09/2025,09/10/2025,Tin thường,43415069,,,,
"Đường Minh Khai, Phường Minh Khai, Hai Bà Trưng, Hà Nội","24,5 tỷ",85 m²,6 phòng,6 phòng,7 tầng,Sổ đỏ/ Sổ hồng,Đầy đủ,19/10/2025,03/11/2025,Tin thường,43940270,5 m,4 m,Đông - Bắc,Đông - Bắc
"Fafilm - VNT Tower, số 19, Đường Nguyễn Trãi, Phường Khương Trung, Thanh Xuân, Hà Nội","7,5 tỷ",96 m²,2 phòng,2 phòng,,Sổ đỏ/ Sổ hồng,Đầy đủ,29/09/2025,09/10/2025,Tin thường,44141443,,,,
"Đường Minh Khai, Phường Thanh Lương, Hai Bà Trưng, Hà Nội","20,5 tỷ",83 m²,5 phòng,5 phòng,4 tầng,Sổ đỏ/ Sổ hồng,Cơ bản,22/10/2025,06/11/2025,Tin thường,43087198,5 m,,,
"Phố Trần Đại Nghĩa, Phường Bách Khoa, Hai Bà Trưng, Hà Nội",105 tỷ,140 m²,4 phòng,4 phòng,4 tầng,Sổ đỏ/ Sổ hồng,Đầy đủ,04/10/2025,14/10/2025,Tin thường,43760546,"7,5 m",10 m,,
,,,,,,,,,,,,,,,
"Đường Bình Minh, Xã Tân Lập, Đan Phượng, Hà Nội","10,5 tỷ",65 m²,4 phòng,3 phòng,4 tầng,Sổ đỏ/ Sổ hồng,Cơ bản,14/10/2025,13/11/2025,Tin thường,42991087,"4,5 m",7 m,,
"Phường Yên Nghĩa, Hà Đông, Hà Nội",Thỏa thuận,"51,8 m²",,,,Sổ đỏ/ Sổ hồng,,29/09/2025,09/10/2025,Tin thường,44138962,"4,14 m",17 m,,
"Phố Hàng Cót, Phường Hàng Mã, Hoàn Kiếm, Hà Nội",40 tỷ,50 m²,,,5 tầng,Sổ đỏ/ Sổ hồng,Đầy đủ,14/10/2025,24/10/2025,Tin thường,42961857,6 m,,,
"Đường Vương Thừa Vũ, Phường Khương Trung, Thanh Xuân, Hà Nội","64,5 tỷ",120 m²,,9 phòng,9 tầng,Sổ đỏ/ Sổ hồng,Đầy đủ,14/10/2025,24/10/2025,Tin thường,43409634,8 m,,,
"Đường Láng, Phường Láng Hạ, Đống Đa, Hà Nội","8,5 tỷ",29 m²,3 phòng,,5 tầng,Sổ đỏ/ Sổ hồng,Đầy đủ,01/10/2025,31/10/2025,Tin thường,44158580,"3,3 m",2 m,,
,,,,,,,,,,,,,,,
"Đông Xuân, Quốc Oai, Hà Nội",Thỏa thuận,"5.110,2 m²",,,,Sổ đỏ/ Sổ hồng,,01/10/2025,11/10/2025,Tin thường,44158512,,,,
"Đường Quốc lộ 21A(Quốc lộ 21), Xã Cổ Đông, Sơn Tây, Hà Nội",3 tỷ,100 m²,,,,Sổ đỏ/ Sổ hồng,,21/10/2025,05/11/2025,Tin thường,44130704,8 m,8 m,,
"Đường Quốc lộ 21A(Quốc lộ 21), Xã Cổ Đông, Sơn Tây, Hà Nội",3 tỷ,100 m²,,,,Sổ đỏ/ Sổ hồng,,25/09/2025,25/10/2025,Tin thường,44103277,"5,5 m",8 m,,
"Đường Cát Linh, Phường Cát Linh, Đống Đa, Hà Nội","37,5 tỷ",56 m²,3 phòng,7 phòng,7 tầng,Sổ đỏ/ Sổ hồng,Đầy đủ,21/10/2025,05/11/2025,Tin thường,43728011,"4,8 m",,,
"Phố Nguyễn Huy Tự, Phường Bạch Đằng, Hai Bà Trưng, Hà Nội",120 tỷ,510 m²,,,3 tầng,,,20/10/2025,04/11/2025,Tin thường,43292524,15 m,,,
"Đường Đặng Tiến Đông, Phường Trung Liệt, Đống Đa, Hà Nội","41,5 tỷ",65 m²,,,7 tầng,,,20/10/2025,04/11/2025,Tin thường,43697732,"6,4 m",,,
"Phố Phùng Chí Kiên, Phường Nghĩa Đô, Cầu Giấy, Hà Nội",31 tỷ,80 m²,6 phòng,6 phòng,6 tầng,Sổ đỏ/ Sổ hồng,,10/10/2025,20/10/2025,Tin thường,44132113,"4,5 m",10 m,,
"Đường Đào Tấn, Phường Cống Vị, Ba Đình, Hà Nội","26,8 tỷ",82 m²,22 phòng,22 phòng,10 tầng,Sổ đỏ/ Sổ hồng,Full nội thất,18/10/2025,02/11/2025,Tin thường,43434723,6 m,3 m,,
"Đường Tứ Liên, Phường Tứ Liên, Tây Hồ, Hà Nội","9,5 tỷ",73 m²,4 phòng,3 phòng,4 tầng,Sổ đỏ/ Sổ hồng,Đầy đủ,28/09/2025,28/10/2025,Tin thường,44132105,"4,3 m",,,
"Dự án Vinhomes Smart City , Phường Tây Mỗ, Nam Từ Liêm, Hà Nội","6,5 tỷ","66,4 m²",2 phòng,2 phòng,,Hợp đồng mua bán,Đầy đủ,25/09/2025,05/10/2025,Tin thường,44109886,,,Đông - Bắc,
"Dự án The Sakura - Vinhomes Smart City, Phường Tây Mỗ, Nam Từ Liêm, Hà Nội","6,7 tỷ",83 m²,3 phòng,2 phòng,,Hợp đồng mua bán,Đầy đủ,24/09/2025,04/10/2025,Tin thường,44096264,,,,Đông - Bắc
"Phường Mỹ Đình 2, Nam Từ Liêm, Hà Nội",9 tỷ,45 m²,4 phòng,4 phòng,4 tầng,Sổ đỏ/ Sổ hồng,Đầy đủ,28/09/2025,28/10/2025,Tin thường,44132103,4 m,4 m,Nam,Nam
"Phố Lý Thường Kiệt, Phường Hàng Bài, Hoàn Kiếm, Hà Nội",Thỏa thuận,715 m²,15 phòng,17 phòng,14 tầng,Sổ đỏ/ Sổ hồng,Đầy đủ,21/10/2025,05/11/2025,Tin thường,44132100,30 m,50 m,,
"Đường Hoàng Mai, Phường Hoàng Văn Thụ, Hoàng Mai, Hà Nội","9,5 tỷ",42 m²,5 phòng,4 phòng,5 tầng,Sổ đỏ/ Sổ hồng,Cơ bản,28/09/2025,08/10/2025,Tin thường,44132095,"3,6 m",8 m,,
"Đường Xuân Đỉnh, Phường Xuân Đỉnh, Bắc Từ Liêm, Hà Nội","25,9 tỷ",99 m²,,,,Sổ đỏ/ Sổ hồng,,28/09/2025,08/10/2025,Tin thường,44132090,6 m,9 m,,
"Đường Bắc Nam, Xã Sài Sơn, Quốc Oai, Hà Nội",Thỏa thuận,112 m²,,,,Sổ đỏ,,08/10/2025,18/10/2025,Tin thường,40610339,5 m,42 m,,
"Dự án Vinhomes Thăng Long, Xã An Khánh, Hoài Đức, Hà Nội",29 tỷ,"166,7 m²",,,,Sổ đỏ/ Sổ hồng,Đầy đủ,26/09/2025,06/10/2025,Tin thường,43937966,7 m,13 m,Tây - Bắc,Tây - Bắc
"Phường Mai Dịch, Cầu Giấy, Hà Nội",16 tỷ,100 m²,,,8 tầng,,,23/09/2025,03/10/2025,Tin thường,44091820,,,,
"Đường Âu Cơ, Phường Nhật Tân, Tây Hồ, Hà Nội","3,35 tỷ","32,5 m²",2 phòng,2 phòng,2 tầng,Hợp đồng mua bán,Đầy đủ,07/10/2025,17/10/2025,Tin thường,44098478,5 m,"2,5 m",,Đông - Nam
"Dự án Yên Hòa, Đường Dương Đình Nghệ, Phường Yên Hòa, Cầu Giấy, Hà Nội",Thỏa thuận,97 m²,3 phòng,2 phòng,,Sổ đỏ/ Sổ hồng,"Đầy đủ như điều hòa, giường, tủ lạnh,...",26/09/2025,06/10/2025,Tin thường,44121878,,,Đông - Nam,Tây - Bắc
"Đường Tứ Liên, Phường Tứ Liên, Tây Hồ, Hà Nội","13,19 tỷ",64 m²,5 phòng,3 phòng,5 tầng,Sổ đỏ/ Sổ hồng,Đầy đủ,08/10/2025,18/10/2025,Tin thường,44109360,"4,2 m",2 m,,
"Đường An Thọ 1, Xã An Khánh, Hoài Đức, Hà Nội","6,75 tỷ","50,2 m²",4 phòng,3 phòng,3 tầng,Sổ đỏ/ Sổ hồng,Đầy đủ,16/10/2025,31/10/2025,Tin thường,43116290,"3,25 m",4 m,Nam,Nam
"Dự án Sài Đồng, Phường Sài Đồng, Long Biên, Hà Nội",Thỏa thuận,270 m²,,,4 tầng,Sổ đỏ/ Sổ hồng,,26/09/2025,06/10/2025,Tin thường,44121873,14 m,15 m,,
"Thôn 2, Xã Hồng Kỳ, Sóc Sơn, Hà Nội",16 triệu/m²,120 m²,,,,Sổ đỏ/sổ hồng,,26/09/2025,06/10/2025,Tin thường,43861238,,,,
"Phố Phố Huế, Phường Hàng Bài, Hoàn Kiếm, Hà Nội",95 tỷ,110 m²,2 phòng,2 phòng,2 tầng,Sổ đỏ/ Sổ hồng,,26/09/2025,06/10/2025,Tin thường,43065906,"4,6 m",,,
"Đường Cầu Giấy, Phường Quan Hoa, Cầu Giấy, Hà Nội","10,8 tỷ",63 m²,,,,,,20/10/2025,04/11/2025,Tin thường,44086037,,,,
"Vinhomes Ocean Park Gia Lâm, Dương Xá, Gia Lâm, Hà Nội","3,35 tỷ",48 m²,,,,Sổ đỏ/ Sổ hồng,Đầy đủ,30/09/2025,10/10/2025,Tin thường,44151179,,,,
"Ruby Park, 319, Đường Phúc Lợi, Phường Phúc Lợi, Long Biên, Hà Nội",Thỏa thuận,"48,2 m²",1 phòng,1 phòng,,Hợp đồng mua bán,,17/10/2025,16/11/2025,Tin thường,44148940,,,,
"The Sapphire 1 - Vinhomes Ocean Park, Đa Tốn, Gia Lâm, Hà Nội","4,4 tỷ",70 m²,3 phòng,2 phòng,,Sổ đỏ/ Sổ hồng,Đầy đủ,17/10/2025,01/11/2025,Tin thường,43920937,,,,Tây - Nam
"KĐT Tây Hồ Tây - Starlake Hà Nội, Xuân La, Tây Hồ, Hà Nội","16,8 tỷ",101 m²,3 phòng,2 phòng,,Sổ đỏ/ Sổ hồng,Full,30/09/2025,10/10/2025,Tin thường,44047752,,,Tây,Đông
"Dự án Hateco Hoàng Mai, Phường Yên Sở, Hoàng Mai, Hà Nội","5,3 tỷ",85 m²,3 phòng,2 phòng,,Sổ đỏ/ Sổ hồng,Đầy đủ.,23/09/2025,23/10/2025,Tin thường,43601872,,,Đông - Nam,Tây - Bắc
"Hòa Lạc Avenue, Đại lộ Thăng Long, Tiến Xuân, Thạch Thất, Hà Nội",3 tỷ,100 m²,,,,Sổ đỏ/ Sổ hồng,,30/09/2025,30/10/2025,Tin thường,44151151,20 m,100 m,,Đông
"Đường Ngô Quyền, Phường La Khê, Hà Đông, Hà Nội","6,5 tỷ",34 m²,4 phòng,4 phòng,5 tầng,Sổ đỏ/ Sổ hồng,Cơ bản,13/10/2025,23/10/2025,Tin thường,42078370,,3 m,Đông - Bắc,Đông - Bắc
"D’. Le Roi Soleil , 59, Đường Xuân Diệu, Phường Quảng An, Tây Hồ, Hà Nội","17,5 tỷ",146 m²,3 phòng,2 phòng,,Sổ đỏ/ Sổ hồng,Đầy đủ,19/10/2025,03/11/2025,Tin thường,42728634,,,,
"Đường Kim Ngưu, Phường Thanh Lương, Hai Bà Trưng, Hà Nội",26 tỷ,189 m²,4 phòng,2 phòng,2 tầng,Sổ đỏ/ Sổ hồng,Đầy đủ,22/10/2025,06/11/2025,Tin thường,43806451,,6 m,,
"D’. Le Roi Soleil , Xuân Diệu, Quảng An, Tây Hồ, Hà Nội",122 triệu/m²,"135,7 m²",3 phòng,2 phòng,,,Đầy đủ nội thất.,12/10/2025,22/10/2025,Tin thường,43150802,,,,
"Dự án Vinhomes Global Gate, Đường Cổ Loa, Xã Đông Hội, Đông Anh, Hà Nội","18,5 tỷ","62,5 m²",,,,Sổ đỏ,,15/10/2025,30/10/2025,Tin VIP Kim Cương,43662187,,,,
"Dự án Lumière Orient Pearl, Thị trấn Trâu Quỳ, Gia Lâm, Hà Nội","4,08 tỷ",43 m²,1 phòng,,,Sổ đỏ/ Sổ hồng,Đầy đủ.,17/10/2025,01/11/2025,Tin thường,44121508,,,Đông - Nam,Đông - Nam
"Dự án Lumière Bayfront, Thị trấn Trâu Quỳ, Gia Lâm, Hà Nội","4,3 tỷ",43 m²,1 phòng,1 phòng,,Sổ đỏ/ Sổ hồng,Đầy đủ,29/09/2025,06/10/2025,Tin thường,44139410,,,,
"Dự án Vinhomes Skylake, Đường Phạm Hùng, Phường Mỹ Đình 1, Nam Từ Liêm, Hà Nội","8,7 tỷ",72 m²,2 phòng,2 phòng,,Sổ đỏ/ Sổ hồng,"Căn hộ được trang bị đầy đủ nội thất hiện đại, bao gồm điều hòa, tủ lạnh, giường, mang đến sự tiện nghi tối đa cho cư dân.",17/10/2025,24/10/2025,Tin VIP Vàng,41719225,,,Nam,Bắc
"Vinhomes Wonder City, Xã Tân Hội, Đan Phượng, Hà Nội","18,1 tỷ",120 m²,,,,,,14/10/2025,29/10/2025,Tin VIP Kim Cương,43702942,,13 m,,
"Dự án Vinhomes Global Gate, Đường Cổ Loa, Xã Đông Hội, Đông Anh, Hà Nội","24,2 tỷ","67,5 m²",6 phòng,5 phòng,5 tầng,Hợp đồng mua bán,Không nội thất,13/10/2025,20/10/2025,Tin thường,42377687,5 m,13 m,Đông - Nam,Đông - Nam
"Vinhomes Wonder City, Xã Tân Hội, Đan Phượng, Hà Nội",38 tỷ,228 m²,,,4 tầng,,,01/10/2025,08/10/2025,Tin thường,44160875,12 m,,,
"Dự án Vinhomes Global Gate, Đường Cổ Loa, Xã Đông Hội, Đông Anh, Hà Nội","19,5 tỷ",63 m²,,,,Hợp đồng mua bán,,30/09/2025,07/10/2025,Tin thường,44152816,,,,
"Dự án The Sapphire-Vinhomes Smart City, Phường Tây Mỗ, Nam Từ Liêm, Hà Nội","1,76 tỷ",25 m²,,,,,Nội thất cơ bản CĐT.,15/10/2025,22/10/2025,Tin thường,43910714,,,,
"Imperia Sola Park, Tây Mỗ, Nam Từ Liêm, Hà Nội","4,1 tỷ",55 m²,2 phòng,2 phòng,,Hợp đồng mua bán,Cơ bản,09/10/2025,16/10/2025,Tin thường,44080437,,,,
"Đường Lạc Long Quân, Phường Phú Thượng, Tây Hồ, Hà Nội",130 tỷ,290 m²,,,,Sổ đỏ/ Sổ hồng,,25/09/2025,05/10/2025,Tin thường,44106459,13 m,17 m,,
"Dự án Vinhomes Metropolis - Liễu Giai, Phố Liễu Giai, Phường Ngọc Khánh, Ba Đình, Hà Nội","14,8 tỷ",80 m²,2 phòng,2 phòng,,Sổ đỏ/ Sổ hồng,Đầy đủ,15/10/2025,25/10/2025,Tin thường,43161041,,,Tây - Bắc,Đông - Nam
"Đường Cổ Linh, Phường Long Biên, Long Biên, Hà Nội","15,3 tỷ",47 m²,,,,,,16/10/2025,31/10/2025,Tin thường,44018010,,,,
"Tân Thành, Cẩm Lĩnh, Ba Vì, Hà Nội","9,9 tỷ",1.248 m²,,,,Sổ đỏ/ Sổ hồng,,18/09/2025,03/10/2025,Tin thường,44046119,,"40,5 m",,
"Phố Hàng Đường, Phường Hàng Bài, Hoàn Kiếm, Hà Nội",29 tỷ,26 m²,,,,Sổ đỏ/ Sổ hồng,Cơ bản,25/09/2025,05/10/2025,Tin thường,43780648,3 m,15 m,,
"Dự án HH4 Linh Đàm, Đường Linh Đường, Phường Hoàng Liệt, Hoàng Mai, Hà Nội","9,6 tỷ",57 m²,1 phòng,1 phòng,1 tầng,Hợp đồng mua bán,Đầy đủ,22/10/2025,06/11/2025,Tin thường,42451138,"4,5 m",10 m,,Đông - Bắc
"Dự án GoldSilk Complex, Phố Cầu Am, Phường Vạn Phúc, Hà Đông, Hà Nội","8,76 tỷ",127 m²,3 phòng,3 phòng,,Sổ đỏ/ Sổ hồng,Đầy đủ,10/10/2025,20/10/2025,Tin thường,43736308,,,Đông - Bắc,Tây - Nam
"Đường Đại lộ Thăng Long, Xã Hạ Bằng, Thạch Thất, Hà Nội",29 triệu/m²,743 m²,,,,Sổ đỏ/ Sổ hồng,,25/09/2025,05/10/2025,Tin thường,42968927,"25,1 m",8 m,,Tây - Nam
"Đường Trương Định, Phường Tân Mai, Hoàng Mai, Hà Nội","11,99 tỷ",50 m²,8 phòng,4 phòng,5 tầng,Sổ đỏ/ Sổ hồng,Cơ bản,23/09/2025,03/10/2025,Tin thường,44092020,"4,35 m",,,
"Đường Tỉnh lộ 414, Thôn Pheo, Xã Minh Quang, Ba Vì, Hà Nội","3,3 tỷ",547 m²,,,,Sổ đỏ/ Sổ hồng,,18/09/2025,03/10/2025,Tin thường,44047009,,,,
"Phố Tôn Đức Thắng, Phường Văn Miếu - Quốc Tử Giám, Đống Đa, Hà Nội",55 tỷ,130 m²,2 phòng,1 phòng,1 tầng,Sổ đỏ,Đầy đủ,22/10/2025,06/11/2025,Tin thường,43735059,,,,
"Phường Nhân Chính, Thanh Xuân, Hà Nội","10,6 tỷ",46 m²,,,6 tầng,Sổ đỏ,,01/10/2025,11/10/2025,Tin thường,44070822,,,,
"Dự án Thành Công Tower 57 Láng Hạ, Phố Láng Hạ, Phường Thành Công, Ba Đình, Hà Nội",80 triệu/m²,177 m²,3 phòng,2 phòng,,Sổ đỏ/ Sổ hồng,Nhà sửa nội thất đẹp.,20/10/2025,04/11/2025,Tin thường,43963830,,,Nam,
"Dự án Nam Trung Yên, Đường Phạm Hùng, Phường Trung Hòa, Cầu Giấy, Hà Nội",6 tỷ,80 m²,3 phòng,2 phòng,,Sổ đỏ/ Sổ hồng,Đầy đủ,01/10/2025,16/10/2025,Tin thường,44158565,,,Đông - Nam,Tây - Bắc
"Phường Việt Hưng, Long Biên, Hà Nội",Thỏa thuận,31 m²,3 phòng,4 phòng,5 tầng,Sổ đỏ/ Sổ hồng,,11/10/2025,21/10/2025,Tin thường,43956387,,,,
"Phường Việt Hưng, Long Biên, Hà Nội",Thỏa thuận,34 m²,3 phòng,4 phòng,6 tầng,Sổ đỏ/ Sổ hồng,,30/09/2025,10/10/2025,Tin thường,44145224,,,,
"Đường Nguyễn Phong Sắc, Phường Nghĩa Tân, Cầu Giấy, Hà Nội","25,5 tỷ",60 m²,,,,Sổ đỏ/ Sổ hồng,,12/10/2025,22/10/2025,Tin thường,43956281,,,,
"Đường Cầu Giấy, Phường Quan Hoa, Cầu Giấy, Hà Nội","7,68 tỷ",30 m²,3 phòng,4 phòng,5 tầng,Sổ đỏ/ Sổ hồng,Đầy đủ,12/10/2025,22/10/2025,Tin thường,44132577,,,,
"Đường Trần Duy Hưng, Phường Trung Hòa, Cầu Giấy, Hà Nội","36,8 tỷ",50 m²,4 phòng,8 phòng,8 tầng,Sổ đỏ/ Sổ hồng,Đầy đủ.,26/09/2025,06/10/2025,Tin thường,44117725,5 m,,,
"Đường Nguyễn Chí Thanh, Phường Láng Thượng, Đống Đa, Hà Nội","7,5 tỷ",100 m²,2 phòng,2 phòng,,Sổ đỏ/ Sổ hồng,Đầy đủ,02/10/2025,12/10/2025,Tin thường,43973111,,,,
"Hinode City, 201, Đường Minh Khai, Phường Minh Khai, Hai Bà Trưng, Hà Nội",Thỏa thuận,82 m²,2 phòng,2 phòng,,Sổ đỏ/ Sổ hồng,Đầy đủ,17/10/2025,01/11/2025,Tin thường,44141430,,,Đông - Nam,Tây - Bắc
"Green Diamond 93 Láng Hạ, Láng Hạ, Láng Hạ, Đống Đa, Hà Nội","19,5 tỷ","136,3 m²",3 phòng,2 phòng,,Sổ đỏ/ Sổ hồng,Đầy đủ,29/09/2025,09/10/2025,Tin thường,44140868,,,,
"Đường Ngọc Lâm, Phường Bồ Đề, Long Biên, Hà Nội","5,5 tỷ",32 m²,2 phòng,3 phòng,4 tầng,Sổ đỏ/ Sổ hồng,Đầy đủ,25/09/2025,05/10/2025,Tin thường,44108508,,,,
"B.I.G Tower, Phạm Hùng, Mỹ Đình 2, Nam Từ Liêm, Hà Nội","8,5 tỷ",123 m²,4 phòng,2 phòng,,Sổ đỏ/ Sổ hồng,Đầy đủ,10/10/2025,20/10/2025,Tin thường,44141421,,,Nam,Bắc
"Đường Hoàng Ngân, Phường Trung Hòa, Cầu Giấy, Hà Nội","12,5 tỷ",55 m²,8 phòng,9 phòng,6 tầng,Sổ đỏ/ Sổ hồng,Đầy đủ,10/10/2025,20/10/2025,Tin thường,43736917,"4,5 m",4 m,,
"Dự án Embassy Garden, Phường Xuân Tảo, Bắc Từ Liêm, Hà Nội",Thỏa thuận,240 m²,,,4 tầng,,,19/10/2025,03/11/2025,Tin thường,39914323,,,,Nam
"Phường La Khê, Hà Đông, Hà Nội",20 tỷ,50 m²,,,7 tầng,Sổ đỏ/ Sổ hồng,Đầy đủ,29/09/2025,29/10/2025,Tin thường,44141418,"4,4 m",12 m,,
"Đường Thịnh Liệt, Phường Thịnh Liệt, Hoàng Mai, Hà Nội","16,2 tỷ",75 m²,4 phòng,5 phòng,4 tầng,Sổ đỏ/ Sổ hồng,Đầy đủ,29/09/2025,09/10/2025,Tin thường,44141414,5 m,15 m,,
"Dự án KĐT Tây Hồ Tây - Starlake Hà Nội, Đường Nguyễn Văn Huyên, Phường Xuân La, Tây Hồ, Hà Nội",Thỏa thuận,220 m²,,,3 tầng,Sổ đỏ/ Sổ hồng,"Full nội thất, có thang máy.",09/10/2025,19/10/2025,Tin thường,42763592,,,,
"Võ Chí Công, Phú Thượng, Tây Hồ, Hà Nội",7 tỷ,81 m²,2 phòng,2 phòng,,Sổ đỏ/ Sổ hồng,Cơ bản,29/09/2025,29/10/2025,Tin thường,44141408,,,Đông - Bắc,Đông - Bắc
"Dự án Vinhomes Ocean Park Gia Lâm, Xã Dương Xá, Gia Lâm, Hà Nội",26 tỷ,142 m²,,,,Sổ đỏ/ Sổ hồng,,17/09/2025,02/10/2025,Tin thường,43517876,,,,Đông - Nam
"Xã La Phù, Hoài Đức, Hà Nội",13 tỷ,"163,1 m²",,,,Sổ đỏ/ Sổ hồng,,23/09/2025,23/10/2025,Tin thường,43952382,,,,Tây
"Đường Đàm Quang Trung, Phường Long Biên, Long Biên, Hà Nội",20 tỷ,95 m²,3 phòng,3 phòng,3 tầng,Sổ đỏ/ Sổ hồng,,23/09/2025,23/10/2025,Tin thường,44089101,"5,5 m",8 m,,
"Dự án Vinhomes Ocean Park Gia Lâm, Xã Dương Xá, Gia Lâm, Hà Nội",36 tỷ,150 m²,,,4 tầng,Sổ đỏ/ Sổ hồng,,10/10/2025,20/10/2025,Tin thường,42147291,10 m,,Bắc,Bắc
"Phường Minh Khai, Hai Bà Trưng, Hà Nội","7,5 tỷ",40 m²,3 phòng,,5 tầng,Sổ đỏ/ Sổ hồng,,23/09/2025,03/10/2025,Tin thường,44089092,5 m,3 m,,
"Đường Hoàng Hoa Thám, Phường Ngọc Hà, Ba Đình, Hà Nội","6,6 tỷ",22 m²,3 phòng,,6 tầng,Sổ đỏ/ Sổ hồng,,23/09/2025,03/10/2025,Tin thường,44089088,,,,
"Đường Nguyễn Sơn, Phường Ngọc Lâm, Long Biên, Hà Nội","12,9 tỷ",60 m²,6 phòng,6 phòng,5 tầng,Sổ đỏ/ Sổ hồng,Đầy đủ,05/10/2025,15/10/2025,Tin thường,43963981,,5 m,,
"Đường Phương Trạch, Xã Vĩnh Ngọc, Đông Anh, Hà Nội","4,8 tỷ",52 m²,4 phòng,2 phòng,3 tầng,Sổ đỏ/ Sổ hồng,Cơ bản,07/10/2025,17/10/2025,Tin thường,39711767,5 m,3 m,,
"Khu đô thị Mễ Trì Thượng, Mễ Trì, Nam Từ Liêm, Hà Nội",Thỏa thuận,"90,3 m²",3 phòng,2 phòng,,Sổ đỏ/ Sổ hồng,Cơ bản,23/09/2025,03/10/2025,Tin thường,43969014,,,,
"Đường Trương Công Giai, Phường Dịch Vọng, Cầu Giấy, Hà Nội",150 tỷ,210 m²,5 phòng,6 phòng,7 tầng,Sổ đỏ/ Sổ hồng,Đầy đủ,04/10/2025,14/10/2025,Tin thường,44089074,,20 m,,
"Đường Lâm Hạ, Phường Ngọc Lâm, Long Biên, Hà Nội","16,8 tỷ",45 m²,4 phòng,4 phòng,7 tầng,,,15/10/2025,25/10/2025,Tin thường,44123445,"3,8 m",13 m,,
"Đường Đại lộ Thăng Long, Xã Phượng Sơn, Quốc Oai, Hà Nội",Thỏa thuận,"92,5 m²",,,,Sổ đỏ/ Sổ hồng.,,21/10/2025,05/11/2025,Tin thường,41147518,5 m,12 m,,
"Đường Trần Thái Tông, Phường Dịch Vọng Hậu, Cầu Giấy, Hà Nội","7,5 tỷ",35 m²,3 phòng,4 phòng,5 tầng,Sổ đỏ/ Sổ hồng,Đầy đủ,20/10/2025,04/11/2025,Tin thường,42705523,,,,
"Đường Nguyễn Cảnh Dị, Phường Định Công, Hoàng Mai, Hà Nội","20,99 tỷ",55 m²,4 phòng,4 phòng,4 tầng,Sổ đỏ/ Sổ hồng,Đầy đủ,21/10/2025,05/11/2025,Tin thường,44132079,4 m,7 m,,
"Phường Tương Mai, Hoàng Mai, Hà Nội","16,95 tỷ",53 m²,,,,,,28/09/2025,08/10/2025,Tin thường,44132076,,,,
"Đường Lễ Pháp, Xã Tiên Dương, Đông Anh, Hà Nội",15 tỷ,120 m²,,,,Sổ đỏ/ Sổ hồng,,09/10/2025,24/10/2025,Tin thường,44132075,8 m,,,
"Đường Hồ Tùng Mậu, Phường Mai Dịch, Cầu Giấy, Hà Nội","15,95 tỷ",99 m²,14 phòng,15 phòng,7 tầng,Sổ đỏ/ Sổ hồng,,08/10/2025,18/10/2025,Tin thường,44132070,,,,
"Đường Lĩnh Nam, Phường Lĩnh Nam, Hoàng Mai, Hà Nội","17,3 tỷ",100 m²,2 phòng,2 phòng,2 tầng,Sổ đỏ/ Sổ hồng,Cơ bản,09/10/2025,19/10/2025,Tin thường,43613440,,,,
"Phố Ngọc Khánh, Phường Ngọc Khánh, Ba Đình, Hà Nội",18 tỷ,52 m²,,,,Sổ đỏ/ Sổ hồng,,09/10/2025,19/10/2025,Tin thường,44132067,"4,6 m",5 m,,
"Phố Láng Hạ, Phường Láng Hạ, Đống Đa, Hà Nội",33 tỷ,100 m²,4 phòng,4 phòng,4 tầng,Sổ đỏ/ Sổ hồng,,20/10/2025,04/11/2025,Tin thường,44132063,7 m,10 m,,
"Thôn Thắng Lợi, Đường Lê Trọng Tấn, Xã La Phù, Hoài Đức, Hà Nội","4,25 tỷ",42 m²,,,,Sổ đỏ/ Sổ hồng,,26/09/2025,06/10/2025,Tin thường,43041819,"3,7 m","2,8 m",,Đông
"Đường Lê Trọng Tấn, Xã La Phù, Hoài Đức, Hà Nội","5,25 tỷ",50 m²,,,,Sổ đỏ/ Sổ hồng,,26/09/2025,06/10/2025,Tin thường,44023356,"6,69 m","3,5 m",,
"Khu đô thị Hà Phong, Tiền Phong, Mê Linh, Hà Nội","22,2 tỷ",290 m²,,,,,,18/10/2025,02/11/2025,Tin thường,44121866,,,,
"Đường Lê Trọng Tấn, Xã La Phù, Hoài Đức, Hà Nội","5,75 tỷ",50 m²,,,,Sổ đỏ/ Sổ hồng,,16/10/2025,31/10/2025,Tin thường,44023403,4 m,"3,5 m",,Tây - Nam
"Vinhomes Ocean Park Gia Lâm, Dương Xá, Gia Lâm, Hà Nội","3,7 tỷ",58 m²,2 phòng,1 phòng,,Sổ đỏ/ Sổ hồng,Đầy đủ,15/09/2025,16/10/2025,Tin thường,44023982,,,Tây - Nam,Đông - Bắc
"Dự án Feliz Homes, Phường Hoàng Văn Thụ, Hoàng Mai, Hà Nội","6,3 tỷ",82 m²,2 phòng,2 phòng,,HĐMB,"Nhà có điều hoà âm trần, thiết bị vệ sinh đầy đủ.",14/10/2025,24/10/2025,Tin thường,40018228,,,,
"Đường Lê Trọng Tấn, Xã La Phù, Hoài Đức, Hà Nội","6,8 tỷ","35,5 m²",5 phòng,4 phòng,6 tầng,Sổ đỏ/ Sổ hồng,Đầy đủ,16/10/2025,31/10/2025,Tin thường,44092097,"3,5 m","3,5 m",Đông - Nam,Đông - Nam
"Thanh Trì, Hà Nội","4,4 tỷ",60 m²,,,,Sổ đỏ/ Sổ hồng,,26/09/2025,06/10/2025,Tin thường,44121860,"3,8 m","2,5 m",,
"Đường Do Nha, Phường Tây Mỗ, Nam Từ Liêm, Hà Nội","9,6 tỷ",60 m²,,,,Sổ đỏ/ Sổ hồng,,26/09/2025,26/10/2025,Tin thường,44121839,"10,34 m",2 m,,Đông
"Đường Định Công Thượng, Phường Định Công, Hoàng Mai, Hà Nội",8 tỷ,30 m²,3 phòng,4 phòng,5 tầng,,,26/09/2025,26/10/2025,Tin thường,44118282,,,,
"Handico Complex, 33, Đường Lê Văn Lương, Phường Nhân Chính, Thanh Xuân, Hà Nội",8 tỷ,80 m²,3 phòng,2 phòng,,Sổ đỏ/ Sổ hồng,Cơ bản,30/09/2025,10/10/2025,Tin thường,44151140,,,Đông - Nam,Tây - Bắc
"Dự án The Sapphire 2 - Vinhomes Ocean Park, Xã Đa Tốn, Gia Lâm, Hà Nội",14 tỷ,88 m²,,,,Sổ đỏ/ Sổ hồng,,30/09/2025,10/10/2025,Tin thường,43913085,8 m,52 m,Đông - Nam,Đông - Nam
"D’. Le Roi Soleil , 59, Đường Xuân Diệu, Phường Quảng An, Tây Hồ, Hà Nội",Thỏa thuận,146 m²,3 phòng,3 phòng,,Sổ đỏ/ Sổ hồng,,20/10/2025,04/11/2025,Tin thường,41857504,,,,
"Dự án Vinhomes Ocean Park Gia Lâm, Xã Dương Xá, Gia Lâm, Hà Nội","4,8 tỷ",80 m²,3 phòng,2 phòng,,Sổ đỏ/ Sổ hồng,Đầy đủ,30/09/2025,10/10/2025,Tin thường,44151130,,,,
"Dự án Căn hộ Thông tấn xã, Đường Nguyễn Xiển, Phường Đại Kim, Hoàng Mai, Hà Nội","5,88 tỷ",81 m²,2 phòng,2 phòng,,Sổ đỏ/ Sổ hồng,Đầy đủ.,30/09/2025,10/10/2025,Tin thường,44151126,,,Tây - Bắc,Đông - Nam
"Dự án Jade Square, Đường Nguyễn Đình Tứ, Phường Xuân Đỉnh, Bắc Từ Liêm, Hà Nội",Thỏa thuận,75 m²,2 phòng,2 phòng,,,,30/09/2025,30/10/2025,Tin thường,44151122,,,,
"Dự án KĐTM Dương Nội, Đường Tố Hữu, Phường Dương Nội, Hà Đông, Hà Nội","52,5 tỷ",140 m²,,,4 tầng,Sổ đỏ/ Sổ hồng,,30/09/2025,30/10/2025,Tin thường,44151120,9 m,,,
"Hà Nội Aqua Central, 44, Đường Yên Phụ, Phường Trúc Bạch, Ba Đình, Hà Nội",Thỏa thuận,120 m²,3 phòng,2 phòng,,Sổ đỏ/ Sổ hồng,Đầy đủ,12/10/2025,22/10/2025,Tin thường,41278200,,,,
"Đường Trích Sài, Phường Bưởi, Tây Hồ, Hà Nội",26 tỷ,110 m²,,,8 tầng,Sổ đỏ/ Sổ hồng,Full nội thất.,30/09/2025,10/10/2025,Tin thường,44151118,,,,
"Đường Xuân Thủy, Phường Dịch Vọng Hậu, Cầu Giấy, Hà Nội",20 tỷ,80 m²,6 phòng,6 phòng,4 tầng,Sổ đỏ/ Sổ hồng,,30/09/2025,10/10/2025,Tin thường,43213230,"5,04 m",,,
"Ruby Park, Phúc Lợi, Phúc Lợi, Long Biên, Hà Nội","4,1 tỷ",68 m²,2 phòng,2 phòng,,Sổ đỏ/ Sổ hồng,,01/10/2025,11/10/2025,Tin thường,44160532,,,Đông - Nam,
"Dự án Jade Square, Đường Nguyễn Đình Tứ, Phường Xuân Đỉnh, Bắc Từ Liêm, Hà Nội","16,3 tỷ",154 m²,4 phòng,3 phòng,,Sổ đỏ/ Sổ hồng,Đầy đủ,16/10/2025,31/10/2025,Tin thường,44138607,,,Nam,Bắc
"Dự án The Sapphire-Vinhomes Smart City, Phường Tây Mỗ, Nam Từ Liêm, Hà Nội","2,3 tỷ",30 m²,1 phòng,1 phòng,,Sổ đỏ/ Sổ hồng,,01/10/2025,16/10/2025,Tin thường,44160036,,,,
"Dự án Sun Feliza Suites, Đường Phạm Hùng, Phường Dịch Vọng Hậu, Cầu Giấy, Hà Nội",Thỏa thuận,70 m²,2 phòng,,,Sổ đỏ/ Sổ hồng,,01/10/2025,08/10/2025,Tin thường,44159801,,,,
"Dự án Lumière Orient Pearl, Đường Lý Thánh Tông, Thị trấn Trâu Quỳ, Gia Lâm, Hà Nội","2,7 tỷ",30 m²,1 phòng,1 phòng,,,,13/10/2025,20/10/2025,Tin thường,44120904,,,,
"Vinhomes Ocean Park Gia Lâm, Dương Xá, Gia Lâm, Hà Nội","12,65 tỷ",75 m²,1 phòng,1 phòng,1 tầng,Sổ đỏ/ Sổ hồng,Không nội thất,13/10/2025,23/10/2025,Tin thường,44012271,10 m,30 m,,Đông - Bắc
"Tháp đôi Kepler Land, Mỗ Lao, Hà Đông, Hà Nội","4,6 tỷ","45,6 m²",1 phòng,,,Hợp đồng mua bán.,"Đầy đủ. Hoàn thiện full nội thất liền tường cao cấp (trừ giường tủ quần áo, bàn ăn).",14/10/2025,29/10/2025,Tin thường,43943731,,,,
"Dự án Vinhomes Global Gate, Đường Cổ Loa, Xã Đông Hội, Đông Anh, Hà Nội",39 tỷ,115 m²,5 phòng,4 phòng,5 tầng,Hợp đồng mua bán,Không nội thất,22/10/2025,29/10/2025,Tin VIP Kim Cương,43987574,8 m,17 m,Tây - Bắc,Đông - Bắc
"Dự án Ruby Park, Đường Phúc Lợi, Phường Phúc Lợi, Long Biên, Hà Nội","4,18 tỷ","68,4 m²",2 phòng,2 phòng,,Hợp đồng mua bán,Cơ bản,01/10/2025,08/10/2025,Tin thường,44159071,,,Đông - Nam,Tây - Bắc
"Dự án Vinhomes Global Gate, Đường Cổ Loa, Xã Đông Hội, Đông Anh, Hà Nội",19 tỷ,63 m²,5 phòng,4 phòng,5 tầng,Hợp đồng mua bán,Không nội thất,22/10/2025,29/10/2025,Tin VIP Kim Cương,43748294,5 m,13 m,Đông - Nam,Đông - Bắc
"Đường Nguyễn Ngọc Nại, Phường Khương Mai, Thanh Xuân, Hà Nội",45 tỷ,150 m²,,,9 tầng,,"Thang máy xịn, đầy đủ điều hòa âm trần, hệ thống PCCC tiêu chuẩn.",21/10/2025,05/11/2025,Tin thường,43112072,,,,
"Đường Ngọc Thụy, Phường Ngọc Thụy, Long Biên, Hà Nội",6 tỷ,"36,5 m²",3 phòng,4 phòng,5 tầng,Sổ đỏ/ Sổ hồng.,Nội thất đầy đủ.,17/10/2025,01/11/2025,Tin thường,44034985,"4,2 m",,,
"Đường Nguyễn Sơn, Phường Bồ Đề, Long Biên, Hà Nội","14,9 tỷ",45 m²,6 phòng,5 phòng,6 tầng,Sổ đỏ/ Sổ hồng,Đầy đủ,29/09/2025,09/10/2025,Tin thường,44140133,4 m,5 m,Nam,Đông - Nam
"Phố Đỗ Quang, Phường Trung Hòa, Cầu Giấy, Hà Nội",55 tỷ,60 m²,,,8 tầng,,,21/10/2025,05/11/2025,Tin thường,43795457,,,,
"Đường ĐT 87, xóm Muỗi, Xã Yên Bài, Ba Vì, Hà Nội",Thỏa thuận,400 m²,4 phòng,1 phòng,1 tầng,Sổ đỏ/ Sổ hồng,Đầy đủ,15/10/2025,30/10/2025,Tin thường,44001149,22 m,6 m,,
"Đường Nguyễn Khang, Phường Yên Hòa, Cầu Giấy, Hà Nội",230 tỷ,280 m²,,,8 tầng,Sổ đỏ/ Sổ hồng,Đầy đủ,01/10/2025,11/10/2025,Tin thường,44069955,"9,5 m",,,
"Phố Phùng Chí Kiên, Phường Nghĩa Đô, Cầu Giấy, Hà Nội",8 tỷ,40 m²,4 phòng,3 phòng,4 tầng,Sổ đỏ/ Sổ hồng,Đầy đủ,01/10/2025,11/10/2025,Tin thường,43902856,,,,
"Phố Phùng Hưng, Phường Kiến Hưng, Hà Đông, Hà Nội",48 tỷ,160 m²,8 phòng,9 phòng,7 tầng,Sổ đỏ/ Sổ hồng,,14/10/2025,24/10/2025,Tin thường,44158552,"7,5 m",40 m,,
"Masteri West Heights, Tây Mỗ, Nam Từ Liêm, Hà Nội","5,9 tỷ",64 m²,2 phòng,2 phòng,,Sổ đỏ/ Sổ hồng,Đầy đủ,01/10/2025,11/10/2025,Tin thường,43951849,,,,
,,,,,,,,,,,,,,,
"Thị trấn Vân Đình, Ứng Hòa, Hà Nội","1,8 tỷ",112 m²,,,,Có,,18/10/2025,02/11/2025,Tin thường,44132062,,,,
"Đường Kim Giang, Phường Đại Kim, Hoàng Mai, Hà Nội","13,2 tỷ",46 m²,4 phòng,4 phòng,4 tầng,Sổ đỏ/ Sổ hồng,Đầy đủ,28/09/2025,08/10/2025,Tin thường,44132059,4 m,5 m,,
"Đường Phúc Xá, Phường Phúc Xá, Ba Đình, Hà Nội","8,3 tỷ",47 m²,3 phòng,4 phòng,4 tầng,Sổ đỏ/ Sổ hồng,,28/09/2025,28/10/2025,Tin thường,44132058,"5,3 m",,,
"Dự án Hà Nội Paragon, Phường Dịch Vọng Hậu, Cầu Giấy, Hà Nội","8,45 tỷ",107 m²,3 phòng,2 phòng,,Sổ đỏ/ Sổ hồng,Đầy đủ,17/10/2025,01/11/2025,Tin thường,43294786,,,,
"Đường Trịnh Văn Bô, Phường Phương Canh, Nam Từ Liêm, Hà Nội","6,35 tỷ",35 m²,,,,,Cơ bản,22/09/2025,02/10/2025,Tin thường,44077378,,,,
"Đường Nguyễn Công Hoan, Phường Ngọc Khánh, Ba Đình, Hà Nội","16,2 tỷ",40 m²,,,,Sổ đỏ/ Sổ hồng,Đầy đủ,14/10/2025,24/10/2025,Tin thường,44132056,"3,7 m",20 m,,
"Đường Phú Diễn, Phường Phú Diễn, Bắc Từ Liêm, Hà Nội","10,2 tỷ",60 m²,,,,,Cơ bản,09/10/2025,19/10/2025,Tin thường,44115611,,,,Bắc
"Đường Xuân Phương, Phường Xuân Phương, Nam Từ Liêm, Hà Nội",20 tỷ,70 m²,4 phòng,4 phòng,4 tầng,Sổ đỏ/ Sổ hồng,Đầy đủ,18/10/2025,02/11/2025,Tin thường,44132054,,8 m,,
"Xã Di Trạch, Hoài Đức, Hà Nội","6,65 tỷ",45 m²,,,,,Cơ bản,22/09/2025,22/10/2025,Tin thường,44076134,,,,
"đường Mỹ Đình, Phường Mỹ Đình 1, Nam Từ Liêm, Hà Nội","9,5 tỷ",40 m²,,,,Sổ đỏ/ Sổ hồng,Đầy đủ,28/09/2025,08/10/2025,Tin thường,44132052,,,,
"Đường Hàm Nghi, Phường Mỹ Đình 1, Nam Từ Liêm, Hà Nội","14,5 tỷ",37 m²,4 phòng,7 phòng,8 tầng,Sổ đỏ/ Sổ hồng,Cơ bản,29/09/2025,09/10/2025,Tin thường,44141404,"3,5 m",4 m,,
"Thôn Đồng, Nguyên Khê, Đông Anh, Hà Nội",72 triệu/m²,149 m²,,,,Sổ đỏ/ Sổ hồng,,29/09/2025,09/10/2025,Tin thường,44141403,5 m,5 m,,Đông - Nam
"Đường Ngọc Lâm, Phường Bồ Đề, Long Biên, Hà Nội",6 tỷ,32 m²,3 phòng,3 phòng,4 tầng,Sổ đỏ/ Sổ hồng,Cơ bản,29/09/2025,09/10/2025,Tin thường,44057783,,,,
"Phố Xã Đàn, Phường Ô Chợ Dừa, Đống Đa, Hà Nội",Thỏa thuận,20 m²,,,5 tầng,Sổ đỏ/ Sổ hồng,Đầy đủ,18/09/2025,18/10/2025,Tin thường,44043694,,,,
"Đường Thụy Khuê, Phường Thụy Khuê, Tây Hồ, Hà Nội",14 tỷ,69 m²,2 phòng,2 phòng,3 tầng,Sổ đỏ/ Sổ hồng,Đầy đủ,18/09/2025,18/10/2025,Tin thường,42976915,5 m,,,
"Thôn Đình Trung, Xã Xuân Nộn, Đông Anh, Hà Nội","6,8 tỷ",99 m²,,,,Sổ đỏ/ Sổ hồng,,11/10/2025,26/10/2025,Tin thường,43537092,"4,5 m",,,
"Grandeur Palace, 138B, Phố Giảng Võ, Phường Kim Mã, Ba Đình, Hà Nội",Thỏa thuận,153 m²,3 phòng,3 phòng,,Sổ đỏ/ Sổ hồng,Cơ bản,27/09/2025,12/10/2025,Tin thường,39496587,,,Đông - Nam,Đông - Nam
"Đường Xã Đàn, Phường Ô Chợ Dừa, Đống Đa, Hà Nội",4 tỷ,18 m²,,,4 tầng,Sổ đỏ,Đầy đủ,19/09/2025,19/10/2025,Tin thường,43397906,,4 m,,
"Tổ 9, Thị trấn Quang Minh, Mê Linh, Hà Nội",63 triệu/m²,100 m²,,,,Sổ đỏ/ Sổ hồng,,29/09/2025,09/10/2025,Tin thường,44140720,,6 m,,
"Dự án Galia Hanoi, Phường Yên Sở, Hoàng Mai, Hà Nội",Thỏa thuận,46 m²,1 phòng,1 phòng,,Hợp đồng mua bán,,29/09/2025,09/10/2025,Tin thường,42977664,,,,Đông - Nam
"Thôn Đồng Lạc, Xã Tiên Dược, Sóc Sơn, Hà Nội","1,75 tỷ",65 m²,,,,Sổ đỏ/ Sổ hồng,,20/10/2025,04/11/2025,Tin thường,44105882,"5,2 m",5 m,,
"Dự án Vinhomes Symphony Riverside, Phường Việt Hưng, Long Biên, Hà Nội","11,5 tỷ",90 m²,,,,Sổ đỏ/ Sổ hồng,Cơ bản,25/09/2025,05/10/2025,Tin thường,43794063,,,,Tây - Bắc
"Đường Trường Lâm, Phường Việt Hưng, Long Biên, Hà Nội",18 tỷ,185 m²,,,,Sổ đỏ/ Sổ hồng,,25/09/2025,05/10/2025,Tin thường,44106234,4 m,5 m,,Nam
"Đường Yên Lãng, Phường Thịnh Quang, Đống Đa, Hà Nội",41 tỷ,88 m²,5 phòng,5 phòng,5 tầng,Sổ đỏ/ Sổ hồng,,25/09/2025,10/10/2025,Tin thường,44106422,"6,8 m",,,
"Dự án Hapulico Complex, Đường Nguyễn Huy Tưởng, Phường Thanh Xuân Trung, Thanh Xuân, Hà Nội",Thỏa thuận,109 m²,3 phòng,2 phòng,,Sổ đỏ/ Sổ hồng,Đầy đủ,09/10/2025,19/10/2025,Tin thường,43623272,,,Đông - Nam,Tây - Bắc
"Đường Quốc lộ 3, Xã Trung Giã, Sóc Sơn, Hà Nội","17,5 tỷ",200 m²,5 phòng,5 phòng,5 tầng,Sổ đỏ/ Sổ hồng,Đầy đủ,25/09/2025,05/10/2025,Tin thường,43984240,7 m,40 m,Đông - Nam,
"Dự án VP3 Linh Đàm, Đường Nguyễn Duy Trinh, Phường Hoàng Liệt, Hoàng Mai, Hà Nội","6,5 tỷ",93 m²,3 phòng,2 phòng,,Sổ đỏ/ Sổ hồng,Đầy đủ,25/09/2025,05/10/2025,Tin thường,44106416,,,Đông - Bắc,Đông - Nam
"Phố Hòa Mã, Phường Ngô Thì Nhậm, Hai Bà Trưng, Hà Nội","83,5 tỷ",103 m²,6 phòng,5 phòng,6 tầng,Sổ đỏ/ Sổ hồng,Cơ bản,25/09/2025,05/10/2025,Tin thường,44106414,5 m,8 m,,
"Đường Hoàng Tăng Bí, Phường Đông Ngạc, Bắc Từ Liêm, Hà Nội","5,5 tỷ",30 m²,,,,,,25/09/2025,05/10/2025,Tin thường,44106412,,,,
"Xã Phú Cát, Quốc Oai, Hà Nội",Thỏa thuận,100 m²,,,,,,25/09/2025,05/10/2025,Tin thường,43833315,,,,
"Dự án Le Grand Jardin Sài Đồng, Đường Huỳnh Văn Nghệ, Phường Sài Đồng, Long Biên, Hà Nội","5,5 tỷ",82 m²,2 phòng,2 phòng,,Sổ đỏ/ Sổ hồng,Đầy đủ.,23/09/2025,03/10/2025,Tin thường,43557037,,,Đông - Nam,
"Khai Sơn City, Phường Thượng Thanh, Quận Long Biên, Hà Nội","7,8 tỷ",101 m²,3 phòng,2 phòng,,Sổ đỏ/ Sổ hồng,Đầy đủ,23/09/2025,08/10/2025,Tin thường,44089072,,,Đông - Nam,
"Mulberry Lane, Mỗ Lao, Hà Đông, Hà Nội","8,8 tỷ",116 m²,3 phòng,2 phòng,,Sổ đỏ/ Sổ hồng,Đầy đủ,23/09/2025,03/10/2025,Tin thường,44084779,,,,
"đường Mỹ Đình, Phường Mỹ Đình 2, Nam Từ Liêm, Hà Nội","7,5 tỷ",38 m²,,,,Sổ đỏ/ Sổ hồng,Đầy đủ,23/09/2025,03/10/2025,Tin thường,44089069,,,,
"Phường Cầu Diễn, Nam Từ Liêm, Hà Nội",21 tỷ,56 m²,5 phòng,5 phòng,5 tầng,Sổ đỏ/ Sổ hồng,,23/09/2025,03/10/2025,Tin thường,43907974,"5,5 m",8 m,,
"Đường Ngô Thì Sỹ, Phường Vạn Phúc, Hà Đông, Hà Nội",11 tỷ,45 m²,6 phòng,5 phòng,5 tầng,Sổ đỏ/ Sổ hồng,Đầy đủ,23/09/2025,03/10/2025,Tin thường,44089062,,13 m,,
"Đan Phượng, Đan Phượng, Hà Nội",Thỏa thuận,40 m²,,,,Sổ đỏ/ Sổ hồng,,23/09/2025,03/10/2025,Tin thường,44089056,,,,
"Dự án Louis City Hoàng Mai, Đường Tân Mai, Phường Hoàng Văn Thụ, Hoàng Mai, Hà Nội",24 tỷ,"93,8 m²",,,,Sổ đỏ/ Sổ hồng.,,23/09/2025,03/10/2025,Tin thường,44089054,5 m,,,
"Đường Văn Cao, Phường Liễu Giai, Ba Đình, Hà Nội",85 tỷ,109 m²,,,10 tầng,Sổ đỏ/ Sổ hồng,Đầy đủ,23/09/2025,03/10/2025,Tin thường,42767908,"6,6 m",30 m,,
"Dự án Chelsea Residences, Đường Trần Kim Xuyến, Phường Yên Hòa, Cầu Giấy, Hà Nội","10,5 tỷ",100 m²,3 phòng,2 phòng,,Sổ đỏ/ Sổ hồng,Đầy đủ,08/10/2025,23/10/2025,Tin thường,39661319,,,Đông - Nam,Tây - Bắc
"Phố Trần Cung, Phường Nghĩa Đô, Cầu Giấy, Hà Nội","12,3 tỷ",56 m²,,,,Sổ đỏ/ Sổ hồng,,30/09/2025,10/10/2025,Tin thường,44150313,4 m,4 m,,
"Đường Giáp Nhị, Phường Thịnh Liệt, Hoàng Mai, Hà Nội","6,8 tỷ",30 m²,3 phòng,3 phòng,5 tầng,Sổ đỏ/ Sổ hồng,Cơ bản,29/09/2025,09/10/2025,Tin thường,44142489,,"3,5 m",,
"Dự án Vinhomes Smart City , Đường Đại lộ Thăng Long, Phường Tây Mỗ, Nam Từ Liêm, Hà Nội","3,52 tỷ","40,6 m²",,,1 tầng,Sổ đỏ/ Sổ hồng,Đầy đủ,10/10/2025,09/11/2025,Tin thường,44151115,5 m,40 m,Tây - Nam,Tây - Nam
"Đường Kim Ngưu, Phường Minh Khai, Hai Bà Trưng, Hà Nội","7,7 tỷ","48,5 m²",3 phòng,3 phòng,4 tầng,Sổ đỏ/ Sổ hồng,Đầy đủ,30/09/2025,30/10/2025,Tin thường,44151114,"4,1 m",,,
"Phố Tôn Đức Thắng, Phường Hàng Bột, Đống Đa, Hà Nội","26,8 tỷ",83 m²,4 phòng,3 phòng,4 tầng,Sổ đỏ/ Sổ hồng,,30/09/2025,10/10/2025,Tin thường,43613960,"7,4 m",4 m,,
"Phố Lò Đúc, Phường Phạm Đình Hổ, Hai Bà Trưng, Hà Nội",30 tỷ,40 m²,1 phòng,1 phòng,1 tầng,Sổ đỏ/ Sổ hồng,,30/09/2025,10/10/2025,Tin thường,44151101,5 m,20 m,Đông,Đông
"Đường Thạch Bàn, Phường Thạch Bàn, Long Biên, Hà Nội",14 tỷ,35 m²,,,,Sổ đỏ/ Sổ hồng,,11/10/2025,21/10/2025,Tin thường,43648044,6 m,12 m,,Tây - Bắc
"Đường Nguyên Hồng, Phường Láng Hạ, Đống Đa, Hà Nội","53,5 tỷ",80 m²,6 phòng,,6 tầng,Sổ đỏ/ Sổ hồng,Đầy đủ,26/09/2025,06/10/2025,Tin thường,44113295,17 m,,,
"Phố Mai Anh Tuấn, Phường Láng Hạ, Đống Đa, Hà Nội",22 tỷ,95 m²,10 phòng,,4 tầng,Sổ đỏ/ Sổ hồng,,30/09/2025,10/10/2025,Tin thường,40622817,9 m,3 m,,
"Đường Hoàng Ngân, Phường Trung Hòa, Cầu Giấy, Hà Nội",40 tỷ,90 m²,9 phòng,11 phòng,9 tầng,Sổ đỏ/ Sổ hồng,Đầy đủ,30/09/2025,10/10/2025,Tin thường,44151103,5 m,50 m,,
"Phố Pháo Đài Láng, Phường Láng Thượng, Đống Đa, Hà Nội","8,75 tỷ",35 m²,4 phòng,,6 tầng,Sổ đỏ/ Sổ hồng,Đầy đủ,26/09/2025,06/10/2025,Tin thường,44121853,,,,
"Dự án Vinhomes Ocean Park Gia Lâm, Đường Sao Biển 10, Xã Dương Xá, Gia Lâm, Hà Nội",29 tỷ,150 m²,5 phòng,4 phòng,4 tầng,Sổ đỏ/ Sổ hồng,Nội thất cơ bản.,14/10/2025,24/10/2025,Tin thường,43322601,9 m,30 m,Đông - Nam,Đông - Nam
"Dự án Vinhomes Ocean Park Gia Lâm, Đường Hải Âu 02, Xã Dương Xá, Gia Lâm, Hà Nội","18,5 tỷ",90 m²,5 phòng,4 phòng,4 tầng,Sổ đỏ/ Sổ hồng,Nội thất cơ bản.,14/10/2025,24/10/2025,Tin thường,44121848,"7,5 m",30 m,Nam,Tây - Bắc
"Đường Đức Diễn, Phường Phú Diễn, Bắc Từ Liêm, Hà Nội","9,6 tỷ",58 m²,,,,Sổ đỏ/ Sổ hồng,,26/09/2025,06/10/2025,Tin thường,44121843,"5,1 m",4 m,,
"Khu đô thị Nam Thăng Long - Ciputra, Phú Thượng, Tây Hồ, Hà Nội","16,5 tỷ",148 m²,4 phòng,4 phòng,,Sổ đỏ/ Sổ hồng,Đầy đủ,18/10/2025,02/11/2025,Tin thường,42825222,,,Đông - Nam,Tây - Bắc
"N01-T5 Ngoại Giao Đoàn, Phường Xuân Tảo, Bắc Từ Liêm, Hà Nội","13,8 tỷ",122 m²,3 phòng,2 phòng,,Sổ đỏ/ Sổ hồng,Đầy đủ,26/09/2025,11/10/2025,Tin thường,44121840,,,Nam,Đông
"Đường Cổ Dương, Xã Tiên Dương, Đông Anh, Hà Nội","5,3 tỷ","85,4 m²",3 phòng,2 phòng,2 tầng,Sổ đỏ/ Sổ hồng.,Chủ bán để lại đồ đạc gắn trên tường.,22/10/2025,06/11/2025,Tin thường,44030346,"5,3 m",3 m,,Đông - Bắc
"Đường Ngũ Nhạc, Phường Lĩnh Nam, Hoàng Mai, Hà Nội",7 tỷ,36 m²,3 phòng,3 phòng,5 tầng,Sổ đỏ/ Sổ hồng,Đầy đủ,26/09/2025,26/10/2025,Tin thường,44120107,,,,
"Xã Tiên Dương, Đông Anh, Hà Nội","4,6 tỷ","84,7 m²",,,,Sổ đỏ/ Sổ hồng,,18/10/2025,02/11/2025,Tin thường,44021432,"4,1 m","2,6 m",,Tây - Bắc
"Dự án Vinhomes Ocean Park Gia Lâm, Xã Dương Xá, Gia Lâm, Hà Nội","23,9 tỷ",114 m²,5 phòng,4 phòng,4 tầng,Sổ đỏ/ Sổ hồng,Nội thất cơ bản.,14/10/2025,24/10/2025,Tin thường,44121834,9 m,20 m,Tây - Bắc,Tây - Bắc
"Dự án Heritage West Lake, Đường Lạc Long Quân, Phường Phú Thượng, Tây Hồ, Hà Nội",Thỏa thuận,180 m²,4 phòng,4 phòng,,Hợp đồng mua bán,Đầy đủ,18/10/2025,25/10/2025,Tin VIP Kim Cương,42291037,,,Đông - Nam,
"Imperial Plaza, Giải Phóng, Phương Liệt, Thanh Xuân, Hà Nội","6,5 tỷ","72,9 m²",2 phòng,2 phòng,,Hợp đồng mua bán,,01/10/2025,08/10/2025,Tin thường,44029314,,,,
"Dự án Vinhomes Ocean Park Gia Lâm, Xã Dương Xá, Gia Lâm, Hà Nội","3,65 tỷ",59 m²,2 phòng,1 phòng,,Sổ đỏ/ Sổ hồng.,,08/10/2025,23/10/2025,Tin VIP Kim Cương,42207226,,,,
"Dự án The Sapphire-Vinhomes Smart City, Phường Tây Mỗ, Nam Từ Liêm, Hà Nội",4 tỷ,61 m²,2 phòng,2 phòng,,Sổ đỏ/ Sổ hồng,Đầy đủ,12/10/2025,27/10/2025,Tin VIP Kim Cương,43768302,,,Đông - Nam,Tây - Bắc
"Viha Complex, 107, Đường Nguyễn Tuân, Phường Thanh Xuân Trung, Thanh Xuân, Hà Nội",Thỏa thuận,72 m²,3 phòng,2 phòng,,Sổ đỏ/ Sổ hồng,Đầy đủ nội thất tiêu chuẩn bàn giao quốc tế 5*.,16/10/2025,23/10/2025,Tin VIP Kim Cương,39187138,,,Đông - Nam,Tây - Bắc
"Imperial Plaza, Số 360, Đường Giải Phóng, Phường Phương Liệt, Thanh Xuân, Hà Nội","8,5 tỷ","100,7 m²",3 phòng,2 phòng,,Hợp đồng mua bán,Đầy đủ,26/09/2025,06/10/2025,Tin thường,44121100,,,Đông - Nam,Tây - Bắc
"Dự án Vinhomes Global Gate, Đường Cổ Loa, Xã Đông Hội, Đông Anh, Hà Nội",19 tỷ,63 m²,4 phòng,4 phòng,5 tầng,Hợp đồng mua bán,Không nội thất,01/10/2025,08/10/2025,Tin thường,44157141,5 m,13 m,Tây - Bắc,Đông - Nam
"Heritage West Lake, 677, Đường Lạc Long Quân, Phường Phú Thượng, Tây Hồ, Hà Nội",26 tỷ,180 m²,4 phòng,2 phòng,,Sổ đỏ,Full nội thất gắn tường cao cấp.,10/10/2025,17/10/2025,Tin thường,43270268,,,Đông - Nam,
"Vinhomes Ocean Park Gia Lâm, Dương Xá, Gia Lâm, Hà Nội","21,8 tỷ",70 m²,,,,,,16/10/2025,23/10/2025,Tin VIP Kim Cương,44156895,,,,
"Dự án Ruby Park, Đường Phúc Lợi, Phường Phúc Lợi, Long Biên, Hà Nội",65 triệu/m²,74 m²,2 phòng,2 phòng,,Sổ đỏ/ Sổ hồng,Cơ bản,04/10/2025,14/10/2025,Tin thường,44128700,,,,Đông - Nam
"An Bình City, Cổ Nhuế 1, Bắc Từ Liêm, Hà Nội",8 tỷ,90 m²,3 phòng,2 phòng,,Sổ đỏ/ Sổ hồng,Đầy đủ,23/09/2025,08/10/2025,Tin thường,44089044,,,Đông - Nam,Bắc
"Phường Xuân La, Tây Hồ, Hà Nội",61 tỷ,245 m²,,,3 tầng,Sổ đỏ/ Sổ hồng,Đầy đủ,23/09/2025,03/10/2025,Tin thường,43534191,10 m,,,
"Đường Ngọc Thụy, Phường Ngọc Thụy, Long Biên, Hà Nội","16,5 tỷ",75 m²,4 phòng,4 phòng,4 tầng,Sổ đỏ/ Sổ hồng,Đầy đủ,23/09/2025,03/10/2025,Tin thường,44089036,"4,5 m",5 m,,
"Dự án Vinhomes D'Capitale, Đường Trần Duy Hưng, Phường Trung Hòa, Cầu Giấy, Hà Nội","14,5 tỷ",84 m²,,,,Sổ đỏ/ Sổ hồng,Cơ bản,23/09/2025,23/10/2025,Tin thường,44089030,8 m,,,
"Dự án Chelsea Residences, Đường Trần Kim Xuyến, Phường Yên Hòa, Cầu Giấy, Hà Nội",13 tỷ,120 m²,3 phòng,2 phòng,,Sổ đỏ/ Sổ hồng,Đầy đủ,08/10/2025,23/10/2025,Tin thường,42343619,,,Đông - Nam,Tây - Bắc
"Phường Mỹ Đình 2, Nam Từ Liêm, Hà Nội",52 tỷ,130 m²,,,7 tầng,Sổ đỏ/ Sổ hồng,Đầy đủ.,23/09/2025,03/10/2025,Tin thường,43371453,6 m,,,
"Đường Nguyễn Trãi, Phường Hạ Đình, Thanh Xuân, Hà Nội","21,2 tỷ",56 m²,6 phòng,4 phòng,5 tầng,Sổ đỏ/ Sổ hồng,Cơ bản,18/10/2025,02/11/2025,Tin thường,43903286,"4,5 m",,,
,,,,,,,,,,,,,,,
"CT36 - Dream Home, Nguyễn Cảnh Dị, Định Công, Hoàng Mai, Hà Nội","4,75 tỷ",54 m²,2 phòng,2 phòng,,Sổ đỏ/ Sổ hồng,Đầy đủ,23/09/2025,03/10/2025,Tin thường,44088993,,,,
"Đường Chu Văn An, Phường Điện Biên, Ba Đình, Hà Nội",375 tỷ,812 m²,,,2 tầng,Sổ đỏ/ Sổ hồng,,15/10/2025,25/10/2025,Tin thường,42064461,16 m,,,
"Đường Trần Phú, Phường Điện Biên, Ba Đình, Hà Nội",28 tỷ,64 m²,4 phòng,3 phòng,4 tầng,Sổ đỏ/ Sổ hồng,Đầy đủ,25/09/2025,10/10/2025,Tin thường,44106183,4 m,3 m,,
"Đường Võ Chí Công, Phường Nghĩa Đô, Cầu Giấy, Hà Nội","8,25 tỷ",35 m²,3 phòng,4 phòng,5 tầng,Sổ đỏ/ Sổ hồng,Đầy đủ,25/09/2025,05/10/2025,Tin thường,44106338,,,,
"Đường Bắc Sơn, Thị trấn Chúc Sơn, Chương Mỹ, Hà Nội","12,8 tỷ",67 m²,,,2 tầng,Sổ đỏ.,,25/09/2025,05/10/2025,Tin thường,44102903,"4,5 m",,,
"Dự án Chung cư C1 Thành Công, Phường Thành Công, Ba Đình, Hà Nội","9,75 tỷ","161,2 m²",4 phòng,3 phòng,,Sổ đỏ/ Sổ hồng,Cơ bản,25/09/2025,05/10/2025,Tin thường,43838926,,,Bắc,Nam
"Đường Lai Xá, Xã Kim Chung, Hoài Đức, Hà Nội","4,35 tỷ",32 m²,4 phòng,3 phòng,5 tầng,Sổ đỏ/ Sổ hồng,,20/10/2025,04/11/2025,Tin thường,43721474,,,,
"Khu nhà ở xã Tân Lập - Cienco 5, Tân Lập, Đan Phượng, Hà Nội","10,6 tỷ","62,7 m²",,,,Sổ đỏ/ Sổ hồng,,25/09/2025,05/10/2025,Tin thường,44106372,5 m,"13,5 m",,Tây - Nam
"TMC Smart Home, Đường Nguyễn Đình Tứ, Phường Xuân Đỉnh, Bắc Từ Liêm, Hà Nội","7,2 tỷ","71,1 m²",2 phòng,2 phòng,,Sổ đỏ/ Sổ hồng,Cơ bản,25/09/2025,25/10/2025,Tin thường,44106383,,,Bắc,Nam
"Đường Lương Quy, Xã Xuân Nộn, Đông Anh, Hà Nội",75 triệu/m²,"86,6 m²",,,,Sổ đỏ/ Sổ hồng,,25/09/2025,10/10/2025,Tin thường,44105761,5 m,8 m,,Bắc
"Dự án Hemisco Xa La, Đường Xa La, Phường Phúc La, Hà Đông, Hà Nội",Thỏa thuận,89 m²,3 phòng,2 phòng,,Sổ đỏ/ Sổ hồng.,Đầy đủ.,10/10/2025,20/10/2025,Tin thường,43997424,,,Đông - Bắc,Tây - Nam
"Mỹ Sơn Tower, 62, Đường Nguyễn Huy Tưởng, Phường Thanh Xuân Trung, Thanh Xuân, Hà Nội","5,2 tỷ",111 m²,3 phòng,2 phòng,,Hợp đồng mua bán,Đầy đủ,25/09/2025,05/10/2025,Tin thường,43722179,,,Đông - Nam,Tây - Bắc
"Dự án Viha Complex, Đường Nguyễn Tuân, Phường Thanh Xuân Trung, Thanh Xuân, Hà Nội",99 triệu/m²,97 m²,3 phòng,3 phòng,,Sổ đỏ/ Sổ hồng,Đầy đủ,21/10/2025,05/11/2025,Tin thường,41737354,,,Đông - Nam,Tây - Bắc
"Đường Lê Quang Đạo, Phường Phú Đô, Nam Từ Liêm, Hà Nội","7,15 tỷ",38 m²,3 phòng,4 phòng,5 tầng,Sổ đỏ/ Sổ hồng,,22/09/2025,02/10/2025,Tin thường,43581370,"5,6 m",,,
"Đường Yên Lãng, Phường Thịnh Quang, Đống Đa, Hà Nội","15,5 tỷ",56 m²,8 phòng,9 phòng,6 tầng,Sổ đỏ/ Sổ hồng,Đầy đủ,29/09/2025,09/10/2025,Tin thường,43821618,4 m,4 m,,
"Solasta Mansion Dương Nội, Tố Hữu, Dương Nội, Hà Đông, Hà Nội",Thỏa thuận,170 m²,,,,Sổ đỏ/ Sổ hồng,,23/09/2025,08/10/2025,Tin thường,44089097,,,,
"Viha Complex, 107, Đường Nguyễn Tuân, Phường Thanh Xuân Trung, Thanh Xuân, Hà Nội",99 triệu/m²,"73,3 m²",2 phòng,2 phòng,,Sổ đỏ/ Sổ hồng,Đầy đủ,21/10/2025,05/11/2025,Tin thường,41738717,,,Đông - Nam,Tây - Bắc
"Văn Tiến Dũng, Phú Diễn, Bắc Từ Liêm, Hà Nội","7,98 tỷ",35 m²,,,4 tầng,,Đầy đủ,28/09/2025,08/10/2025,Tin thường,44133272,,,,
"B.I.G Tower, Đường Phạm Hùng, Phường Mỹ Đình 2, Nam Từ Liêm, Hà Nội","7,5 tỷ",95 m²,3 phòng,2 phòng,,Sổ đỏ/ Sổ hồng,Đầy đủ,29/09/2025,09/10/2025,Tin thường,44141394,,,,
"Dự án Vinhomes Green Bay Mễ Trì, Đường Đại lộ Thăng Long, Phường Mễ Trì, Nam Từ Liêm, Hà Nội",Thỏa thuận,150 m²,5 phòng,,3 tầng,Sổ đỏ/ Sổ hồng,Đầy đủ,21/10/2025,05/11/2025,Tin thường,43964311,,12 m,,Đông - Nam
"Phố Thái Thịnh, Phường Thịnh Quang, Đống Đa, Hà Nội","23,5 tỷ",64 m²,4 phòng,7 phòng,8 tầng,Sổ đỏ/ Sổ hồng,Đầy đủ,27/09/2025,07/10/2025,Tin thường,43718179,4 m,6 m,,
"Phố Vũ Tông Phan, Phường Hạ Đình, Thanh Xuân, Hà Nội","11,3 tỷ",40 m²,5 phòng,3 phòng,5 tầng,Sổ đỏ/ Sổ hồng,Đầy đủ,03/10/2025,13/10/2025,Tin thường,43872518,,15 m,,
"Hà Nội Paragon, 181, Đường Trần Quốc Vượng, Phường Dịch Vọng Hậu, Cầu Giấy, Hà Nội","9,5 tỷ",140 m²,3 phòng,2 phòng,,HĐMB,Đầy đủ,18/10/2025,02/11/2025,Tin thường,43968681,,,,Đông - Nam
"đường Võng Thị, Phường Thụy Khuê, Tây Hồ, Hà Nội","7,9 tỷ",39 m²,,,,Sổ đỏ/ Sổ hồng,Đầy đủ,28/09/2025,08/10/2025,Tin thường,44132043,,,,
"Đường Cầu Giấy, Phường Quan Hoa, Cầu Giấy, Hà Nội","7,7 tỷ",30 m²,,,5 tầng,,,28/09/2025,08/10/2025,Tin thường,44132041,"6,5 m",,,
"Đường Phố Lụa, Phường Vạn Phúc, Hà Đông, Hà Nội","7,25 tỷ",31 m²,3 phòng,3 phòng,5 tầng,Sổ đỏ/ Sổ hồng,Đầy đủ,28/09/2025,28/10/2025,Tin thường,44132038,"3,3 m",2 m,,Tây
"Đường Phú Đô, Phường Phú Đô, Nam Từ Liêm, Hà Nội","11,9 tỷ",50 m²,8 phòng,,,Sổ đỏ/ Sổ hồng,Đầy đủ,28/09/2025,08/10/2025,Tin thường,44132037,,,,
"Dự án Golden Palace, đường Mễ Trì, Phường Mễ Trì, Nam Từ Liêm, Hà Nội",70 triệu/m²,117 m²,3 phòng,2 phòng,,Sổ đỏ/ Sổ hồng,Cơ bản,27/09/2025,07/10/2025,Tin thường,44129484,,,Đông,Tây
"Dự án Home City - Trung Kính Complex, Phố Trung Kính, Phường Yên Hòa, Cầu Giấy, Hà Nội",7 tỷ,71 m²,2 phòng,2 phòng,,Sổ đỏ/ Sổ hồng,Nội thất đầy đủ.,27/09/2025,07/10/2025,Tin thường,44129468,,,Đông - Nam,Tây - Nam
"Dự án Thăng Long Number One, Phường Trung Hòa, Cầu Giấy, Hà Nội",Thỏa thuận,117 m²,3 phòng,2 phòng,,Sổ đỏ/ Sổ hồng,Đầy đủ,21/10/2025,05/11/2025,Tin thường,44129477,,,Đông - Nam,Tây - Bắc
"Dự án Mipec Rubik 360, Đường Xuân Thủy, Phường Dịch Vọng Hậu, Cầu Giấy, Hà Nội","12,5 tỷ",109 m²,3 phòng,2 phòng,,Sổ đỏ/ Sổ hồng,,27/09/2025,07/10/2025,Tin thường,44129438,,,Nam,Bắc
"The Manor - Hà Nội, Mễ Trì, Mỹ Đình 1, Nam Từ Liêm, Hà Nội",Thỏa thuận,380 m²,5 phòng,3 phòng,,Sổ đỏ/ Sổ hồng,Đầy đủ,27/09/2025,07/10/2025,Tin thường,44029839,,,Đông - Nam,Tây - Bắc
"Sài Đồng, Phố Hoàng Thế Thiện, Phường Sài Đồng, Long Biên, Hà Nội",42 tỷ,140 m²,4 phòng,4 phòng,5 tầng,Sổ đỏ/ Sổ hồng,Đầy đủ,22/10/2025,06/11/2025,Tin thường,43832704,"12,5 m",7 m,Đông - Bắc,Đông - Bắc
"Đường Vũ Đức Thận, Phường Việt Hưng, Long Biên, Hà Nội",36 tỷ,64 m²,3 phòng,2 phòng,3 tầng,Sổ đỏ/ Sổ hồng,Cơ bản.,22/10/2025,06/11/2025,Tin thường,43828151,"6,9 m",12 m,Tây,Tây
"Đường Tôn Quang Phiệt, Phường Cổ Nhuế 1, Bắc Từ Liêm, Hà Nội","7,95 tỷ",118 m²,3 phòng,2 phòng,,Sổ đỏ/ Sổ hồng,Đầy đủ,18/10/2025,02/11/2025,Tin thường,44028908,,,,
"Vinhomes Ocean Park Gia Lâm, Dương Xá, Gia Lâm, Hà Nội","3,15 tỷ",47 m²,1 phòng,1 phòng,,Sổ đỏ/ Sổ hồng,Đầy đủ,30/09/2025,10/10/2025,Tin thường,44151099,,,,
"Dự án Goldmark City, Đường Hồ Tùng Mậu, Phường Phú Diễn, Bắc Từ Liêm, Hà Nội","7,5 tỷ",139 m²,3 phòng,2 phòng,,Sổ đỏ/ Sổ hồng,Đầy đủ,26/09/2025,11/10/2025,Tin thường,43078983,,,Đông - Nam,Tây - Bắc
"Phường Thạch Bàn, Long Biên, Hà Nội",12 tỷ,52 m²,,,,Sổ đỏ/ Sổ hồng.,,22/10/2025,06/11/2025,Tin thường,43913229,"5,2 m",7 m,,Tây
"Dự án KĐT Định Công, Đường Trịnh Đình Cửu, Phường Định Công, Hoàng Mai, Hà Nội","5,15 tỷ",72 m²,3 phòng,2 phòng,,Sổ đỏ/ Sổ hồng,Đầy đủ,30/09/2025,10/10/2025,Tin thường,44151094,,,Đông - Bắc,Tây - Nam
"Đường Nguyễn Cảnh Dị, Phường Định Công, Hoàng Mai, Hà Nội","6,98 tỷ",123 m²,3 phòng,2 phòng,,Sổ đỏ/ Sổ hồng,,29/09/2025,09/10/2025,Tin thường,44142441,,,,
"Mỹ Đình, Mỹ Đình 1, Nam Từ Liêm, Hà Nội","9,5 tỷ",50 m²,10 phòng,10 phòng,6 tầng,Sổ đỏ/ Sổ hồng,Đầy đủ,18/10/2025,02/11/2025,Tin thường,43541703,"4,5 m",,Đông - Nam,Đông - Nam
"Xã Tân Tiến, Chương Mỹ, Hà Nội",Thỏa thuận,587 m²,,,3 tầng,,,30/09/2025,10/10/2025,Tin thường,44151092,,"3,5 m",,
"Đường Đại Cồ Việt, Phường Lê Đại Hành, Hai Bà Trưng, Hà Nội",155 tỷ,195 m²,,,9 tầng,Sổ đỏ/Sổ hồng,,01/10/2025,11/10/2025,Tin thường,44000363,7 m,,,
"Đường Cầu Giấy, Phường Mai Dịch, Cầu Giấy, Hà Nội","8,5 tỷ",45 m²,4 phòng,3 phòng,4 tầng,Sổ đỏ/ Sổ hồng,Đầy đủ,27/09/2025,07/10/2025,Tin thường,43429654,"4,5 m",,,
"Phố Hồng Tiến, Phường Bồ Đề, Long Biên, Hà Nội","14,9 tỷ",43 m²,3 phòng,5 phòng,6 tầng,Sổ đỏ/ Sổ hồng,Đầy đủ,17/10/2025,01/11/2025,Tin thường,44100447,5 m,6 m,,
"Đường Võ Thị Sáu, Phường Thanh Nhàn, Hai Bà Trưng, Hà Nội","10,5 tỷ",40 m²,5 phòng,4 phòng,4 tầng,Sổ đỏ/ Sổ hồng,Nội thất mới tinh vào ở luôn.,29/09/2025,09/10/2025,Tin thường,44141106,,3 m,Bắc,
"Dự án Xuân Mai Complex, Đường Tố Hữu, Phường Yên Nghĩa, Hà Đông, Hà Nội",Thỏa thuận,62 m²,2 phòng,2 phòng,,,"- 02 điều hòa. - Sofa. - 02 giường. - 02 tủ quần áo. - Bếp, hút mùi. - Nóng lạnh. - Lọc nước. - Rèm, giàn phơi. - Tủ bếp, thiết bị vệ sinh, hệ thống đèn điện,...",19/10/2025,03/11/2025,Tin thường,38632005,,,,
"Dự án Celestine Westlake, Đường Võ Chí Công, Phường Phú Thượng, Tây Hồ, Hà Nội",Thỏa thuận,"84,6 m²",2 phòng,2 phòng,,,Full nội thất nhập khẩu.,01/10/2025,11/10/2025,Tin thường,44158545,,,,Đông - Nam
"Phố Chùa Láng, Phường Láng Thượng, Đống Đa, Hà Nội","26,8 tỷ",52 m²,,7 phòng,8 tầng,Sổ đỏ/ Sổ hồng,Cơ bản,01/10/2025,11/10/2025,Tin thường,44158542,4 m,,,
"Đường Ngọc Thụy, Phường Ngọc Thụy, Long Biên, Hà Nội",17 tỷ,120 m²,,,,Sổ đỏ/ Sổ hồng,,27/09/2025,07/10/2025,Tin thường,44123340,5 m,"3,5 m",,Đông - Bắc
"Dự án An Khang Villa, Đường Lê Quang Đạo, Phường La Khê, Hà Đông, Hà Nội",450 triệu/m²,250 m²,,,4 tầng,Sổ đỏ/ Sổ hồng,,16/10/2025,31/10/2025,Tin thường,41357705,,40 m,,
"Đường Tô Vĩnh Diện, Phường Khương Trung, Thanh Xuân, Hà Nội","7,8 tỷ","37,3 m²",3 phòng,,5 tầng,,,01/10/2025,16/10/2025,Tin thường,44158538,,,,
"Đường 23B, Xã Vân Nội, Đông Anh, Hà Nội","4,6 tỷ",79 m²,,,,Sổ đỏ/ Sổ hồng,,14/10/2025,29/10/2025,Tin thường,44016356,"4,5 m",3 m,,Đông - Nam
"Dự án Feliz Homes, Phường Hoàng Văn Thụ, Hoàng Mai, Hà Nội","8,3 tỷ",118 m²,3 phòng,2 phòng,,Hợp đồng mua bán,Đầy đủ,19/10/2025,03/11/2025,Tin thường,40059189,,,Tây,Đông
"Đường Xuân La, Phường Xuân La, Tây Hồ, Hà Nội","11,5 tỷ",30 m²,3 phòng,4 phòng,5 tầng,Sổ đỏ/ Sổ hồng,Đầy đủ,07/10/2025,17/10/2025,Tin thường,44121829,"3,52 m",2 m,Đông,Đông
"Đường An Dương, Phường Yên Phụ, Tây Hồ, Hà Nội","6,45 tỷ",35 m²,3 phòng,2 phòng,4 tầng,Sổ đỏ/ Sổ hồng,,07/10/2025,17/10/2025,Tin thường,43705381,,,,
"Đường An Dương, Phường Yên Phụ, Tây Hồ, Hà Nội","8,8 tỷ",40 m²,3 phòng,,5 tầng,Sổ đỏ/ Sổ hồng,Tặng full nội thất.,26/09/2025,06/10/2025,Tin thường,43856141,,,,
"Đường 19/5, Phường Văn Quán, Hà Đông, Hà Nội",7 tỷ,35 m²,4 phòng,4 phòng,5 tầng,Sổ đỏ/ Sổ hồng,Đầy đủ,25/09/2025,25/10/2025,Tin thường,44107845,4 m,4 m,,
"Phường Thụy Khuê, Tây Hồ, Hà Nội","8,3 tỷ",32 m²,6 phòng,,,Sổ đỏ/ Sổ hồng,,07/10/2025,17/10/2025,Tin thường,44121814,,,,
"Đường Khương Trung, Phường Khương Trung, Thanh Xuân, Hà Nội","6,8 tỷ",34 m²,4 phòng,4 phòng,5 tầng,Sổ đỏ/ Sổ hồng,Đầy đủ,26/09/2025,06/10/2025,Tin thường,44121808,,,,
"Đường Nguyễn Khang, Phường Yên Hòa, Cầu Giấy, Hà Nội","69,5 tỷ",79 m²,10 phòng,10 phòng,8 tầng,Sổ đỏ/ Sổ hồng,Đầy đủ,22/09/2025,02/10/2025,Tin thường,44078598,"4,5 m",15 m,,
"Ngọc Thụy, Ngọc Thụy, Long Biên, Hà Nội","20,5 tỷ",90 m²,4 phòng,4 phòng,4 tầng,Sổ đỏ/ Sổ hồng.,"Nội thất cao cấp, điều hòa âm trần.",26/09/2025,06/10/2025,Tin thường,43669080,"8,6 m",7 m,,
"Đường Tỉnh lộ 82, Xã Sơn Đông, Sơn Tây, Hà Nội","1,7 tỷ",100 m²,,,,Sổ đỏ/ Sổ hồng,,12/10/2025,22/10/2025,Tin thường,44156398,6 m,5 m,,Đông
"Dự án The Matrix One, Đường Lê Quang Đạo, Phường Mễ Trì, Nam Từ Liêm, Hà Nội","12,75 tỷ",116 m²,3 phòng,,,,,18/10/2025,02/11/2025,Tin thường,44095676,,,,
"Dự án Kita Capital Ciputra, Phường Phú Thượng, Tây Hồ, Hà Nội",355 triệu/m²,140 m²,,,5 tầng,Sổ đỏ/ Sổ hồng,,18/10/2025,25/10/2025,Tin VIP Kim Cương,43917637,,30 m,,
"Dự án Kita Capital Ciputra, Phường Phú Thượng, Tây Hồ, Hà Nội","49,5 tỷ",140 m²,,,4 tầng,Sổ đỏ/ Sổ hồng,Không nội thất,20/10/2025,27/10/2025,Tin VIP Kim Cương,43917520,7 m,30 m,,
"Dự án Sunshine Garden, Đường Dương Văn Bé, Phường Vĩnh Tuy, Hai Bà Trưng, Hà Nội",8 tỷ,100 m²,3 phòng,2 phòng,,Sổ đỏ/ Sổ hồng,Đầy đủ,22/10/2025,06/11/2025,Tin VIP Kim Cương,43654783,,,Đông,
"Dự án Masteri Water Front, Đường Quốc Lộ 5B, Xã Đa Tốn, Gia Lâm, Hà Nội","4,8 tỷ",61 m²,2 phòng,2 phòng,,Sổ đỏ/ Sổ hồng,Đầy đủ,27/09/2025,07/10/2025,Tin thường,43451274,,,Tây - Nam,
"Ngõ 88, Đường Trần Duy Hưng, Phường Trung Hòa, Cầu Giấy, Hà Nội","9,8 tỷ",35 m²,3 phòng,4 phòng,4 tầng,Sổ đỏ/ Sổ hồng,Đầy đủ,17/10/2025,24/10/2025,Tin VIP Kim Cương,44155819,"5,7 m",3 m,,
"Dự án Masteri West Heights, Phường Tây Mỗ, Nam Từ Liêm, Hà Nội","2,35 tỷ","30,4 m²",,,,,Nội thất cơ bản CĐT.,14/10/2025,21/10/2025,Tin thường,43639834,,,Đông,Nam
"Dự án Kita Capital Ciputra, Phường Phú Thượng, Tây Hồ, Hà Nội",50 tỷ,150 m²,6 phòng,5 phòng,5 tầng,Sổ đỏ/ Sổ hồng,,18/10/2025,25/10/2025,Tin VIP Kim Cương,43195112,7 m,"17,5 m",,
"Vinhomes Wonder City, Tân Hội, Đan Phượng, Hà Nội","22,6 tỷ","132,5 m²",5 phòng,6 phòng,4 tầng,Hợp đồng mua bán,,20/10/2025,27/10/2025,Tin VIP Kim Cương,44127454,8 m,13 m,,
"PHC Complex 158 Nguyễn Sơn, Đường Nguyễn Sơn, Phường Bồ Đề, Quận Long Biên, Hà Nội","9,75 tỷ",100 m²,2 phòng,2 phòng,,Sổ đỏ/ Sổ hồng,Đầy đủ,14/10/2025,24/10/2025,Tin thường,44141384,,,Đông - Bắc,
"Đường Xuân Đỉnh, Phường Xuân Đỉnh, Bắc Từ Liêm, Hà Nội","10,5 tỷ",40 m²,10 phòng,10 phòng,6 tầng,,,29/09/2025,09/10/2025,Tin thường,44141083,"4,3 m",4 m,,
"Đường Tỉnh lộ 413, Xã Xuân Sơn, Sơn Tây, Hà Nội","6,3 tỷ",1.217 m²,,,,Sổ đỏ/ Sổ hồng.,,22/10/2025,06/11/2025,Tin thường,42041229,18 m,6 m,,
"Đường Hồ Tùng Mậu, Phường Phú Diễn, Bắc Từ Liêm, Hà Nội",12 tỷ,52 m²,5 phòng,6 phòng,5 tầng,Sổ đỏ/ Sổ hồng,Cơ bản,29/09/2025,09/10/2025,Tin thường,44042058,,,,
"Khu đô thị Geleximco - Lê Trọng Tấn, Lê Trọng Tấn, Dương Nội, Hà Đông, Hà Nội",30 tỷ,144 m²,,,,Sổ đỏ/ Sổ hồng,,14/10/2025,24/10/2025,Tin thường,43997761,6 m,,,
"Cowaelmic 198 Nguyễn Tuân, Đường Nguyễn Tuân, Phường Nhân Chính, Thanh Xuân, Hà Nội","8,6 tỷ",90 m²,3 phòng,2 phòng,,Sổ đỏ/ Sổ hồng,Đầy đủ,29/09/2025,09/10/2025,Tin thường,44141374,,,,
"Đường Nguyễn Lương Bằng, Phường Nam Đồng, Đống Đa, Hà Nội",Thỏa thuận,48 m²,3 phòng,2 phòng,3 tầng,Sổ đỏ/ Sổ hồng,Đầy đủ,29/09/2025,14/10/2025,Tin thường,44141373,,26 m,Đông - Nam,Đông - Nam
"Dự án 6th Element, Đường Xuân Tảo, Phường Xuân La, Tây Hồ, Hà Nội",Thỏa thuận,"82,6 m²",2 phòng,2 phòng,,Sổ đỏ/ Sổ hồng,Đầy đủ,03/10/2025,13/10/2025,Tin thường,41996244,,,,
"6th Element, Đường Xuân Tảo, Phường Xuân La, Tây Hồ, Hà Nội",Thỏa thuận,"87,4 m²",2 phòng,2 phòng,,Sổ đỏ/ Sổ hồng,,14/10/2025,24/10/2025,Tin thường,43726701,,,,
"Dự án Vinhomes Ocean Park Gia Lâm, Đường Hải Âu 02, Xã Dương Xá, Gia Lâm, Hà Nội",Thỏa thuận,90 m²,,,,Sổ đỏ/ Sổ hồng.,,20/10/2025,04/11/2025,Tin thường,43488654,"7,5 m",30 m,Tây - Bắc,Tây - Bắc
"Phố Bạch Mai, Phường Bạch Mai, Hai Bà Trưng, Hà Nội","16,5 tỷ",60 m²,,,5 tầng,Sổ đỏ/ Sổ hồng,Cơ bản,23/09/2025,03/10/2025,Tin thường,43997833,,,,
"Đường Kim Giang, Xã Thanh Liệt, Thanh Trì, Hà Nội",Thỏa thuận,40 m²,,,,Sổ đỏ/ Sổ hồng,Đầy đủ,23/09/2025,03/10/2025,Tin thường,44088986,,,,
"Phường Mỹ Đình 2, Nam Từ Liêm, Hà Nội",90 tỷ,268 m²,,,,,,07/10/2025,17/10/2025,Tin thường,42818158,15 m,,,
"Hòa Bình Green City, Mạc Thị Bưởi, Vĩnh Tuy, Hai Bà Trưng, Hà Nội",Thỏa thuận,70 m²,2 phòng,2 phòng,,Hợp đồng mua bán,Đầy đủ,23/09/2025,03/10/2025,Tin thường,44088983,,,Tây - Nam,Đông - Bắc
"Green Stars, Phạm Văn Đồng, Cổ Nhuế 1, Bắc Từ Liêm, Hà Nội","5,9 tỷ","66,8 m²",2 phòng,2 phòng,,Sổ đỏ/ Sổ hồng,Đầy đủ,23/09/2025,03/10/2025,Tin thường,44088979,,,Tây,Nam
"Khu đô thị Mễ Trì Thượng, Mễ Trì, Nam Từ Liêm, Hà Nội",Thỏa thuận,90 m²,3 phòng,2 phòng,,Sổ đỏ/ Sổ hồng,Cơ bản,23/09/2025,03/10/2025,Tin thường,44088977,,,Đông - Nam,Tây - Bắc
"Dự án Lumiere EverGreen Smart City, Phường Tây Mỗ, Nam Từ Liêm, Hà Nội","3,4 tỷ",35 m²,1 phòng,1 phòng,,Hợp đồng mua bán,Đầy đủ,16/09/2025,16/10/2025,Tin thường,44030269,,,Đông - Nam,Tây - Bắc
"Dự án The Tonkin - Vinhomes Smart City, Phường Tây Mỗ, Nam Từ Liêm, Hà Nội","4,4 tỷ","48,9 m²",1 phòng,1 phòng,,Sổ đỏ/ Sổ hồng,,03/09/2025,03/10/2025,Tin thường,43681195,,,Đông - Nam,Tây - Bắc
"Dự án Imperia Sola Park, Phường Tây Mỗ, Nam Từ Liêm, Hà Nội",Thỏa thuận,30 m²,1 phòng,1 phòng,,Hợp đồng mua bán,Cơ bản,03/09/2025,03/10/2025,Tin thường,43681011,,,Tây - Nam,Đông - Bắc
"Chung cư 671 Hoàng Hoa Thám, Hoàng Hoa Thám, Liễu Giai, Ba Đình, Hà Nội",Thỏa thuận,80 m²,2 phòng,2 phòng,,Sổ đỏ/ Sổ hồng,Đầy đủ,23/09/2025,03/10/2025,Tin thường,44088964,,,Đông - Nam,Tây - Bắc
"Phố Hoàng Cầu, Phường Ô Chợ Dừa, Đống Đa, Hà Nội",22 tỷ,100 m²,3 phòng,3 phòng,3 tầng,Sổ đỏ/ Sổ hồng,,25/09/2025,05/10/2025,Tin thường,44106231,10 m,"1,9 m",,
"Phường Khương Trung, Thanh Xuân, Hà Nội",Thỏa thuận,35 m²,,,,Sổ đỏ/ Sổ hồng,,22/09/2025,02/10/2025,Tin thường,44077416,,,,
"Vinhomes Wonder City, Tân Hội, Đan Phượng, Hà Nội",20 tỷ,96 m²,,,,,,25/09/2025,05/10/2025,Tin thường,44106370,,,,
"Đường Minh Khai, Phường Trương Định, Hai Bà Trưng, Hà Nội","8,5 tỷ",50 m²,3 phòng,4 phòng,5 tầng,Sổ đỏ/ Sổ hồng,,25/09/2025,05/10/2025,Tin thường,44106367,5 m,,,
"143 Ngõ 85, Phố Hạ Đình, Phường Thanh Xuân Trung, Thanh Xuân, Hà Nội","7,85 tỷ",118 m²,3 phòng,2 phòng,,Sổ đỏ/ Sổ hồng,Đầy đủ,25/09/2025,05/10/2025,Tin thường,44106368,,,Đông - Nam,
"Mailand Hanoi City, Đại lộ Thăng Long, An Khánh, Hoài Đức, Hà Nội","9,68 tỷ",150 m²,3 phòng,2 phòng,,Sổ đỏ/ Sổ hồng,Đầy đủ,25/09/2025,10/10/2025,Tin thường,44106355,,,,
"Đường Trường Chinh, Phường Phương Mai, Đống Đa, Hà Nội","8,7 tỷ",41 m²,4 phòng,,5 tầng,Sổ đỏ/ Sổ hồng,Đầy đủ,25/09/2025,05/10/2025,Tin thường,44106365,5 m,3 m,,
"Thôn Hợp Nhất, Xã Ba Vì, Ba Vì, Hà Nội","3,7 tỷ",2.343 m²,,,,Sổ đỏ/ Sổ hồng,,18/09/2025,03/10/2025,Tin thường,44046903,,,,
"Phố Thái Hà, Phường Trung Liệt, Đống Đa, Hà Nội",47 tỷ,120 m²,6 phòng,8 phòng,7 tầng,Sổ đỏ/ Sổ hồng,Cơ bản,05/10/2025,15/10/2025,Tin thường,44014788,"5,5 m",4 m,,
"Đường Nguyễn Trãi, Phường Thanh Xuân Trung, Thanh Xuân, Hà Nội","12,5 tỷ",54 m²,,,5 tầng,,,25/09/2025,05/10/2025,Tin thường,44102886,"3,1 m",5 m,,
"Dự án Mỹ Đình Pearl, Phường Phú Đô, Nam Từ Liêm, Hà Nội","8,8 tỷ",96 m²,3 phòng,2 phòng,,Sổ đỏ/ Sổ hồng,Cơ bản,27/09/2025,07/10/2025,Tin thường,44029537,,,Đông - Bắc,Tây - Nam
"Dự án Mipec Rubik 360, Đường Xuân Thủy, Phường Dịch Vọng Hậu, Cầu Giấy, Hà Nội","12,8 tỷ",109 m²,3 phòng,2 phòng,,Sổ đỏ/ Sổ hồng,,27/09/2025,07/10/2025,Tin thường,43992434,,,Đông - Bắc,Tây - Nam
"Dự án Home City - Trung Kính Complex, Phố Trung Kính, Phường Yên Hòa, Cầu Giấy, Hà Nội","6,7 tỷ",71 m²,2 phòng,2 phòng,,Sổ đỏ/ Sổ hồng,Nội thất đầy đủ.,21/10/2025,05/11/2025,Tin thường,43901121,,,Đông - Nam,Tây - Nam
"Dự án Vinhomes West Point, Đường Phạm Hùng, Phường Mễ Trì, Nam Từ Liêm, Hà Nội","13,4 tỷ",122 m²,4 phòng,3 phòng,,Sổ đỏ/ Sổ hồng.,,27/09/2025,07/10/2025,Tin thường,43620883,,,Đông - Nam,Tây - Bắc
"Dự án KĐT Tây Hồ Tây - Starlake Hà Nội, Phường Xuân La, Tây Hồ, Hà Nội",15 tỷ,113 m²,3 phòng,2 phòng,,Sổ đỏ/ Sổ hồng,Cơ bản,27/09/2025,07/10/2025,Tin thường,43121899,,,Nam,Bắc
"Xã Kim Hoa, Mê Linh, Hà Nội","8,19 tỷ",153 m²,,,,Sổ đỏ/ Sổ hồng,,23/09/2025,03/10/2025,Tin thường,44086696,9 m,"16,5 m",,
"Phố Quan Nhân, Phường Nhân Chính, Thanh Xuân, Hà Nội",28 tỷ,84 m²,4 phòng,3 phòng,5 tầng,Sổ đỏ/ Sổ hồng,Đầy đủ,15/10/2025,30/10/2025,Tin thường,44109638,5 m,4 m,,
"Đường Hàm Nghi, Phường Mỹ Đình 1, Nam Từ Liêm, Hà Nội","10,8 tỷ",45 m²,5 phòng,4 phòng,4 tầng,Sổ đỏ/ Sổ hồng,,08/10/2025,18/10/2025,Tin thường,44100081,"4,5 m",5 m,,
"Đường Phú Thượng, Phường Phú Thượng, Tây Hồ, Hà Nội","10,8 tỷ",45 m²,4 phòng,4 phòng,5 tầng,Sổ đỏ/ Sổ hồng,Đầy đủ,06/10/2025,16/10/2025,Tin thường,43941757,,6 m,,
"Đường Hoàng Hoa Thám, Phường Liễu Giai, Ba Đình, Hà Nội","4,5 tỷ",77 m²,,,,,,28/09/2025,08/10/2025,Tin thường,43334932,,,,
"Đường Bát Khối, Phường Cự Khối, Long Biên, Hà Nội","15,5 tỷ",90 m²,4 phòng,3 phòng,5 tầng,Sổ đỏ/ Sổ hồng,Đầy đủ,22/10/2025,06/11/2025,Tin thường,43961385,5 m,7 m,Đông - Nam,Đông - Nam
"Đường Tây Tựu, Phường Tây Tựu, Bắc Từ Liêm, Hà Nội.","28,2 tỷ",179 m²,,,,Sổ đỏ/ Sổ hồng,,12/10/2025,22/10/2025,Tin thường,43527208,8 m,15 m,,
"Đường Nguyễn Lam, Phường Phúc Đồng, Long Biên, Hà Nội","14,8 tỷ",63 m²,4 phòng,4 phòng,7 tầng,Sổ đỏ/ Sổ hồng,Cơ bản,30/09/2025,10/10/2025,Tin thường,43869602,4 m,3 m,Tây - Nam,Tây - Nam
"Đường Đống Ba, Phường Thượng Cát, Bắc Từ Liêm, Hà Nội","13,4 tỷ",80 m²,3 phòng,2 phòng,4 tầng,Sổ đỏ/ Sổ hồng,Đầy đủ,12/10/2025,22/10/2025,Tin thường,43482172,6 m,6 m,,
"Imperia Sky Garden, 423, Đường Minh Khai, Phường Vĩnh Tuy, Hai Bà Trưng, Hà Nội","7,7 tỷ",76 m²,2 phòng,2 phòng,,Sổ đỏ/ Sổ hồng,Đầy đủ,04/10/2025,19/10/2025,Tin thường,44151071,,,Đông - Bắc,Tây - Nam
"Dự án Vinhomes Ocean Park Gia Lâm, Xã Dương Xá, Gia Lâm, Hà Nội","2,3 tỷ",31 m²,1 phòng,1 phòng,,Sổ đỏ/ Sổ hồng,Đầy đủ,30/09/2025,10/10/2025,Tin thường,44151059,,,,
"Dự án KĐTM Dương Nội, Đường Tố Hữu, Phường Dương Nội, Hà Đông, Hà Nội","52,5 tỷ",140 m²,,,4 tầng,Sổ đỏ/ Sổ hồng,,30/09/2025,30/10/2025,Tin thường,44151051,9 m,,,
"Vinhomes Global Gate, Cổ Loa, Đông Hội, Đông Anh, Hà Nội",11 tỷ,"83,4 m²",3 phòng,2 phòng,,Sổ đỏ/ Sổ hồng,Đầy đủ,30/09/2025,10/10/2025,Tin thường,44151044,,,Tây - Bắc,Đông - Nam
"Phố Vũ Miên, Phường Yên Phụ, Tây Hồ, Hà Nội",50 tỷ,170 m²,,,3 tầng,Sổ đỏ/ Sổ hồng,,30/09/2025,10/10/2025,Tin thường,44151043,11 m,,,
"Phường Tây Mỗ, Nam Từ Liêm, Hà Nội",15 tỷ,132 m²,2 phòng,2 phòng,2 tầng,Sổ đỏ/ Sổ hồng,,30/09/2025,10/10/2025,Tin thường,44148896,9 m,,,
"Viha Complex, 107, Đường Nguyễn Tuân, Phường Thanh Xuân Trung, Thanh Xuân, Hà Nội",92 triệu/m²,72 m²,2 phòng,,,,,21/10/2025,05/11/2025,Tin VIP Kim Cương,41967566,,,Tây - Bắc,
"Dự án Ruby Park, Đường Phúc Lợi, Phường Phúc Lợi, Long Biên, Hà Nội","4,21 tỷ","68,2 m²",2 phòng,2 phòng,,Hợp đồng mua bán,Cơ bản,08/10/2025,15/10/2025,Tin thường,44134805,,,Đông - Nam,Tây - Bắc
"Dự án Vinhomes D'Capitale, Đường Trần Duy Hưng, Phường Trung Hòa, Cầu Giấy, Hà Nội","7,6 tỷ",68 m²,2 phòng,2 phòng,,Sổ đỏ/ Sổ hồng,,10/10/2025,17/10/2025,Tin thường,43969918,,,Đông - Nam,Tây - Bắc
"Dự án Vinhomes Global Gate, Đường Cổ Loa, Xã Đông Hội, Đông Anh, Hà Nội","23,5 tỷ",75 m²,8 phòng,8 phòng,5 tầng,Hợp đồng mua bán,Không nội thất,27/09/2025,12/10/2025,Tin thường,43285984,5 m,17 m,Đông - Nam,Đông - Nam
"Dự án Vinhomes Global Gate, Đường Cổ Loa, Xã Đông Hội, Đông Anh, Hà Nội","27,2 tỷ",63 m²,8 phòng,6 phòng,5 tầng,Hợp đồng mua bán,Cơ bản,08/10/2025,18/10/2025,Tin thường,44131203,5 m,13 m,Đông - Nam,Đông - Nam
"The Sapphire 1 - Vinhomes Ocean Park, Đa Tốn, Gia Lâm, Hà Nội","6,65 tỷ",82 m²,3 phòng,2 phòng,,Sổ đỏ/ Sổ hồng,,01/10/2025,08/10/2025,Tin thường,44154473,,,Tây - Nam,Đông - Bắc
"Đường Giáp Nhất, Phường Nhân Chính, Thanh Xuân, Hà Nội",51 tỷ,172 m²,32 phòng,,9 tầng,Sổ đỏ/ Sổ hồng,Đầy đủ.,01/10/2025,08/10/2025,Tin thường,44153755,"8,4 m",,,
"Dự án Sunshine City, Phường Đông Ngạc, Bắc Từ Liêm, Hà Nội","9,5 tỷ",104 m²,3 phòng,2 phòng,,Sổ đỏ/ Sổ hồng,Đầy đủ.,30/09/2025,15/10/2025,Tin thường,43554465,,,Nam,Bắc
"Dự án The Sapphire 2 - Vinhomes Ocean Park, Xã Đa Tốn, Gia Lâm, Hà Nội","4,5 tỷ",65 m²,2 phòng,2 phòng,,Sổ đỏ/ Sổ hồng,Đầy đủ,30/09/2025,15/10/2025,Tin thường,44036065,,,Tây - Nam,Đông - Bắc
"Mipec Rubik 360, 122-124, Đường Xuân Thủy, Phường Dịch Vọng Hậu, Cầu Giấy, Hà Nội",Thỏa thuận,110 m²,3 phòng,2 phòng,,Sổ đỏ/ Sổ hồng,Đầy đủ,16/10/2025,26/10/2025,Tin VIP Kim Cương,38242665,,,Đông,Nam
"Đường Nguyễn Sơn, Phường Gia Thụy, Long Biên, Hà Nội","11,99 tỷ",46 m²,4 phòng,4 phòng,4 tầng,Sổ đỏ/ Sổ hồng,Cơ bản,30/09/2025,10/10/2025,Tin thường,44149048,7 m,4 m,,Tây - Nam
"Dự án KĐT Cổ Nhuế, Đường Hoàng Quốc Việt, Phường Cổ Nhuế 1, Bắc Từ Liêm, Hà Nội","9,5 tỷ","111,1 m²",3 phòng,2 phòng,,Sổ đỏ/ Sổ hồng,Nội thất tân cổ điển.,07/10/2025,17/10/2025,Tin thường,41828791,,,,
"Phường Mỗ Lao, Hà Đông, Hà Nội","11,5 tỷ",40 m²,4 phòng,5 phòng,5 tầng,Sổ đỏ/ Sổ hồng,Cơ bản,01/10/2025,11/10/2025,Tin thường,44158535,"3,5 m",12 m,,Đông - Nam
"Đường Giáp Bát, Phường Tân Mai, Hoàng Mai, Hà Nội","12,7 tỷ",50 m²,4 phòng,3 phòng,4 tầng,Sổ đỏ/ Sổ hồng,Cơ bản,28/09/2025,08/10/2025,Tin thường,44130582,"3,8 m",5 m,Đông - Nam,Đông - Nam
"Dự án Phùng Khoang, Đường Lương Thế Vinh, Phường Trung Văn, Nam Từ Liêm, Hà Nội.","28,5 tỷ",150 m²,,,4 tầng,Đang chờ sổ,,16/10/2025,31/10/2025,Tin thường,30609951,12 m,13 m,,Tây - Bắc
"Đường Cát Linh, Phường Cát Linh, Đống Đa, Hà Nội",14 tỷ,37 m²,6 phòng,6 phòng,7 tầng,Sổ đỏ/ Sổ hồng,Đầy đủ,28/09/2025,08/10/2025,Tin thường,43265599,6 m,3 m,Đông - Nam,Đông - Nam
,,,,,,,,,,,,,,,
"Ngõ 184, Đường Đê Trần Khát Chân, Phường Thanh Lương, Hai Bà Trưng, Hà Nội","15,6 tỷ",60 m²,4 phòng,4 phòng,4 tầng,Sổ đỏ/ Sổ hồng,Đầy đủ,01/10/2025,11/10/2025,Tin thường,44158528,"4,55 m","7,5 m",,
"Đường Định Công Thượng, Phường Định Công, Hoàng Mai, Hà Nội","5,5 tỷ","44,8 m²",,,,Sổ đỏ/ Sổ hồng,,01/10/2025,11/10/2025,Tin thường,43618864,,"2,5 m",,
"Phố Đại La, Phường Trương Định, Hai Bà Trưng, Hà Nội","10,5 tỷ",50 m²,4 phòng,4 phòng,4 tầng,Sổ đỏ/ Sổ hồng,Đầy đủ,26/09/2025,06/10/2025,Tin thường,44023304,,"2,5 m",,
"Đường Ngọc Thụy, Phường Ngọc Thụy, Long Biên, Hà Nội",26 tỷ,84 m²,2 phòng,3 phòng,3 tầng,Sổ đỏ/ Sổ hồng.,,26/09/2025,06/10/2025,Tin thường,43668937,"6,8 m",12 m,,
"Đường Ngọc Thụy, Phường Ngọc Thụy, Long Biên, Hà Nội","21,5 tỷ",50 m²,5 phòng,7 phòng,8 tầng,Sổ đỏ/ Sổ hồng.,,26/09/2025,06/10/2025,Tin thường,43669464,"8,56 m",7 m,,
"Đường Nguyễn Văn Cừ, Phường Gia Thụy, Long Biên, Hà Nội","33,5 tỷ",66 m²,4 phòng,6 phòng,7 tầng,Sổ đỏ/ Sổ hồng,Nội thất nhập khẩu cao cấp.,26/09/2025,06/10/2025,Tin thường,43650281,,30 m,,
"Đường Đình Thôn, Phường Mỹ Đình 1, Nam Từ Liêm, Hà Nội",Thỏa thuận,55 m²,,,,Sổ đỏ/ Sổ hồng,Đầy đủ,18/10/2025,02/11/2025,Tin thường,44082963,,,,
"Đường Nguyễn Sơn, Phường Gia Thụy, Long Biên, Hà Nội",23 tỷ,82 m²,4 phòng,3 phòng,4 tầng,Sổ đỏ/ Sổ hồng,Đầy đủ,26/09/2025,06/10/2025,Tin thường,43962207,"6,8 m",5 m,,
"Đường Vũ Đức Thận, Phường Việt Hưng, Long Biên, Hà Nội",36 tỷ,68 m²,2 phòng,3 phòng,3 tầng,Sổ đỏ/ Sổ hồng.,Đầy đủ.,26/09/2025,06/10/2025,Tin thường,43765022,7 m,,,
"Phố Việt Hưng, Phường Việt Hưng, Long Biên, Hà Nội",120 triệu/m²,130 m²,,,,Sổ đỏ/ Sổ hồng.,,26/09/2025,06/10/2025,Tin thường,43992409,13 m,"3,5 m",,
"Đường Ngọc Thụy, Phường Ngọc Thụy, Long Biên, Hà Nội","8,5 tỷ","38,5 m²",4 phòng,4 phòng,5 tầng,Sổ đỏ/ Sổ hồng,,26/09/2025,06/10/2025,Tin thường,43983814,,5 m,,
"Phố Hồng Tiến, Phường Ngọc Thụy, Long Biên, Hà Nội",330 triệu/m²,90 m²,,,,Sổ đỏ/ Sổ hồng,,26/09/2025,06/10/2025,Tin thường,43966376,5 m,"17,5 m",,
"C14 - Bộ Công An, Đường Tố Hữu, Phường Trung Văn, Nam Từ Liêm, Hà Nội","6,6 tỷ",83 m²,,,,Sổ đỏ/ Sổ hồng,,26/09/2025,06/10/2025,Tin thường,44121798,,,,
"Dự án The Canopy Residences - Vinhomes Smart City, Phường Tây Mỗ, Nam Từ Liêm, Hà Nội","3,5 tỷ",47 m²,1 phòng,1 phòng,,Sổ đỏ/ Sổ hồng,Đầy đủ,16/09/2025,16/10/2025,Tin thường,43705830,,,Đông - Nam,Tây - Bắc
"Đường Miếu Đầm, Phường Mễ Trì, Nam Từ Liêm, Hà Nội",59 tỷ,120 m²,8 phòng,5 phòng,6 tầng,Sổ đỏ/ Sổ hồng,Cơ bản,16/09/2025,16/10/2025,Tin thường,44026619,"4,3 m",15 m,,
"Đường Lê Trọng Tấn, Phường Quang Trung, Hà Đông, Hà Nội","62,8 tỷ",171 m²,,,4 tầng,Sổ đỏ/ Sổ hồng,,23/09/2025,08/10/2025,Tin thường,43385271,9 m,,,
"đường Mỹ Đình, Phường Mỹ Đình 2, Nam Từ Liêm, Hà Nội",Thỏa thuận,45 m²,10 phòng,10 phòng,,Sổ đỏ/ Sổ hồng,Đầy đủ,20/10/2025,04/11/2025,Tin thường,44088960,,,,
"Đường Nguyễn Hiền, Phường Bách Khoa, Hai Bà Trưng, Hà Nội","4,3 tỷ",70 m²,2 phòng,2 phòng,,Sổ đỏ/ Sổ hồng,Full đồ,23/09/2025,03/10/2025,Tin thường,44088948,,,,
"Dự án N04 Trần Duy Hưng, Phố Hoàng Đạo Thúy, Phường Trung Hòa, Cầu Giấy, Hà Nội",11 tỷ,128 m²,3 phòng,2 phòng,,,Nội thất hiện đại.,23/09/2025,03/10/2025,Tin thường,41084191,,,,
"Dự án KĐT Văn Quán, Đường Văn Quán, Phường Văn Quán, Hà Đông, Hà Nội",22 tỷ,79 m²,5 phòng,5 phòng,5 tầng,Sổ đỏ/ Sổ hồng,Cơ bản,23/09/2025,03/10/2025,Tin thường,44001473,"4,5 m",,,
"Ngách 79/40, Đường Cầu Giấy, Phường Yên Hòa, Cầu Giấy, Hà Nội","7,29 tỷ",32 m²,,,5 tầng,Sổ đỏ,"Full nội thất gồm: Bàn ghế sofa, tivi, wife, tủ bàn bếp, tủ lạnh, 3 ngủ đầy đủ giường đệm + tủ quần áo + rèm cửa + 3 điều hòa hòa, thiết bị wc sịn sò...",23/09/2025,23/10/2025,Tin thường,44088941,,,,
"Xã Đông Xuân, Quốc Oai, Hà Nội","3,7 tỷ","75,5 m²",3 phòng,3 phòng,3 tầng,,Cơ bản,23/09/2025,03/10/2025,Tin thường,44088938,"4,2 m",,,Đông - Nam
"Đường Mỗ Lao, Phường Mỗ Lao, Hà Đông, Hà Nội","19,8 tỷ",85 m²,4 phòng,,4 tầng,Sổ đỏ/ Sổ hồng,Cơ bản,22/10/2025,06/11/2025,Tin thường,44001585,4 m,18 m,,
"Dự án KĐT Tây Hồ Tây - Starlake Hà Nội, Đường Nguyễn Văn Huyên, Phường Xuân La, Tây Hồ, Hà Nội.",650 triệu/m²,477 m²,,,5 tầng,Sổ đỏ/ Sổ hồng,Cơ bản,09/10/2025,19/10/2025,Tin thường,42076678,26 m,50 m,,
"Đường Trần Quốc Vượng, Phường Dịch Vọng, Cầu Giấy, Hà Nội","9,4 tỷ",36 m²,6 phòng,6 phòng,5 tầng,Sổ đỏ/ Sổ hồng,Cơ bản,19/10/2025,03/11/2025,Tin thường,44051964,,,,
"Phường Giảng Võ, Ba Đình, Hà Nội",17 tỷ,45 m²,5 phòng,5 phòng,5 tầng,,Đầy đủ,29/09/2025,09/10/2025,Tin thường,44141353,4 m,,,
"Đường Võ Chí Công, Phường Nghĩa Đô, Cầu Giấy, Hà Nội","7,8 tỷ",32 m²,4 phòng,5 phòng,5 tầng,Sổ đỏ/ Sổ hồng,Đầy đủ,29/09/2025,09/10/2025,Tin thường,44056564,,,,
"Mỹ Đình Plaza , Phường Mỹ Đình 2, Nam Từ Liêm, Hà Nội",Thỏa thuận,73 m²,2 phòng,2 phòng,,Sổ đỏ/ Sổ hồng,Đầy đủ,29/09/2025,09/10/2025,Tin thường,44141349,,,Đông - Bắc,Tây - Bắc
"Phố Ngọc Khánh, Phường Ngọc Khánh, Ba Đình, Hà Nội","17,95 tỷ",55 m²,,,6 tầng,Sổ đỏ/ Sổ hồng,Full nội thất cao cấp,12/10/2025,22/10/2025,Tin thường,44141347,,,,
"Đường Cổ Nhuế, Phường Cổ Nhuế 2, Bắc Từ Liêm, Hà Nội","10,5 tỷ",65 m²,,,,,,29/09/2025,09/10/2025,Tin thường,44141343,,,,
"Dự án Green Park Trần Thủ Độ, Đường Trần Thủ Độ, Phường Hoàng Liệt, Hoàng Mai, Hà Nội",Thỏa thuận,60 m²,2 phòng,2 phòng,,Sổ đỏ/ Sổ hồng,Cơ bản,16/10/2025,31/10/2025,Tin thường,44141339,,,,
"Đường Phùng Khoang, Phường Trung Văn, Quận Nam Từ Liêm, Hà Nội","11,2 tỷ",40 m²,9 phòng,9 phòng,6 tầng,Sổ đỏ/ Sổ hồng,Đầy đủ,29/09/2025,29/10/2025,Tin thường,44141336,"4,4 m","1,8 m",,
"KĐT Trung Văn - Hancic, Đường Tố Hữu, Phường Trung Văn, Nam Từ Liêm, Hà Nội",Thỏa thuận,190 m²,,,4 tầng,Sổ đỏ/ Sổ hồng,Cơ bản,20/10/2025,04/11/2025,Tin thường,43655318,10 m,,,
"Stellar Garden, 35, Phố Lê Văn Thiêm, Phường Thanh Xuân Trung, Thanh Xuân, Hà Nội","8,9 tỷ",112 m²,3 phòng,2 phòng,,Đang chờ sổ,Đầy đủ.,16/10/2025,31/10/2025,Tin thường,38238340,,,Đông - Nam,Tây - Bắc
"Xã Vân Nội, Đông Anh, Hà Nội","6,9 tỷ",116 m²,,,,Sổ đỏ/ Sổ hồng,,08/10/2025,18/10/2025,Tin thường,42939124,"6,7 m",,,
"Đường Uy Nỗ, Xã Uy Nỗ, Đông Anh, Hà Nội","2,8 tỷ",47 m²,,,,Sổ đỏ/ Sổ hồng.,,08/10/2025,18/10/2025,Tin thường,42833062,"4,5 m","4,7 m",,
"Đường Nguyễn Thị Định, Phường Trung Hòa, Cầu Giấy, Hà Nội",33 tỷ,80 m²,4 phòng,,6 tầng,Sổ đỏ/ Sổ hồng,,25/09/2025,05/10/2025,Tin thường,43705304,,6 m,,
"Phố Ngụy Như Kon Tum, Phường Nhân Chính, Thanh Xuân, Hà Nội",28 tỷ,90 m²,,,6 tầng,Sổ đỏ/ Sổ hồng,,25/09/2025,05/10/2025,Tin thường,43897377,,8 m,,
"Đường Trung Kiên, Phường Tây Tựu, Bắc Từ Liêm, Hà Nội","8,4 tỷ",45 m²,11 phòng,11 phòng,6 tầng,Sổ đỏ/ Sổ hồng,Cơ bản,08/10/2025,18/10/2025,Tin thường,43835030,,,,
"Phố Ngụy Như Kon Tum, Phường Nhân Chính, Thanh Xuân, Hà Nội",36 tỷ,82 m²,,,6 tầng,Sổ đỏ/ Sổ hồng,,25/09/2025,05/10/2025,Tin thường,43712323,"6,7 m",8 m,,
"Đường Đại Mỗ, Phường Đại Mỗ, Nam Từ Liêm, Hà Nội","23,9 tỷ",55 m²,4 phòng,4 phòng,5 tầng,Sổ đỏ/ Sổ hồng,Đầy đủ,10/10/2025,20/10/2025,Tin thường,43770786,"4,5 m",9 m,,
"Ngụy Như Kon Tum, Nhân Chính, Thanh Xuân, Hà Nội",31 tỷ,89 m²,,,6 tầng,Sổ đỏ/ Sổ hồng,,25/09/2025,05/10/2025,Tin thường,43897439,,8 m,,
"Vinhomes Galaxy, 233 233B 235, Đường Nguyễn Trãi, Phường Thượng Đình, Thanh Xuân, Hà Nội",Thỏa thuận,45 m²,,,,,,21/10/2025,05/11/2025,Tin thường,43573288,,,,
"Đường Khuất Duy Tiến, Phường Nhân Chính, Thanh Xuân, Hà Nội",34 tỷ,75 m²,3 phòng,3 phòng,5 tầng,Sổ đỏ/ Sổ hồng,Đầy đủ,28/09/2025,08/10/2025,Tin thường,44046665,"6,6 m",10 m,,
"Đường Nguyễn Chí Thanh, Phường Ngọc Khánh, Ba Đình, Hà Nội","5,19 tỷ",75 m²,3 phòng,2 phòng,,Sổ đỏ/ Sổ hồng,Đầy đủ,28/09/2025,08/10/2025,Tin thường,44039292,,,,
"Đường Nguyên Hồng, Phường Thành Công, Ba Đình, Hà Nội","5,75 tỷ",90 m²,3 phòng,2 phòng,,Sổ đỏ/ Sổ hồng,Đầy đủ,28/09/2025,08/10/2025,Tin thường,44132005,,,,
"Dự án The Diamond Point, Đường Nguyễn Lam, Phường Phúc Đồng, Long Biên, Hà Nội",Thỏa thuận,212 m²,,,4 tầng,,,09/10/2025,19/10/2025,Tin thường,41058718,,,,Đông - Nam
"Đường Tân Ấp, Phường Phúc Xá, Ba Đình, Hà Nội","7,65 tỷ",47 m²,4 phòng,3 phòng,4 tầng,Sổ đỏ/ Sổ hồng,,28/09/2025,08/10/2025,Tin thường,44132004,"5,8 m",,,
"Phố Hoàng Thế Thiện, Phường Sài Đồng, Long Biên, Hà Nội",Thỏa thuận,105 m²,,,,Sổ đỏ/ Sổ hồng,,28/09/2025,08/10/2025,Tin thường,43514210,4 m,,,Đông - Bắc
"Đường Lê Trọng Tấn, Phường Khương Mai, Thanh Xuân, Hà Nội","56,5 tỷ",105 m²,,5 phòng,9 tầng,Sổ đỏ/ Sổ hồng,Trang thiết bị nhập khẩu xịn xò.,28/09/2025,08/10/2025,Tin thường,44043431,6 m,15 m,,
"Dự án Imperia Smart City, Đường Đại lộ Thăng Long, Phường Tây Mỗ, Nam Từ Liêm, Hà Nội","3,5 tỷ","47,6 m²",1 phòng,1 phòng,,Hợp đồng mua bán,Đầy đủ,21/10/2025,05/11/2025,Tin thường,41538424,,,Đông - Bắc,Tây - Nam
"Dự án Imperia Smart City, Đường Đại lộ Thăng Long, Phường Tây Mỗ, Nam Từ Liêm, Hà Nội","4,5 tỷ","63,4 m²",2 phòng,2 phòng,,Sổ đỏ/ Sổ hồng,Cơ bản,20/10/2025,04/11/2025,Tin thường,41321553,,,Đông - Bắc,Tây - Nam
"Đường Yên Lộ, Phường Yên Nghĩa, Hà Đông, Hà Nội","6,89 tỷ",30 m²,4 phòng,3 phòng,4 tầng,Sổ đỏ/ Sổ hồng,Đầy đủ,28/09/2025,28/10/2025,Tin thường,44132003,"3,2 m",4 m,,
"Phường Hoàng Liệt, Hoàng Mai, Hà Nội","21,6 tỷ",80 m²,23 phòng,23 phòng,,Sổ đỏ/ Sổ hồng,,25/09/2025,25/10/2025,Tin thường,44103176,,,,
"Dự án Xuân Phương Residence, Đường Trần Hữu Dực, Phường Phương Canh, Nam Từ Liêm, Hà Nội",Thỏa thuận,59 m²,2 phòng,1 phòng,,Sổ đỏ/ Sổ hồng,Đầy đủ,10/10/2025,20/10/2025,Tin thường,42004252,,,Tây - Nam,Đông - Nam
"Dự án Vinhomes Ocean Park Gia Lâm, Xã Dương Xá, Gia Lâm, Hà Nội","3,72 tỷ",59 m²,2 phòng,1 phòng,,Sổ đỏ/ Sổ hồng,Đầy đủ,30/09/2025,10/10/2025,Tin thường,44151011,,,,
"Phố Vạn Phúc, Phường Vạn Phúc, Hà Đông, Hà Nội","8,2 tỷ",32 m²,,,5 tầng,Sổ đỏ/ Sổ hồng,,30/09/2025,10/10/2025,Tin thường,44151000,,,,
"Đường 446, Xã Đông Xuân, Quốc Oai, Hà Nội",Thỏa thuận,451 m²,,,,Sổ đỏ/ Sổ hồng,,30/09/2025,10/10/2025,Tin thường,44150995,"13,5 m",12 m,,
"Đường Đa Sỹ, Phường Kiến Hưng, Hà Đông, Hà Nội",15 tỷ,54 m²,13 phòng,11 phòng,7 tầng,Sổ đỏ/ Sổ hồng,Đầy đủ,30/09/2025,10/10/2025,Tin thường,44150997,4 m,8 m,Đông,Đông
"Dự án The Beverly - Vinhomes Ocean Park, Đường Lý Thánh Tông, Xã Đa Tốn, Gia Lâm, Hà Nội",Thỏa thuận,43 m²,1 phòng,1 phòng,,Hợp đồng mua bán,,22/10/2025,06/11/2025,Tin thường,41506554,,,,
"Dự án Vinhomes Wonder City, Xã Tân Hội, Đan Phượng, Hà Nội",17 tỷ,104 m²,,,4 tầng,,,30/09/2025,10/10/2025,Tin thường,42993303,,,,
"The Ninety Complex, Láng, Thịnh Quang, Đống Đa, Hà Nội","10,4 tỷ",95 m²,,,,,,30/09/2025,10/10/2025,Tin thường,44032311,,,,
"Dự án The Beverly - Vinhomes Ocean Park, Đường Lý Thánh Tông, Xã Đa Tốn, Gia Lâm, Hà Nội",Thỏa thuận,120 m²,3 phòng,2 phòng,,Hợp đồng mua bán,Đầy đủ,30/09/2025,10/10/2025,Tin thường,41506800,,,,
"Đường Minh Khai, Phường Minh Khai, Hai Bà Trưng, Hà Nội","29,9 tỷ",100 m²,28 phòng,,,Sổ đỏ/ Sổ hồng,Đầy đủ,14/10/2025,24/10/2025,Tin thường,44088613,,,,
"An Hưng, Đường Tố Hữu, Phường La Khê, Hà Đông, Hà Nội",72 tỷ,300 m²,4 phòng,4 phòng,3 tầng,Sổ đỏ/ Sổ hồng,Đầy đủ,26/09/2025,06/10/2025,Tin thường,44120768,15 m,18 m,,
"Xã Đông Yên, Quốc Oai, Hà Nội","3,8 tỷ",160 m²,,,,Sổ đỏ/ Sổ hồng,,18/09/2025,03/10/2025,Tin thường,43410258,"6,92 m",8 m,,
"Đường Lê Trọng Tấn, Phường La Khê, Hà Đông, Hà Nội","4,55 tỷ",39 m²,,,,Sổ đỏ/ Sổ hồng,,26/09/2025,06/10/2025,Tin thường,43856686,,,,
"Đấu giá x2 Xóm Ngõ , Xã Nguyên Khê, Đông Anh, Hà Nội",118 triệu/m²,75 m²,,,,Sổ đỏ/ Sổ hồng,,19/09/2025,19/10/2025,Tin thường,44060317,5 m,7 m,,Đông
"Phố Phạm Tuấn Tài, Phường Nghĩa Đô, Cầu Giấy, Hà Nội","22,8 tỷ",50 m²,6 phòng,,6 tầng,Sổ đỏ/ Sổ hồng,Cơ bản,26/09/2025,06/10/2025,Tin thường,44121781,,,,
"Xã Phụng Châu, Chương Mỹ, Hà Nội","3,8 tỷ",60 m²,3 phòng,3 phòng,3 tầng,Sổ đỏ/ Sổ hồng,Cơ bản,13/10/2025,23/10/2025,Tin thường,44016350,,3 m,,
"Đường Thạch Bàn, Phường Thạch Bàn, Long Biên, Hà Nội","14,47 tỷ",106 m²,,,,,,14/10/2025,24/10/2025,Tin thường,44121779,"6,5 m",6 m,,
"Hinode Royal Park, Quốc lộ 32, Di Trạch, Hoài Đức, Hà Nội","20,5 tỷ",100 m²,6 phòng,5 phòng,5 tầng,Sổ đỏ/ Sổ hồng,Không nội thất,26/09/2025,06/10/2025,Tin thường,43981463,5 m,12 m,Tây - Bắc,Tây - Bắc
"Xã Hoa Viên, Ứng Hòa, Hà Nội",900 triệu,"56,3 m²",,,,Sổ đỏ/ Sổ hồng,,26/09/2025,06/10/2025,Tin thường,44121777,,,,
"Đường Vai Réo, Xã Phú Cát, Quốc Oai, Hà Nội",Thỏa thuận,100 m²,,,,Sổ đỏ/ Sổ hồng,,01/10/2025,16/10/2025,Tin thường,42731773,5 m,12 m,,Đông - Nam
"Phường Mễ Trì, Nam Từ Liêm, Hà Nội","14,4 tỷ",65 m²,10 phòng,10 phòng,6 tầng,Sổ đỏ/ Sổ hồng,Đầy đủ,01/10/2025,11/10/2025,Tin thường,44158319,,,,
"The Matrix One, Lê Quang Đạo, Mễ Trì, Nam Từ Liêm, Hà Nội","10,5 tỷ",88 m²,2 phòng,2 phòng,,Hợp đồng mua bán,Đầy đủ,26/09/2025,06/10/2025,Tin thường,43924747,,,,
"Dự án KĐT Xa La, Phố Phùng Hưng, Phường Phúc La, Hà Đông, Hà Nội","3,98 tỷ",75 m²,2 phòng,2 phòng,,Sổ đỏ/ Sổ hồng,Cơ bản,27/09/2025,07/10/2025,Tin thường,44124516,,,,
"Osaka Complex, 48, Đường Ngọc Hồi, Phường Hoàng Liệt, Hoàng Mai, Hà Nội","4,75 tỷ",81 m²,3 phòng,2 phòng,,Sổ đỏ/ Sổ hồng,Đầy đủ,01/10/2025,11/10/2025,Tin thường,42313935,,,,
"Dự án Vinhomes Skylake, Đường Phạm Hùng, Phường Mỹ Đình 1, Nam Từ Liêm, Hà Nội",11 tỷ,96 m²,3 phòng,2 phòng,,Sổ đỏ/ Sổ hồng,Đầy đủ,01/10/2025,11/10/2025,Tin thường,44158311,,,Tây - Nam,Đông - Bắc
"Vườn Xuân - 71 Nguyễn Chí Thanh, số 71, Đường Nguyễn Chí Thanh, Phường Láng Hạ, Đống Đa, Hà Nội","9,6 tỷ",99 m²,3 phòng,2 phòng,,Sổ đỏ/ Sổ hồng,Đầy đủ,01/10/2025,11/10/2025,Tin thường,44158505,,,Đông - Nam,
"Louis City Đại Mỗ, Đường 70, Phường Đại Mỗ, Nam Từ Liêm, Hà Nội","62,5 tỷ",180 m²,,,,Sổ đỏ/ Sổ hồng,Cơ bản,27/09/2025,12/10/2025,Tin thường,44127299,10 m,,,
"The Vesta, Phường Phú Lãm, Hà Đông, Hà Nội","3,86 tỷ",70 m²,2 phòng,2 phòng,,Sổ đỏ/ Sổ hồng,Đầy đủ,27/09/2025,07/10/2025,Tin thường,43032980,,,,
"Dự án KĐT Cổ Nhuế, Đường Phạm Văn Đồng, Phường Cổ Nhuế 1, Bắc Từ Liêm, Hà Nội",126 tỷ,398 m²,6 phòng,6 phòng,5 tầng,Sổ đỏ/ Sổ hồng,Đầy đủ,13/10/2025,23/10/2025,Tin thường,43182030,15 m,21 m,,
"KĐT Văn Phú, Đường Lê Trọng Tấn, Phường Phú La, Hà Đông, Hà Nội",36 tỷ,200 m²,6 phòng,6 phòng,4 tầng,Sổ đỏ/ Sổ hồng,Đầy đủ,22/10/2025,06/11/2025,Tin thường,44150983,10 m,15 m,,
"Dự án Lumière Orient Pearl, Thị trấn Trâu Quỳ, Gia Lâm, Hà Nội","9,2 tỷ","95,1 m²",3 phòng,2 phòng,,Sổ đỏ/ Sổ hồng,Cao cấp,10/10/2025,17/10/2025,Tin thường,43917658,,,Đông - Nam,Tây - Bắc
"Imperial Plaza, Giải Phóng, Phương Liệt, Thanh Xuân, Hà Nội",Thỏa thuận,101 m²,3 phòng,2 phòng,,Sổ đỏ/ Sổ hồng,Cơ bản,20/10/2025,27/10/2025,Tin VIP Bạc,43674217,,,Nam,Nam
"Dự án The Zurich - Vinhomes Ocean Park, Xã Đa Tốn, Gia Lâm, Hà Nội","3,55 tỷ","48,8 m²",1 phòng,1 phòng,,Hợp đồng mua bán,Đầy đủ,21/10/2025,28/10/2025,Tin VIP Vàng,43923266,,,,
"Masteri Waterfront, Quốc Lộ 5B, Đa Tốn, Gia Lâm, Hà Nội","3,5 tỷ",43 m²,1 phòng,1 phòng,,Sổ đỏ/ Sổ hồng,Đầy đủ,30/09/2025,07/10/2025,Tin thường,43923331,,,,
"Dự án The Sapphire-Vinhomes Smart City, Phường Tây Mỗ, Nam Từ Liêm, Hà Nội","4,1 tỷ","64,6 m²",2 phòng,2 phòng,,Sổ đỏ/ Sổ hồng.,Đầy đủ.,13/10/2025,28/10/2025,Tin VIP Kim Cương,43763673,,,Đông - Nam,Tây - Bắc
"Dự án The Matrix One, Đường Lê Quang Đạo, Phường Mễ Trì, Nam Từ Liêm, Hà Nội",Thỏa thuận,116 m²,3 phòng,2 phòng,,Sổ đỏ/ Sổ hồng,Đầy đủ,10/10/2025,17/10/2025,Tin thường,44151529,,,,
"Noble Palace Tây Thăng Long, Đường Tây Thăng Long, Xã Tân Lập, Đan Phượng, Hà Nội","10,9 tỷ",50 m²,,,4 tầng,,,03/10/2025,13/10/2025,Tin thường,44082455,,,,
"Dự án Vinhomes Global Gate, Đường Cổ Loa, Xã Đông Hội, Đông Anh, Hà Nội",25 tỷ,75 m²,,,,Sổ đỏ/ Sổ hồng,,18/10/2025,25/10/2025,Tin VIP Kim Cương,44150507,,,,
"Dự án Lumière Orient Pearl, Thị trấn Trâu Quỳ, Gia Lâm, Hà Nội",4 tỷ,40 m²,1 phòng,1 phòng,,Hợp đồng mua bán,Đầy đủ,30/09/2025,10/10/2025,Tin thường,44150267,,,Đông - Nam,Đông - Nam
"Đường Thịnh Quang, Phường Thịnh Quang, Đống Đa, Hà Nội","14,8 tỷ",40 m²,4 phòng,6 phòng,7 tầng,Sổ đỏ/ Sổ hồng,Đầy đủ,23/09/2025,03/10/2025,Tin thường,44088931,6 m,3 m,,
"Xuân Phương, Nam Từ Liêm, Hà Nội","7,25 tỷ",57 m²,,,,Sổ đỏ,,23/09/2025,03/10/2025,Tin thường,44088935,"4,1 m",,,
"Dự án Làng Việt Kiều Châu Âu Euroland, Đường Nguyễn Văn Lộc, Phường Mỗ Lao, Hà Đông, Hà Nội","44,9 tỷ",153 m²,5 phòng,4 phòng,4 tầng,Sổ đỏ/ Sổ hồng,Đầy đủ,22/10/2025,06/11/2025,Tin thường,44001426,9 m,,,
"Đường Hoàng Quốc Việt, Phường Nghĩa Tân, Cầu Giấy, Hà Nội","18,5 tỷ",60 m²,6 phòng,6 phòng,5 tầng,Sổ đỏ/ Sổ hồng,Đầy đủ,09/10/2025,19/10/2025,Tin thường,42968484,,8 m,,
"Đường Nguyễn Trãi, Phường Thanh Xuân Bắc, Thanh Xuân, Hà Nội","12,3 tỷ",50 m²,4 phòng,3 phòng,5 tầng,Sổ đỏ/ Sổ hồng,Đầy đủ,23/09/2025,03/10/2025,Tin thường,43873823,"4,1 m",20 m,,
"Dự án Trung Hòa Nhân Chính, Đường Nguyễn Thị Định, Phường Trung Hòa, Cầu Giấy, Hà Nội","6,2 tỷ",78 m²,3 phòng,2 phòng,,Sổ đỏ/ Sổ hồng,Đầy đủ,20/10/2025,04/11/2025,Tin thường,42603518,,,Đông - Nam,
"Dự án Nam Trung Yên, Đường Phạm Hùng, Phường Trung Hòa, Cầu Giấy, Hà Nội","8,3 tỷ",95 m²,3 phòng,2 phòng,,Sổ đỏ/ Sổ hồng,Đầy đủ,06/10/2025,16/10/2025,Tin thường,42023619,,,,Đông - Nam
"Đường Lê Quang Đạo, Phường Dương Nội, Hà Đông, Hà Nội","10,8 tỷ","51,5 m²",,,,Sổ đỏ/ Sổ hồng,,23/09/2025,03/10/2025,Tin thường,43866998,"4,7 m",8 m,,Tây - Bắc
"Linh Đàm, Hoàng Liệt, Hoàng Mai, Hà Nội",Thỏa thuận,180 m²,,,,Sổ đỏ/ Sổ hồng,Cơ bản,23/09/2025,03/10/2025,Tin thường,44088905,,,,
"Imperia Signature Cổ Loa, Đông Hội, Đông Anh, Hà Nội",Thỏa thuận,100 m²,,,,,,23/09/2025,03/10/2025,Tin thường,44088897,,,,
"Khu đô thị Nam An Khánh, Láng Hòa Lạc, An Khánh, Hoài Đức, Hà Nội",Thỏa thuận,402 m²,,,4 tầng,Sổ đỏ/ Sổ hồng,Không nội thất,13/10/2025,23/10/2025,Tin thường,43981984,,16 m,,
"Phường Quang Trung, Đống Đa, Hà Nội","18,5 tỷ",52 m²,4 phòng,4 phòng,6 tầng,Sổ đỏ/ Sổ hồng,Đầy đủ,29/09/2025,09/10/2025,Tin thường,44141335,"4,5 m",4 m,,
"Phố Vũ Tông Phan, Phường Khương Đình, Thanh Xuân, Hà Nội","7,6 tỷ",36 m²,,,,Sổ đỏ/ Sổ hồng,Nội thất đồng bộ xịn sò.,08/10/2025,23/10/2025,Tin thường,44107023,5 m,,,
"Dự án Vinhomes Thăng Long, Xã An Khánh, Hoài Đức, Hà Nội",Thỏa thuận,154 m²,,,4 tầng,Sổ đỏ/ Sổ hồng,,13/10/2025,23/10/2025,Tin thường,42514760,7 m,13 m,,
"Dự án Imperia Sola Park, Phường Tây Mỗ, Nam Từ Liêm, Hà Nội","3,2 tỷ",32 m²,1 phòng,1 phòng,,Sổ đỏ/ Sổ hồng,Đầy đủ,29/09/2025,09/10/2025,Tin thường,44141330,,,,Đông - Nam
"Dự án HPC Landmark 105, Đường Tố Hữu, Phường La Khê, Hà Đông, Hà Nội","8,5 tỷ",136 m²,4 phòng,2 phòng,,Sổ đỏ/ Sổ hồng,Đầy đủ,22/10/2025,06/11/2025,Tin thường,44099667,,,,
"Đường Khương Đình, Phường Khương Đình, Thanh Xuân, Hà Nội","7,2 tỷ",36 m²,,,6 tầng,Sổ đỏ/ Sổ hồng,,08/10/2025,18/10/2025,Tin thường,43565991,6 m,3 m,,
"Đường Hoàng Văn Thái, Phường Khương Mai, Thanh Xuân, Hà Nội","15,9 tỷ",40 m²,,,,Sổ đỏ/ Sổ hồng,,08/10/2025,23/10/2025,Tin thường,43809805,"6,5 m",,,
"Dự án Scitech Tower, Đường Hồ Tùng Mậu, Phường Phú Diễn, Bắc Từ Liêm, Hà Nội",Thỏa thuận,62 m²,2 phòng,2 phòng,,Hợp đồng mua bán,Nội thất cao cấp An Cường,15/10/2025,25/10/2025,Tin thường,43411274,,,Đông - Bắc,Tây - Nam
"Phường Khương Mai, Thanh Xuân, Hà Nội","14,5 tỷ",45 m²,,,5 tầng,Sổ đỏ/ Sổ hồng,,27/09/2025,07/10/2025,Tin thường,43301776,,,,
"Đường Nguyễn Khắc Hiếu, Phường Trúc Bạch, Ba Đình, Hà Nội",165 tỷ,217 m²,5 phòng,15 phòng,11 tầng,Sổ đỏ/ Sổ hồng,Đầy đủ,08/10/2025,18/10/2025,Tin thường,40139212,"7,5 m",20 m,,
"Phường Trung Văn, Nam Từ Liêm, Hà Nội","36,7 tỷ",150 m²,,,4 tầng,Sổ đỏ/ Sổ hồng,Đầy đủ,12/10/2025,22/10/2025,Tin thường,44132001,"8,1 m",15 m,,
"Đường Lê Trọng Tấn, Phường Khương Mai, Thanh Xuân, Hà Nội",19 tỷ,57 m²,6 phòng,8 phòng,5 tầng,Sổ đỏ/ Sổ hồng,Cơ bản,13/10/2025,28/10/2025,Tin thường,44132000,5 m,"4,5 m",,
"Đường An Thượng, Xã An Thượng, Hoài Đức, Hà Nội","4,6 tỷ",45 m²,4 phòng,4 phòng,4 tầng,Sổ đỏ/ Sổ hồng,Đầy đủ,14/10/2025,24/10/2025,Tin thường,44131999,4 m,"2,6 m",Tây,Tây
"Đường Mậu Lương, Phường Kiến Hưng, Hà Đông, Hà Nội","14,5 tỷ",60 m²,,,,Sổ đỏ/ Sổ hồng,,28/09/2025,08/10/2025,Tin thường,43586661,4 m,9 m,,Tây
"Sunshine Riverside, Phú Thượng, Tây Hồ, Hà Nội","6,5 tỷ",61 m²,2 phòng,,,Sổ đỏ/ Sổ hồng,Đầy đủ,22/09/2025,02/10/2025,Tin thường,44077980,,,,
"Dự án Nhà ở xã hội @Home, Đường Tam Trinh, Phường Yên Sở, Hoàng Mai, Hà Nội","4,7 tỷ",67 m²,2 phòng,2 phòng,,Sổ đỏ/ Sổ hồng,Đầy đủ,17/10/2025,01/11/2025,Tin thường,43025823,,,,
"Nhà ở xã hội @Home, 987, Đường Tam Trinh, Phường Yên Sở, Hoàng Mai, Hà Nội","4,99 tỷ",70 m²,3 phòng,2 phòng,,Sổ đỏ.,"Để lại full nội thất xịn sò (3 điều hoà, sofa, TV, máy giặt, sấy,... ).",16/10/2025,31/10/2025,Tin thường,37978421,,,,
"Đường Tây Sơn, Phường Kim Liên, Đống Đa, Hà Nội",360 tỷ,630 m²,1 phòng,1 phòng,1 tầng,Sổ đỏ/ Sổ hồng,Không nội thất,09/10/2025,19/10/2025,Tin thường,44101665,20 m,,,
"Phố Mai Hắc Đế, Phường Bùi Thị Xuân, Hai Bà Trưng, Hà Nội",558 triệu/m²,60 m²,5 phòng,4 phòng,3 tầng,Sổ đỏ/ Sổ hồng,Cơ bản,25/09/2025,05/10/2025,Tin thường,41422262,"3,5 m",6 m,,
"Phường Kiến Hưng, Hà Đông, Hà Nội",13 tỷ,51 m²,,,,Sổ đỏ/ Sổ hồng,,15/10/2025,25/10/2025,Tin thường,43841344,4 m,13 m,,
"Khu đô thị mới An Hưng, Tố Hữu, La Khê, Hà Đông, Hà Nội",72 tỷ,291 m²,5 phòng,5 phòng,4 tầng,Sổ đỏ/ Sổ hồng,Đầy đủ,27/09/2025,07/10/2025,Tin thường,44128334,12 m,20 m,,
"Ecolife Capitol, Đường Tố Hữu, Phường Trung Văn, Nam Từ Liêm, Hà Nội","6,85 tỷ",75 m²,2 phòng,2 phòng,,Sổ đỏ/ Sổ hồng,Đầy đủ,02/10/2025,12/10/2025,Tin thường,44100694,,,Đông - Bắc,Tây - Nam
"Sky Park Residence, Tôn Thất Thuyết, Dịch Vọng Hậu, Cầu Giấy, Hà Nội",16 tỷ,128 m²,3 phòng,2 phòng,,Hợp đồng mua bán,,08/10/2025,18/10/2025,Tin thường,43892934,,,,
"Lancaster Luminaire, Láng, Láng Thượng, Đống Đa, Hà Nội",25 tỷ,180 m²,4 phòng,4 phòng,,Hợp đồng mua bán,Cơ bản,08/10/2025,18/10/2025,Tin thường,43693546,,,,
"Phố Kim Mã, Phường Kim Mã, Ba Đình, Hà Nội","8,5 tỷ",45 m²,4 phòng,4 phòng,6 tầng,Sổ đỏ/ Sổ hồng,,12/10/2025,22/10/2025,Tin thường,44069145,,,,
"Phố Trần Tử Bình, Phường Nghĩa Tân, Cầu Giấy, Hà Nội",21 tỷ,"56,23 m²",,,4 tầng,Sổ đỏ/ Sổ hồng,,01/10/2025,11/10/2025,Tin thường,44027886,"4,4 m",,,
"Thành Công Tower 57 Láng Hạ, Láng Hạ, Thành Công, Ba Đình, Hà Nội",85 triệu/m²,198 m²,4 phòng,3 phòng,,Sổ đỏ/ Sổ hồng,Nội thất làm đẹp.,19/10/2025,03/11/2025,Tin thường,42401998,,,Đông - Bắc,Tây - Nam
"M3 - M4 Nguyễn Chí Thanh, 91, Đường Nguyễn Chí Thanh, Phường Láng Hạ, Đống Đa, Hà Nội","9,5 tỷ",120 m²,3 phòng,,,Sổ đỏ/ Sổ hồng,,14/10/2025,24/10/2025,Tin thường,43954583,,,Nam,Đông
"Đường Xuân La, Phường Xuân La, Tây Hồ, Hà Nội",168 tỷ,250 m²,9 phòng,9 phòng,9 tầng,Sổ đỏ/ Sổ hồng,Đầy đủ,22/10/2025,06/11/2025,Tin thường,43420368,8 m,30 m,,
"Đường Nguyễn Ngọc Nại, Phường Khương Mai, Thanh Xuân, Hà Nội",32 tỷ,115 m²,,,5 tầng,Sổ đỏ/ Sổ hồng,,25/09/2025,05/10/2025,Tin thường,43897493,"5,8 m",6 m,,
"Minh Giang Đầm Và, Xã Tiền Phong, Mê Linh, Hà Nội","6,05 tỷ",110 m²,,,5 tầng,Hợp đồng mua bán,,25/09/2025,05/10/2025,Tin thường,43835400,7 m,12 m,,
"The Golden Palm Lê Văn Lương, 21, Đường Lê Văn Lương, Phường Nhân Chính, Thanh Xuân, Hà Nội",11 tỷ,"118,5 m²",3 phòng,2 phòng,,Sổ đỏ/ Sổ hồng,Đầy đủ,25/09/2025,05/10/2025,Tin thường,37873613,,,Đông - Nam,Tây - Bắc
"Đường Dốc Thọ Lão, Phường Đồng Nhân, Hai Bà Trưng, Hà Nội","7,9 tỷ",27 m²,3 phòng,3 phòng,4 tầng,Sổ đỏ/ Sổ hồng,Đầy đủ,25/09/2025,25/10/2025,Tin thường,44106188,"3,1 m",3 m,,Đông
"Dự án Star Tower 283 Khương Trung, Đường Khương Trung, Phường Khương Trung, Thanh Xuân, Hà Nội","4,8 tỷ",84 m²,2 phòng,2 phòng,,Đang chờ sổ,Đầy đủ,25/09/2025,05/10/2025,Tin thường,43835314,,,,
"Hoa Phượng, Đường Lê Trọng Tấn, Xã An Khánh, Hoài Đức, Hà Nội",Thỏa thuận,248 m²,,,,Sổ đỏ/ Sổ hồng,Đầy đủ,06/10/2025,16/10/2025,Tin thường,44106344,11 m,,,Đông
"Đường Quang Trung, Phường La Khê, Hà Đông, Hà Nội",25 tỷ,50 m²,4 phòng,4 phòng,5 tầng,Sổ đỏ/ Sổ hồng,"Nội thất bao gồm điều hòa, tủ lạnh...",25/09/2025,10/10/2025,Tin thường,43972280,"4,6 m",,,
"Pacific Place, 83B, Phố Lý Thường Kiệt, Phường Trần Hưng Đạo, Hoàn Kiếm, Hà Nội",Thỏa thuận,139 m²,2 phòng,2 phòng,,HĐMB,Cơ bản,20/10/2025,04/11/2025,Tin thường,43108700,,,,
"Đường Đặng Vũ Hỷ, Phường Thượng Thanh, Long Biên, Hà Nội",30 tỷ,"100,8 m²",6 phòng,5 phòng,3 tầng,Sổ đỏ/ Sổ hồng,,23/09/2025,08/10/2025,Tin thường,44084273,"9,11 m",15 m,,
"Đường Phúc Diễn, Phường Phúc Diễn, Bắc Từ Liêm, Hà Nội","12,9 tỷ",51 m²,4 phòng,3 phòng,5 tầng,Sổ đỏ/ Sổ hồng,Đầy đủ,25/09/2025,05/10/2025,Tin thường,43996597,"4,6 m",,,
"Dự án Kosmo Tây Hồ, Đường Xuân La, Phường Xuân Tảo, Bắc Từ Liêm, Hà Nội",9 tỷ,85 m²,2 phòng,2 phòng,,Sổ đỏ/ Sổ hồng,Đầy đủ,30/09/2025,10/10/2025,Tin thường,44047865,,,Đông - Nam,Tây - Bắc
"Dự án Noble Palace Tây Thăng Long, Đường Tây Thăng Long, Xã Tân Lập, Đan Phượng, Hà Nội","10,9 tỷ",50 m²,,,,,,30/09/2025,10/10/2025,Tin thường,44057039,,,,
"Xã Duyên Thái, Thường Tín, Hà Nội","3,4 tỷ",42 m²,,,,Sổ đỏ/ Sổ hồng,,30/09/2025,10/10/2025,Tin thường,43814381,"4,5 m",6 m,,
"Vinhomes Wonder City, Xã Tân Hội, Đan Phượng, Hà Nội",Thỏa thuận,40 m²,,,,,,30/09/2025,10/10/2025,Tin thường,43966574,,,,
"Dự án Noble Palace Tây Thăng Long, Đường Tây Thăng Long, Xã Tân Lập, Đan Phượng, Hà Nội",11 tỷ,55 m²,,,,,,18/09/2025,04/10/2025,Tin thường,43927284,5 m,10 m,,
"Vinhomes Symphony Riverside, Phố Việt Hưng, Phường Việt Hưng, Long Biên, Hà Nội",Thỏa thuận,53 m²,2 phòng,2 phòng,,Sổ đỏ/ Sổ hồng,Đầy đủ.,22/10/2025,06/11/2025,Tin thường,43523099,,,Đông - Nam,
"Vinhomes Wonder City, Tân Hội, Đan Phượng, Hà Nội",Thỏa thuận,55 m²,,,,,,03/10/2025,13/10/2025,Tin thường,43645957,,,,
"Đường Lạc Long Quân, Phường Xuân La, Tây Hồ, Hà Nội",27 tỷ,170 m²,,,3 tầng,Sổ đỏ/ Sổ hồng,,30/09/2025,10/10/2025,Tin thường,44150966,12 m,,,
"Xã Ninh Sở, Thường Tín, Hà Nội",59 triệu/m²,82 m²,,,,Sổ đỏ/ Sổ hồng,,30/09/2025,10/10/2025,Tin thường,44049565,"4,5 m",4 m,,
"Dự án KĐT Đại Kim, Đường Nguyễn Cảnh Dị, Phường Đại Kim, Hoàng Mai, Hà Nội","17,5 tỷ",75 m²,6 phòng,4 phòng,5 tầng,Sổ đỏ/ Sổ hồng,Đầy đủ.,20/10/2025,04/11/2025,Tin thường,40137338,6 m,,,
"Đường Phạm Văn Đồng, Phường Nghĩa Đô, Cầu Giấy, Hà Nội","5,55 tỷ",33 m²,,,,Sổ đỏ/ Sổ hồng,,26/09/2025,06/10/2025,Tin thường,44001354,"3,3 m",,,
"Phường Khương Thượng, Đống Đa, Hà Nội","15,5 tỷ",48 m²,,,,Sổ đỏ/ Sổ hồng,,13/10/2025,12/11/2025,Tin thường,44121767,,,,
"Đường Ngọc Lâm, Phường Long Biên, Long Biên, Hà Nội",8 tỷ,38 m²,3 phòng,4 phòng,4 tầng,Sổ đỏ/ Sổ hồng,Đầy đủ nội thất cơ bản cao cấp.,26/09/2025,06/10/2025,Tin thường,43424816,,3 m,,
"Phường Mỹ Đình 1, Nam Từ Liêm, Hà Nội","5,9 tỷ",35 m²,3 phòng,,5 tầng,Sổ đỏ/ Sổ hồng,,26/09/2025,11/10/2025,Tin thường,44121765,,,,
"Phường Phúc Xá, Ba Đình, Hà Nội","18,8 tỷ",45 m²,4 phòng,5 phòng,6 tầng,Sổ đỏ/ Sổ hồng,,26/09/2025,06/10/2025,Tin thường,43910824,,,,
"Đường Vương Thừa Vũ, Phường Khương Mai, Thanh Xuân, Hà Nội","16,7 tỷ",45 m²,6 phòng,4 phòng,5 tầng,Sổ đỏ/ Sổ hồng,,07/10/2025,17/10/2025,Tin thường,44118541,"4,8 m",,,
"Phường Việt Hưng, Long Biên, Hà Nội","5,95 tỷ",35 m²,3 phòng,4 phòng,5 tầng,Sổ đỏ/ Sổ hồng,,21/10/2025,05/11/2025,Tin thường,44040347,,,,
"Lumiere EverGreen, Tây Mỗ, Nam Từ Liêm, Hà Nội","3,1 tỷ",32 m²,1 phòng,1 phòng,,Hợp đồng mua bán,Đầy đủ,26/09/2025,06/10/2025,Tin thường,44118370,,,Đông - Bắc,Nam
"Xã Bình Minh, Huyện Thanh Oai, Hà Nội",Thỏa thuận,"75,3 m²",,,,Sổ đỏ/ Sổ hồng,,26/09/2025,06/10/2025,Tin thường,44121759,"10,54 m",6 m,,Bắc
"Dự án Chelsea Residences, Đường Trần Kim Xuyến, Phường Yên Hòa, Cầu Giấy, Hà Nội","6,5 tỷ",58 m²,1 phòng,1 phòng,,Sổ đỏ/ Sổ hồng,Đầy đủ,13/10/2025,23/10/2025,Tin thường,43715530,,,,Đông - Bắc
"Imperial Plaza, Giải Phóng, Phương Liệt, Thanh Xuân, Hà Nội","6,8 tỷ",79 m²,2 phòng,2 phòng,,Hợp đồng mua bán,Đầy đủ,20/10/2025,27/10/2025,Tin VIP Kim Cương,44149777,,,Đông - Nam,Đông - Nam
"Vinhomes Ocean Park Gia Lâm, Dương Xá, Gia Lâm, Hà Nội","9,8 tỷ",60 m²,,,,Sổ đỏ/ Sổ hồng,,30/09/2025,10/10/2025,Tin thường,44149775,,,,
"Dự án Lumière Orient Pearl, Thị trấn Trâu Quỳ, Gia Lâm, Hà Nội","8,7 tỷ","78,5 m²",3 phòng,2 phòng,,Đầy đủ,Đầy đủ,30/09/2025,07/10/2025,Tin thường,44149597,,,,Đông - Nam
"Legacy Hinoiri, Thạch Hòa, Thạch Thất, Hà Nội",Thỏa thuận,81 m²,2 phòng,2 phòng,,Sổ đỏ/ Sổ hồng,,18/10/2025,25/10/2025,Tin VIP Vàng,44149416,,,,
"Lumière Orient Pearl, Trâu Quỳ, Gia Lâm, Hà Nội",Thỏa thuận,45 m²,1 phòng,1 phòng,,Hợp đồng mua bán,,30/09/2025,07/10/2025,Tin thường,44149310,,,,
"Dự án Sun Feliza Suites, Đường Phạm Hùng, Phường Dịch Vọng Hậu, Cầu Giấy, Hà Nội",Thỏa thuận,62 m²,2 phòng,2 phòng,,,,25/09/2025,02/10/2025,Tin thường,44111377,,,,
"Dự án The Sapphire-Vinhomes Smart City, Phường Tây Mỗ, Nam Từ Liêm, Hà Nội",5 tỷ,64 m²,2 phòng,2 phòng,,Sổ đỏ/ Sổ hồng,Đầy đủ,30/09/2025,15/10/2025,Tin thường,43457174,,,,
"Dự án Vinhomes Smart City , Phường Tây Mỗ, Nam Từ Liêm, Hà Nội","4,2 tỷ",55 m²,2 phòng,1 phòng,,,,30/09/2025,15/10/2025,Tin thường,42382870,,,,
"Dự án Masteri West Heights, Phường Tây Mỗ, Nam Từ Liêm, Hà Nội","7,3 tỷ","80,1 m²",3 phòng,2 phòng,,Hợp đồng mua bán,Đầy đủ,16/10/2025,23/10/2025,Tin VIP Kim Cương,44082319,,,,
"The Ninety Complex, Láng, Thịnh Quang, Đống Đa, Hà Nội","3,56 tỷ",40 m²,1 phòng,1 phòng,,Hợp đồng mua bán,Đầy đủ,30/09/2025,15/10/2025,Tin thường,44012447,,,Đông - Nam,Đông - Nam
"Dự án Nam An Khánh, Đường Láng Hòa Lạc, Xã An Khánh, Hoài Đức, Hà Nội",Thỏa thuận,336 m²,,,3 tầng,,,26/09/2025,06/10/2025,Tin thường,37004332,12 m,13 m,,
"Đường Đồng Chằm, Xã Đông Xuân, Quốc Oai, Hà Nội","3,47 tỷ",106 m²,,,,Sổ đỏ/ Sổ hồng,,14/10/2025,24/10/2025,Tin thường,41971235,"6,5 m",15 m,,
"Phường Khương Đình, Thanh Xuân, Hà Nội","7,8 tỷ",35 m²,,,5 tầng,Sổ đỏ/ Sổ hồng,,29/09/2025,09/10/2025,Tin thường,44141315,,,,
"Xã Phú Cát, Quốc Oai, Hà Nội",Thỏa thuận,112 m²,,,,Sổ đỏ/ Sổ hồng,,10/10/2025,20/10/2025,Tin thường,44141317,,,,
"Dự án Vinhomes Thăng Long, Đường Long Cảnh, Xã An Khánh, Hoài Đức, Hà Nội",Thỏa thuận,432 m²,,,3 tầng,,,13/10/2025,23/10/2025,Tin thường,36852689,,16 m,,
"Phố Bạch Mai, Phường Bạch Mai, Hai Bà Trưng, Hà Nội","8,95 tỷ",40 m²,3 phòng,4 phòng,5 tầng,Sổ đỏ/ Sổ hồng,Đầy đủ,29/09/2025,09/10/2025,Tin thường,44141318,4 m,3 m,,
"Dự án Mỹ Đình Plaza, Phố Trần Bình, Phường Mỹ Đình 2, Nam Từ Liêm, Hà Nội","6,8 tỷ",108 m²,3 phòng,2 phòng,,Sổ đỏ/ Sổ hồng,Đầy đủ,29/09/2025,09/10/2025,Tin thường,43928073,,,Đông - Nam,Tây - Bắc
"Thôn Bầu, Xã Kim Chung, Đông Anh, Hà Nội","13,44 tỷ","89,6 m²",,,,Sổ đỏ/ Sổ hồng,,29/09/2025,09/10/2025,Tin thường,43839195,5 m,16 m,,Đông
"đường Quảng Bá, Phường Quảng An, Tây Hồ, Hà Nội",137 tỷ,120 m²,,,9 tầng,Sổ đỏ/ Sổ hồng,Đầy đủ,20/10/2025,04/11/2025,Tin thường,43729891,,,,
"Đường 21B, Thôn Cao Viên, Xã Cao Viên, Thanh Oai, Hà Nội",25 tỷ,980 m²,,,,Sổ đỏ/ Sổ hồng,,10/10/2025,20/10/2025,Tin thường,42654823,30 m,3 m,,Nam
"Đường Khuất Duy Tiến, Phường Thanh Xuân Trung, Thanh Xuân, Hà Nội",21 tỷ,55 m²,6 phòng,7 phòng,7 tầng,Sổ đỏ/ Sổ hồng,Đầy đủ,16/10/2025,31/10/2025,Tin thường,40226714,4 m,,,
"Phố Phùng Chí Kiên, Phường Nghĩa Đô, Cầu Giấy, Hà Nội","18,9 tỷ",60 m²,5 phòng,6 phòng,6 tầng,+ Sổ đỏ,Đầy đủ,23/09/2025,03/10/2025,Tin thường,44088889,,6 m,,
"Đường Mễ Trì Thượng, Phường Mễ Trì, Nam Từ Liêm, Hà Nội",Thỏa thuận,42 m²,,,,Sổ đỏ/ Sổ hồng,,23/09/2025,03/10/2025,Tin thường,44088887,,,,
"Đường An Dương, Phường Yên Phụ, Tây Hồ, Hà Nội","4,45 tỷ",50 m²,3 phòng,2 phòng,3 tầng,Mua bán giao dịch vi bằng,Cơ bản,23/09/2025,03/10/2025,Tin thường,44088082,4 m,,,
"Đường Tiên Hùng, Xã Nguyên Khê, Đông Anh, Hà Nội","4,89 tỷ",79 m²,,,,Sổ đỏ/ Sổ hồng,,08/10/2025,18/10/2025,Tin thường,44088879,5 m,"2,8 m",,
"FLC Complex 36 Phạm Hùng, Đường Phạm Hùng, Phường Mỹ Đình 2, Quận Nam Từ Liêm, Hà Nội","7,15 tỷ",97 m²,3 phòng,2 phòng,,Sổ đỏ/ Sổ hồng,Đầy đủ,17/09/2025,03/10/2025,Tin thường,44043639,,,Bắc,Tây
"Dự án Trung Hòa Nhân Chính, Phố Hoàng Đạo Thúy, Phường Trung Hòa, Cầu Giấy, Hà Nội",Thỏa thuận,80 m²,3 phòng,2 phòng,,Sổ đỏ/ Sổ hồng,Đầy đủ,23/09/2025,03/10/2025,Tin thường,43969217,,,Đông - Bắc,Tây - Nam
"Xã Nghiêm Xuyên, Thường Tín, Hà Nội",Thỏa thuận,95 m²,,,,Sổ đỏ/ Sổ hồng,,23/09/2025,03/10/2025,Tin thường,44088079,"6,4 m",5 m,,
"Dự án N03-T2 Ngoại Giao Đoàn, Phường Xuân Đỉnh, Bắc Từ Liêm, Hà Nội",Thỏa thuận,86 m²,2 phòng,2 phòng,,Sổ đỏ/ Sổ hồng,Đầy đủ,23/09/2025,03/10/2025,Tin thường,41538776,,,Đông,
"Phường La Khê, Hà Đông, Hà Nội","8,9 tỷ",30 m²,3 phòng,4 phòng,5 tầng,Sổ đỏ/ Sổ hồng,Đầy đủ,23/09/2025,03/10/2025,Tin thường,43076943,"4,3 m",3 m,Đông - Nam,Đông - Nam
"Đền Lừ I, Đường Đền Lừ, Phường Hoàng Văn Thụ, Hoàng Mai, Hà Nội","4,1 tỷ",55 m²,2 phòng,1 phòng,,Sổ đỏ/ Sổ hồng,Đầy đủ,09/10/2025,19/10/2025,Tin thường,44131988,,,,
"Dự án Helios Tower 75 Tam Trinh, Đường Tam Trinh, Phường Mai Động, Hoàng Mai, Hà Nội","6,55 tỷ",82 m²,2 phòng,2 phòng,,Sổ đỏ/ Sổ hồng,Đầy đủ,07/10/2025,17/10/2025,Tin thường,44120995,,,Nam,
"Iris Garden, Đường Trần Hữu Dực, Phường Cầu Diễn, Nam Từ Liêm, Hà Nội",Thỏa thuận,61 m²,3 phòng,1 phòng,,Sổ đỏ/ Sổ hồng,Đầy đủ,23/09/2025,03/10/2025,Tin thường,44090422,,,,
"The Zei Mỹ Đình, Đường Lê Đức Thọ, Phường Mỹ Đình 2, Nam Từ Liêm, Hà Nội",Thỏa thuận,107 m²,3 phòng,2 phòng,,Sổ đỏ/ Sổ hồng,Đầy đủ,13/10/2025,23/10/2025,Tin thường,44112255,,,Đông - Nam,
"Đường Cầu Diễn, Phường Cầu Diễn, Nam Từ Liêm, Hà Nội",20 tỷ,146 m²,28 phòng,28 phòng,7 tầng,Sổ đỏ/ Sổ hồng,Đầy đủ,28/09/2025,08/10/2025,Tin thường,44026836,,,,
"Đường Trần Quốc Vượng, Phường Dịch Vọng, Cầu Giấy, Hà Nội",80 tỷ,150 m²,10 phòng,10 phòng,10 tầng,Sổ đỏ/ Sổ hồng,Đầy đủ,23/09/2025,03/10/2025,Tin thường,44088530,6 m,15 m,,
"Dự án Lumière Prime Hills, Đường Trường Sa, Xã Đông Hội, Đông Anh, Hà Nội",5 tỷ,"44,8 m²",1 phòng,,,,,28/09/2025,08/10/2025,Tin thường,44131912,,,,
"Đường Trường Chinh, Phường Khương Thượng, Đống Đa, Hà Nội","8,68 tỷ",46 m²,4 phòng,3 phòng,5 tầng,Sổ đỏ/ Sổ hồng,Đầy đủ,17/10/2025,01/11/2025,Tin thường,43917420,,,,
"Phố Vũ Hữu, Phường Thanh Xuân Bắc, Thanh Xuân, Hà Nội","8,5 tỷ",35 m²,4 phòng,3 phòng,4 tầng,Sổ đỏ/ Sổ hồng,Đầy đủ,22/09/2025,02/10/2025,Tin thường,44077009,"3,3 m",2 m,Đông - Nam,Đông - Nam
"The Zei Mỹ Đình, 8, Đường Lê Đức Thọ, Phường Mỹ Đình 2, Nam Từ Liêm, Hà Nội",Thỏa thuận,186 m²,4 phòng,3 phòng,,Sổ đỏ/ Sổ hồng,Cơ bản,19/10/2025,03/11/2025,Tin thường,37491901,,,,
"Đường Cầu Giấy, Phường Quan Hoa, Cầu Giấy, Hà Nội","15,2 tỷ",43 m²,4 phòng,5 phòng,6 tầng,Sổ đỏ/ Sổ hồng,Đầy đủ,27/09/2025,27/10/2025,Tin thường,44124254,"4,4 m","2,5 m",,
"Thôn Du Nội, Xã Mai Lâm, Đông Anh, Hà Nội",120 triệu/m²,130 m²,,,,Sổ đỏ/ Sổ hồng,,01/10/2025,31/10/2025,Tin thường,43190743,"5,2 m",,,Đông
"Dự án Hateco Laroma, Phường Láng Thượng, Đống Đa, Hà Nội",Thỏa thuận,"80,27 m²",2 phòng,2 phòng,,Sổ đỏ/ Sổ hồng,Đầy đủ,13/09/2025,13/10/2025,Tin thường,41592155,,,,
"Dự án Trung Hòa Nhân Chính, Phố Hoàng Đạo Thúy, Phường Trung Hòa, Cầu Giấy, Hà Nội","4,6 tỷ",59 m²,2 phòng,1 phòng,,Sổ đỏ/ Sổ hồng,Cơ bản,24/09/2025,04/10/2025,Tin thường,42490481,,,Nam,
"The Golden Armor, Phố Nam Cao, Phường Giảng Võ, Ba Đình, Hà Nội","11,5 tỷ",86 m²,4 phòng,2 phòng,,Sổ đỏ/ Sổ hồng,Đầy đủ,11/10/2025,21/10/2025,Tin thường,43442436,,,,Đông - Nam
"Đường Cổ Loa, Xã Cổ Loa, Đông Anh, Hà Nội","16,5 tỷ",95 m²,5 phòng,5 phòng,4 tầng,Sổ đỏ/ Sổ hồng,Cơ bản,22/10/2025,06/11/2025,Tin thường,43960481,6 m,17 m,,
"Lancaster Luminaire, 1152, Đường Láng, Phường Láng Thượng, Đống Đa, Hà Nội","13,5 tỷ",93 m²,3 phòng,2 phòng,,Hợp đồng mua bán,Cơ bản.,08/10/2025,18/10/2025,Tin thường,44119723,,,,
"Dự án Geleximco Lê Trọng Tấn, Đường Lê Trọng Tấn, Phường Dương Nội, Hà Đông, Hà Nội",32 tỷ,144 m²,6 phòng,6 phòng,5 tầng,Sổ đỏ/ Sổ hồng,Đầy đủ,22/10/2025,06/11/2025,Tin thường,43960251,6 m,30 m,Đông - Nam,Đông - Nam
"Đường Giải Phóng, Phường Bách Khoa, Hai Bà Trưng, Hà Nội",10 tỷ,30 m²,,,,Sổ đỏ/ Sổ hồng,Cơ bản,26/09/2025,06/10/2025,Tin thường,44122135,"3,3 m",,,
"Dự án Imperia Smart City, Đường Đại lộ Thăng Long, Phường Tây Mỗ, Nam Từ Liêm, Hà Nội","6,35 tỷ","64,8 m²",2 phòng,,,Hợp đồng mua bán,Cơ bản,01/10/2025,31/10/2025,Tin thường,44158479,,,Đông - Nam,Đông - Nam
"Dự án Khu nhà ở Minh Đức, Xã Tiền Phong, Mê Linh, Hà Nội",Thỏa thuận,102 m²,,,,,,20/10/2025,04/11/2025,Tin thường,40054984,6 m,"20,5 m",,Nam
"Đường Phạm Văn Đồng, Phường Mai Dịch, Cầu Giấy, Hà Nội","11,8 tỷ",60 m²,3 phòng,4 phòng,5 tầng,Sổ đỏ/ Sổ hồng,Cơ bản,25/09/2025,05/10/2025,Tin thường,44014114,"4,5 m",,,
"Đường Đại Tự, Xã Kim Chung, Hoài Đức, Hà Nội","4,5 tỷ",32 m²,5 phòng,4 phòng,8 tầng,,,20/10/2025,04/11/2025,Tin thường,43756541,,,,
"Xã Trung Hòa, Chương Mỹ, Hà Nội",23 triệu/m²,244 m²,,,,Sổ đỏ/ Sổ hồng,,17/10/2025,01/11/2025,Tin thường,43870640,"13,5 m",24 m,,
"Imperial Plaza, số 360, Đường Giải Phóng, Phường Phương Liệt, Thanh Xuân, Hà Nội","10,2 tỷ","124,5 m²",4 phòng,2 phòng,,Có sổ,Bàn giao nguyên bản chủ đầu tư.,25/09/2025,25/10/2025,Tin thường,30017756,,,Đông - Nam,Tây - Bắc
"Đường Lai Xá, Xã Kim Chung, Hoài Đức, Hà Nội","4,8 tỷ",32 m²,5 phòng,4 phòng,5 tầng,,,10/10/2025,20/10/2025,Tin thường,43756585,,,,
"Phố Tôn Đức Thắng, Phường Khâm Thiên, Đống Đa, Hà Nội",28 tỷ,65 m²,4 phòng,8 phòng,8 tầng,Sổ đỏ/ Sổ hồng,Đầy đủ,25/09/2025,05/10/2025,Tin thường,44105783,"5,2 m",15 m,,
"Ngõ 190, Đường Hoàng Mai, Phường Tương Mai, Hoàng Mai, Hà Nội",280 triệu/m²,"77,4 m²",5 phòng,3 phòng,4 tầng,Sổ đỏ/ Sổ hồng,Cơ bản,25/09/2025,10/10/2025,Tin thường,44105747,,5 m,,
"Phường Khương Đình, Thanh Xuân, Hà Nội",9 tỷ,38 m²,,,5 tầng,Sổ đỏ/ Sổ hồng,,25/09/2025,05/10/2025,Tin thường,44106320,6 m,,,
"Dự án N03-T3&T4 Ngoại Giao Đoàn, Phường Xuân Đỉnh, Bắc Từ Liêm, Hà Nội",13 tỷ,122 m²,3 phòng,2 phòng,,Sổ đỏ/ Sổ hồng,Đầy đủ.,25/09/2025,05/10/2025,Tin thường,39417962,,,Bắc,Đông
"Nguyễn Khuyến, Văn Quán, Hà Đông, Hà Nội",15 tỷ,55 m²,,,,Sổ đỏ/ Sổ hồng,Cơ bản,30/09/2025,15/10/2025,Tin thường,43947648,"5,5 m",3 m,,
"Dự án Park Hill Premium - Times City, Đường Minh Khai, Phường Mai Động, Hoàng Mai, Hà Nội",Thỏa thuận,69 m²,2 phòng,2 phòng,,Sổ đỏ/ Sổ hồng,Đầy đủ,22/10/2025,06/11/2025,Tin thường,43648194,,,,
"Noble Palace Tây Thăng Long, Đường Tây Thăng Long, Xã Tân Lập, Đan Phượng, Hà Nội","10,9 tỷ",50 m²,,,4 tầng,,,03/10/2025,13/10/2025,Tin thường,44082455,,,,
"Vinhomes Symphony Riverside, Phường Việt Hưng, Long Biên, Hà Nội",Thỏa thuận,32 m²,1 phòng,1 phòng,,Sổ đỏ/ Sổ hồng,Đầy đủ.,11/10/2025,21/10/2025,Tin thường,43523051,,,,
"Phố Yên Phú, Xã Ngọc Hồi, Thanh Trì, Hà Nội","4,4 tỷ",41 m²,,,,Sổ đỏ/ Sổ hồng,,30/09/2025,10/10/2025,Tin thường,44062725,4 m,"3,5 m",,
"Dự án 6th Element, Phường Xuân La, Tây Hồ, Hà Nội","10,9 tỷ",83 m²,2 phòng,2 phòng,,Sổ đỏ/ Sổ hồng,Đầy đủ,30/09/2025,10/10/2025,Tin thường,44038097,,,Bắc,Nam
"Dự án Lumière Bayfront, Thị trấn Trâu Quỳ, Gia Lâm, Hà Nội",Thỏa thuận,55 m²,,,,,,22/09/2025,02/10/2025,Tin thường,43999317,,,,
"Vinhomes Symphony Riverside, Phố Việt Hưng, Phường Việt Hưng, Long Biên, Hà Nội",Thỏa thuận,39 m²,1 phòng,1 phòng,,Sổ đỏ/ Sổ hồng,Đầy đủ.,11/10/2025,21/10/2025,Tin thường,43523068,,,,
"Keangnam Hanoi Landmark Tower, Phạm Hùng, Mễ Trì, Nam Từ Liêm, Hà Nội",13 tỷ,118 m²,3 phòng,2 phòng,,Sổ đỏ/ Sổ hồng,Cơ bản,16/10/2025,31/10/2025,Tin thường,44117966,,,,
"Dự án The Zenpark, Đường Đông Dư, Thị trấn Trâu Quỳ, Gia Lâm, Hà Nội",Thỏa thuận,"83,9 m²",3 phòng,2 phòng,,Sổ đỏ/ Sổ hồng,Đầy đủ.,11/10/2025,21/10/2025,Tin thường,43446962,,,,
"Dự án Vinhomes Ocean Park Gia Lâm, Xã Dương Xá, Gia Lâm, Hà Nội","4,6 tỷ",80 m²,3 phòng,2 phòng,,Sổ đỏ/ Sổ hồng,Đầy đủ,08/10/2025,18/10/2025,Tin thường,38894110,,,Đông - Nam,Tây - Nam
"Dự án Nam An Khánh, Đường Láng Hòa Lạc, Xã An Khánh, Hoài Đức, Hà Nội",Thỏa thuận,210 m²,,,,Sổ đỏ/ Sổ hồng,,13/10/2025,28/10/2025,Tin VIP Kim Cương,44031540,,,,
"Đường Nguyễn Văn Cừ, Phường Bồ Đề, Long Biên, Hà Nội","16,5 tỷ",45 m²,4 phòng,6 phòng,7 tầng,Sổ đỏ/ Sổ hồng,Đầy đủ full nội thất cao cấp.,26/09/2025,06/10/2025,Tin thường,43874827,4 m,6 m,,Đông - Nam
"Đường Mỹ Đình, Phường Mỹ Đình 1, Nam Từ Liêm, Hà Nội","9,5 tỷ",50 m²,10 phòng,10 phòng,6 tầng,Sổ đỏ/ Sổ hồng,Đầy đủ,20/10/2025,04/11/2025,Tin thường,43077553,,,,
"Xã Kim Chung, Hoài Đức, Hà Nội","4,7 tỷ",31 m²,4 phòng,2 phòng,5 tầng,Sổ đỏ/ Sổ hồng,Cơ bản,22/09/2025,22/10/2025,Tin thường,44076301,4 m,10 m,Đông - Nam,Đông - Nam
"Đường Ngọc Lâm, Phường Bồ Đề, Long Biên, Hà Nội",21 tỷ,60 m²,5 phòng,5 phòng,7 tầng,Sổ đỏ/ Sổ hồng.,Đầy đủ,11/10/2025,21/10/2025,Tin thường,43894576,"4,5 m",9 m,,
"Xã Kim Chung, Hoài Đức, Hà Nội","18,3 tỷ","139,2 m²",,,,Sổ đỏ/ Sổ hồng,,26/09/2025,06/10/2025,Tin thường,44121739,"7,63 m",,,Đông - Nam
"Noble Palace Tây Thăng Long, Đường Tây Thăng Long, Xã Tân Lập, Đan Phượng, Hà Nội",11 tỷ,55 m²,,,,Sổ đỏ/ Sổ hồng,Không nội thất,13/10/2025,23/10/2025,Tin thường,43726995,5 m,24 m,,
"Đường Nguyễn Văn Cừ, Phường Ngọc Lâm, Long Biên, Hà Nội",40 tỷ,160 m²,24 phòng,26 phòng,10 tầng,Sổ đỏ/ Sổ hồng,Đầy đủ.,26/09/2025,06/10/2025,Tin thường,44005203,8 m,8 m,,
"Xã Đại Áng, Thanh Trì, Hà Nội","4,4 tỷ",60 m²,,,,Sổ đỏ/ Sổ hồng,,26/09/2025,11/10/2025,Tin thường,44121735,4 m,,,
"Vinhomes Wonder City, Tân Hội, Đan Phượng, Hà Nội","15,6 tỷ",104 m²,,,4 tầng,,,10/10/2025,25/10/2025,Tin VIP Kim Cương,43808260,8 m,13 m,,
"Dự án Vinhomes Wonder City, Xã Tân Hội, Đan Phượng, Hà Nội",133 triệu/m²,288 m²,,,,,,04/10/2025,11/10/2025,Tin thường,42250064,8 m,,,
"Dự án The Matrix One, Đường Lê Quang Đạo, Phường Mễ Trì, Nam Từ Liêm, Hà Nội.",Thỏa thuận,116 m²,3 phòng,2 phòng,,Hợp đồng mua bán.,Full nội thất.,17/10/2025,27/10/2025,Tin VIP Vàng,31469385,,,Đông - Bắc,Tây - Nam
"Dự án Vinhomes Wonder City, Xã Tân Hội, Đan Phượng, Hà Nội",38 tỷ,228 m²,5 phòng,5 phòng,4 tầng,Sổ đỏ/ Sổ hồng,Cơ bản,16/10/2025,23/10/2025,Tin VIP Kim Cương,43599297,8 m,13 m,,
"Sun Feliza Suites, Phạm Hùng, Dịch Vọng Hậu, Cầu Giấy, Hà Nội",Thỏa thuận,59 m²,2 phòng,1 phòng,,Sổ đỏ/ Sổ hồng,,26/09/2025,03/10/2025,Tin thường,44120024,,,,
"The Zenpark, Đông Dư, Trâu Quỳ, Gia Lâm, Hà Nội","5,55 tỷ",74 m²,2 phòng,2 phòng,,Sổ đỏ/ Sổ hồng,Đầy đủ,21/10/2025,20/12/2025,Tin thường,43868320,,,,
"Jade Square, Nguyễn Đình Tứ, Xuân Đỉnh, Bắc Từ Liêm, Hà Nội",Thỏa thuận,80 m²,2 phòng,2 phòng,,Sổ đỏ/ Sổ hồng,Đầy đủ,30/09/2025,07/10/2025,Tin thường,44147713,,,,
"Imperial Plaza, Giải Phóng, Phương Liệt, Thanh Xuân, Hà Nội","8,9 tỷ",90 m²,2 phòng,2 phòng,,Sổ đỏ/ Sổ hồng,Đầy đủ,25/09/2025,02/10/2025,Tin thường,43956913,,,,
"The London - Vinhomes Ocean Park, Lý Thánh Tông, Dương Xá, Gia Lâm, Hà Nội","4,55 tỷ","63,7 m²",2 phòng,2 phòng,,Hợp đồng mua bán,Cơ bản,21/10/2025,20/11/2025,Tin thường,43821005,,,,
"Dự án The Matrix One Premium, Phường Mễ Trì, Nam Từ Liêm, Hà Nội","12,7 tỷ",113 m²,3 phòng,2 phòng,,,,30/09/2025,07/10/2025,Tin thường,44147624,,,Nam,Đông
"Dự án xpHOMES, Đường Quốc lộ 32, Xã Tân Lập, Đan Phượng, Hà Nội",Thỏa thuận,62 m²,2 phòng,2 phòng,,Sổ đỏ/ Sổ hồng,Đầy đủ,10/10/2025,20/10/2025,Tin thường,42385474,,,Đông - Bắc,Tây - Nam
"Hinode Royal Park, Đường Quốc lộ 32, Xã Di Trạch, Hoài Đức, Hà Nội","17,3 tỷ",106 m²,8 phòng,7 phòng,5 tầng,Sổ đỏ/ Sổ hồng,Đầy đủ,29/09/2025,09/10/2025,Tin thường,44141310,5 m,17 m,,
"Đường Nguyễn Ngọc Nại, Phường Khương Mai, Thanh Xuân, Hà Nội",14 tỷ,45 m²,,,5 tầng,Sổ đỏ/ Sổ hồng,,09/10/2025,24/10/2025,Tin thường,44092859,4 m,,,
"Đường Nguyễn Thị Định, Phường Trung Hòa, Cầu Giấy, Hà Nội",85 tỷ,90 m²,,,5 tầng,Sổ đỏ/ Sổ hồng,Cơ bản,20/10/2025,04/11/2025,Tin thường,43534751,8 m,,,
"Đường ĐT 429, Xã Dân Hòa, Thanh Oai, Hà Nội",Thỏa thuận,970 m²,,,,Sổ đỏ/ Sổ hồng,,10/10/2025,20/10/2025,Tin thường,43036511,24 m,12 m,,
"Dự án Mỹ Đình Pearl, Phường Phú Đô, Nam Từ Liêm, Hà Nội","4,7 tỷ","50,2 m²",1 phòng,1 phòng,,Sổ đỏ/ Sổ hồng,Đầy đủ,29/09/2025,09/10/2025,Tin thường,43897472,,,,
"Xã Phụng Châu, Huyện Chương Mỹ, Hà Nội","3,55 tỷ","68,6 m²",,,,Sổ đỏ/ Sổ hồng,,18/10/2025,02/11/2025,Tin thường,43773276,4 m,"2,5 m",,Bắc
"Đường Phạm Khắc Quảng, Phường Giang Biên, Long Biên, Hà Nội","19,3 tỷ",90 m²,,,,Sổ đỏ/ Sổ hồng,,27/09/2025,07/10/2025,Tin thường,43405587,6 m,"15,5 m",,
"Xã Tiến Xuân, Thạch Thất, Hà Nội","4,13 tỷ",75 m²,,,,,,15/10/2025,25/10/2025,Tin thường,41572170,,,,
"Trung Hòa Nhân Chính, Phố Trung Hòa, Phường Trung Hòa, Cầu Giấy, Hà Nội","4,3 tỷ",51 m²,2 phòng,1 phòng,,Sổ đỏ/ Sổ hồng,Đầy đủ,29/09/2025,09/10/2025,Tin thường,44141300,,,,Đông - Nam
"Phố Thái Thịnh, Phường Thịnh Quang, Đống Đa, Hà Nội","12,98 tỷ",44 m²,4 phòng,6 phòng,6 tầng,Sổ đỏ/ Sổ hồng,Đầy đủ,17/10/2025,01/11/2025,Tin thường,44088866,4 m,4 m,,
"Đường Nguyễn Hoàng, Phường Mỹ Đình 2, Nam Từ Liêm, Hà Nội","9,5 tỷ",45 m²,,,5 tầng,Sổ đỏ/ Sổ hồng,Đầy đủ,04/10/2025,14/10/2025,Tin thường,44088864,5 m,,,
"Đường Tỉnh lộ 417, Xã Sen Phương, Phúc Thọ, Hà Nội","1,12 tỷ",54 m²,,,,Sổ đỏ/ Sổ hồng,,22/10/2025,06/11/2025,Tin thường,44088861,7 m,5 m,,
"Eurowindow River Park, 5, Đông Hội, Đông Anh, Hà Nội","3,85 tỷ",69 m²,2 phòng,2 phòng,,Sổ đỏ/ Sổ hồng,,23/09/2025,23/10/2025,Tin thường,44088858,,,,
"137, Phố Nguyễn Ngọc Vũ, Phường Trung Hòa, Cầu Giấy, Hà Nội",58 triệu/m²,140 m²,3 phòng,2 phòng,,Sổ đỏ/ Sổ hồng,Cơ bản,23/09/2025,03/10/2025,Tin thường,43997129,,,Tây - Nam,Đông - Bắc
"Xã Hạ Bằng, Thạch Thất, Hà Nội","30,5 triệu/m²",100 m²,,,,Sổ đỏ/ Sổ hồng,,22/09/2025,22/10/2025,Tin thường,44079110,8 m,8 m,,
"Dự án Tecco Skyville, Đường Quang Lai, Xã Tứ Hiệp, Thanh Trì, Hà Nội",Thỏa thuận,54 m²,2 phòng,2 phòng,,Hợp đồng mua bán,Cơ bản,23/09/2025,03/10/2025,Tin thường,43357240,,,Tây - Nam,Đông - Bắc
"Khu đô thị Mễ Trì Thượng, Mễ Trì, Nam Từ Liêm, Hà Nội","5,59 tỷ",91 m²,3 phòng,2 phòng,,Sổ đỏ/ Sổ hồng,Cơ bản,23/09/2025,03/10/2025,Tin thường,44088854,,,,
"Đường Ngô Thì Nhậm, Phường Hà Cầu, Hà Đông, Hà Nội",Thỏa thuận,50 m²,4 phòng,4 phòng,5 tầng,Sổ đỏ/ Sổ hồng,Cơ bản,23/09/2025,03/10/2025,Tin thường,43754995,4 m,"7,5 m",Tây - Bắc,Tây - Bắc
"Đường Ngọc Hồi, Phường Hoàng Liệt, Hoàng Mai, Hà Nội","5,45 tỷ",30 m²,3 phòng,4 phòng,5 tầng,Sổ đỏ/ Sổ hồng,Đầy đủ,23/09/2025,03/10/2025,Tin thường,44088852,,,,
"Dự án Noble Palace Tây Thăng Long, Đường Tây Thăng Long, Xã Tân Lập, Đan Phượng, Hà Nội","13,5 tỷ",50 m²,8 phòng,5 phòng,4 tầng,Hợp đồng mua bán,Không nội thất,18/10/2025,02/11/2025,Tin thường,43959840,5 m,15 m,,
"Xã An Khánh, Huyện Hoài Đức, Hà Nội","4,58 tỷ",40 m²,4 phòng,3 phòng,4 tầng,Sổ đỏ.,Đầy đủ,28/09/2025,08/10/2025,Tin thường,43864333,,,,
"Đường Tam Trinh, Phường Trần Phú, Hoàng Mai, Hà Nội","32,4 tỷ",120 m²,33 phòng,33 phòng,7 tầng,Sổ đỏ/ Sổ hồng,,18/10/2025,02/11/2025,Tin thường,44131965,7 m,,,
"Vinaconex Diamond Tower, 459, Phố Bạch Mai, Phường Trương Định, Hai Bà Trưng, Hà Nội",11 tỷ,"232,5 m²",,,,Sổ đỏ/ Sổ hồng,,28/09/2025,08/10/2025,Tin thường,43896431,,40 m,Nam,
"Đường Tú Mỡ, Phường Trung Hòa, Cầu Giấy, Hà Nội","36,5 tỷ",50 m²,,,8 tầng,,,28/09/2025,08/10/2025,Tin thường,44131958,5 m,,,
"Khu đô thị Cienco 5 Mê Linh, Tiền Phong, Mê Linh, Hà Nội",71 triệu/m²,100 m²,,,,Sổ đỏ.,,28/09/2025,13/10/2025,Tin thường,44131953,,"15,5 m",,
"Đường Quang Tiến, Phường Đại Mỗ, Nam Từ Liêm, Hà Nội","7,9 tỷ",76 m²,8 phòng,6 phòng,5 tầng,Sổ đỏ/ Sổ hồng,Cơ bản,18/10/2025,02/11/2025,Tin thường,44080441,5 m,4 m,,
"Phố Đại La, Phường Trương Định, Hai Bà Trưng, Hà Nội","7,1 tỷ",30 m²,3 phòng,,5 tầng,Sổ đỏ/ Sổ hồng,Đầy đủ,28/09/2025,08/10/2025,Tin thường,44131949,,,,
"Đường Vĩnh Phúc, Phường Vĩnh Phúc, Ba Đình, Hà Nội","16,86 tỷ",73 m²,5 phòng,3 phòng,4 tầng,Sổ đỏ/ Sổ hồng,Đầy đủ,02/10/2025,17/10/2025,Tin thường,44023026,"4,8 m",15 m,,
"Đường Thanh Nhàn, Phường Bạch Mai, Hai Bà Trưng, Hà Nội","25,5 tỷ","41,6 m²",4 phòng,6 phòng,6 tầng,Sổ đỏ/ Sổ hồng,,28/09/2025,28/10/2025,Tin thường,44131933,,,,
"Đường Đình Thôn, Phường Mỹ Đình 1, Nam Từ Liêm, Hà Nội","23,9 tỷ",120 m²,20 phòng,20 phòng,6 tầng,Sổ đỏ/ Sổ hồng,Đầy đủ,26/09/2025,06/10/2025,Tin thường,44121733,,,,
"KĐTM Dương Nội, đường An Vượng, Phường Dương Nội, Hà Đông, Hà Nội","89,9 tỷ",300 m²,4 phòng,,4 tầng,Sổ đỏ chính chủ,,08/10/2025,18/10/2025,Tin thường,43917455,32 m,,,
"Đường Tống Duy Tân, Phường Cửa Nam, Hoàn Kiếm, Hà Nội","13,5 tỷ",35 m²,3 phòng,4 phòng,5 tầng,Sổ đỏ/ Sổ hồng,Cơ bản,26/09/2025,26/10/2025,Tin thường,44121730,,3 m,,
"Dự án Royal City, Đường Nguyễn Trãi, Phường Thượng Đình, Thanh Xuân, Hà Nội",8 tỷ,110 m²,2 phòng,2 phòng,,Sổ đỏ/ Sổ hồng,Đầy đủ,06/10/2025,05/11/2025,Tin thường,42990894,,,Đông - Bắc,Tây
"Đường 21B, Thị trấn Kim Bài, Thanh Oai, Hà Nội",Thỏa thuận,100 m²,,,,,,16/10/2025,31/10/2025,Tin thường,43981881,,,,
"Đường 21B, Xã Bích Hòa, Thanh Oai, Hà Nội","1,95 tỷ",34 m²,3 phòng,2 phòng,,,,05/10/2025,15/10/2025,Tin thường,43787990,,,,
"Đường 21B, Xã Thanh Cao, Thanh Oai, Hà Nội","3,3 tỷ",57 m²,,,,Sổ đỏ/ Sổ hồng,,16/10/2025,31/10/2025,Tin thường,43480582,"4,3 m",6 m,,
"Phú Cát, Quốc Oai, Hà Nội",Thỏa thuận,106 m²,,,,,,22/10/2025,06/11/2025,Tin thường,43364419,,,,
"Đường 21B, Xã Bích Hòa, Thanh Oai, Hà Nội","3,57 tỷ",50 m²,,,,Sổ đỏ/ Sổ hồng,,16/10/2025,31/10/2025,Tin thường,43953897,,,,
"Đường Yên Hòa, Phường Yên Hòa, Cầu Giấy, Hà Nội","7,75 tỷ",30 m²,3 phòng,,5 tầng,Sổ đỏ/ Sổ hồng,Đầy đủ,26/09/2025,06/10/2025,Tin thường,44121717,,,,
"Đường Do Nha, Phường Tây Mỗ, Nam Từ Liêm, Hà Nội","7,8 tỷ",54 m²,4 phòng,3 phòng,3 tầng,Sổ đỏ/ Sổ hồng,Đầy đủ,17/10/2025,01/11/2025,Tin thường,43826201,4 m,3 m,,
"Đường Tôn Thất Tùng, Phường Khương Thượng, Đống Đa, Hà Nội","9,5 tỷ",45 m²,4 phòng,,5 tầng,Sổ đỏ/ Sổ hồng,Đầy đủ,01/10/2025,11/10/2025,Tin thường,44044570,,,,
"Đường Cổ Linh, Phường Thạch Bàn, Long Biên, Hà Nội","5,25 tỷ",45 m²,3 phòng,2 phòng,2 tầng,Sổ đỏ/ Sổ hồng,Cơ bản,01/10/2025,11/10/2025,Tin thường,41864444,4 m,,,
"Dự án Mipec Rubik 360, Đường Xuân Thủy, Phường Dịch Vọng Hậu, Cầu Giấy, Hà Nội",95 tỷ,245 m²,,,4 tầng,Sổ đỏ/ Sổ hồng,Cơ bản,01/10/2025,11/10/2025,Tin thường,44158471,20 m,15 m,Đông - Nam,Đông - Nam
"Dự án Times City, Đường Minh Khai, Phường Vĩnh Tuy, Hai Bà Trưng, Hà Nội","9,2 tỷ",90 m²,3 phòng,2 phòng,,Sổ đỏ/ Sổ hồng,"Nội thất đã vào mới toàn bộ, thay hết điều hoà.",20/10/2025,04/11/2025,Tin thường,42933283,,,Tây - Nam,Tây
"Times City, 458, Đường Minh Khai, Phường Vĩnh Tuy, Hai Bà Trưng, Hà Nội","8,5 tỷ",83 m²,2 phòng,2 phòng,,Sổ đỏ/ Sổ hồng,Đầy đủ,08/10/2025,18/10/2025,Tin thường,42838773,,,,Nam
"Đường Nguyễn Xiển, Xã Thanh Liệt, Thanh Trì, Hà Nội","63,5 tỷ",160 m²,6 phòng,5 phòng,5 tầng,Sổ đỏ/ Sổ hồng,Full nội thất.,21/10/2025,05/11/2025,Tin thường,43828712,10 m,15 m,,Đông - Nam
"Phố Hào Nam, Phường Ô Chợ Dừa, Đống Đa, Hà Nội",11 tỷ,52 m²,,,4 tầng,Sổ đỏ,,01/10/2025,11/10/2025,Tin thường,43974062,,,,
"Đường An Thượng, Xã An Thượng, Hoài Đức, Hà Nội",Thỏa thuận,"48,4 m²",,,,Sổ đỏ/ Sổ hồng,,14/10/2025,24/10/2025,Tin thường,44158459,,10 m,,
"Ngõ 420, Đường Khương Đình, Phường Khương Đình, Thanh Xuân, Hà Nội","7,8 tỷ",47 m²,4 phòng,3 phòng,4 tầng,Sổ đỏ/ Sổ hồng,Đầy đủ,01/10/2025,11/10/2025,Tin thường,44158461,,,,
"Dự án The Zenpark, Đường Đông Dư, Thị trấn Trâu Quỳ, Gia Lâm, Hà Nội",Thỏa thuận,64 m²,2 phòng,2 phòng,,Sổ đỏ/ Sổ hồng,Đầy đủ,22/10/2025,06/11/2025,Tin thường,43446886,,,Đông - Nam,
"THT New City, Đường Quốc lộ 32, Xã Kim Chung, Hoài Đức, Hà Nội","2,85 tỷ",70 m²,2 phòng,2 phòng,,Hợp đồng mua bán,Đầy đủ,21/10/2025,05/11/2025,Tin thường,44150954,,,Nam,Tây
"The Pavilion - Vinhomes Ocean Park, Lý Thánh Tông, Dương Xá, Gia Lâm, Hà Nội",Thỏa thuận,88 m²,3 phòng,2 phòng,,Sổ đỏ/ Sổ hồng,Đầy đủ,22/10/2025,06/11/2025,Tin thường,43458910,,,,
"Đường Nguyễn Biểu, Phường Quán Thánh, Ba Đình, Hà Nội",40 tỷ,85 m²,,,6 tầng,Sổ đỏ/ Sổ hồng,,30/09/2025,30/10/2025,Tin thường,44150952,7 m,,,
"Xã Nam Hồng, Đông Anh, Hà Nội",Thỏa thuận,"100,2 m²",,,,Sổ đỏ/ Sổ hồng,,19/10/2025,03/11/2025,Tin thường,42648399,"4,4 m",15 m,,Đông - Nam
"Đường Bát Khối, Phường Cự Khối, Long Biên, Hà Nội","6,88 tỷ",57 m²,,,,Sổ đỏ/ Sổ hồng,,21/10/2025,05/11/2025,Tin thường,43823615,"7,5 m",3 m,,
"Phố Hồng Tiến, Phường Ngọc Lâm, Long Biên, Hà Nội","14,5 tỷ",42 m²,4 phòng,5 phòng,7 tầng,Sổ đỏ/ Sổ hồng,Cơ bản,30/09/2025,30/10/2025,Tin thường,44150805,4 m,4 m,Đông - Nam,Đông - Nam
"Royal City, Nguyễn Trãi, Thượng Đình, Thanh Xuân, Hà Nội","21,8 tỷ",181 m²,4 phòng,,,Sổ đỏ/ Sổ hồng,,30/09/2025,30/10/2025,Tin thường,43495807,,,,
"Phường Ngọc Thụy, Long Biên, Hà Nội","4,98 tỷ",32 m²,,,,Sổ đỏ/ Sổ hồng,,22/09/2025,02/10/2025,Tin thường,44080612,4 m,"2,5 m",,
"Xã Nam Hồng, Đông Anh, Hà Nội",Thỏa thuận,71 m²,,,,Sổ đỏ/ Sổ hồng,,10/10/2025,20/10/2025,Tin thường,43709473,"4,2 m",3 m,,Đông - Bắc
"Dự án Ciputra Hà Nội, Phường Phú Thượng, Tây Hồ, Hà Nội",83 tỷ,180 m²,,,3 tầng,Sổ đỏ/ Sổ hồng,,25/09/2025,05/10/2025,Tin thường,43794837,9 m,21 m,,
"Đường Lê Quang Đạo, Phường Phú Đô, Nam Từ Liêm, Hà Nội","6,75 tỷ",33 m²,4 phòng,4 phòng,5 tầng,Sổ đỏ/ Sổ hồng,,25/09/2025,05/10/2025,Tin thường,44106309,"3,5 m","2,5 m",Đông - Bắc,Đông - Bắc
"Phố Phố Huế, Phường Tràng Tiền, Hoàn Kiếm, Hà Nội",38 tỷ,110 m²,,,,Sổ đỏ/ Sổ hồng,Đầy đủ,25/09/2025,05/10/2025,Tin thường,36293933,,,,
"Phố Trung Kính, Phường Trung Hòa, Cầu Giấy, Hà Nội","32,5 tỷ",70 m²,,,,,,09/10/2025,19/10/2025,Tin thường,44106307,,,,
"Dự án An Hưng, Đường Tố Hữu, Phường La Khê, Hà Đông, Hà Nội","22,8 tỷ","82,5 m²",4 phòng,4 phòng,5 tầng,Sổ đỏ,Đầy đủ,06/10/2025,16/10/2025,Tin thường,43893494,5 m,12 m,,
"Đường Phú Diễn, Phường Phú Diễn, Bắc Từ Liêm, Hà Nội","9,8 tỷ",53 m²,4 phòng,3 phòng,4 tầng,Sổ đỏ/ Sổ hồng,Đầy đủ,25/09/2025,05/10/2025,Tin thường,43891257,"4,5 m","2,5 m",Tây,Tây
"Đường Mộc Hoàn, Xã Vân Côn, Hoài Đức, Hà Nội",Thỏa thuận,61 m²,,,,Sổ đỏ/ Sổ hồng,,19/10/2025,03/11/2025,Tin thường,40138649,"3,9 m","3,2 m",,Nam
"Đường Tân Mai, Phường Tân Mai, Hoàng Mai, Hà Nội","15,9 tỷ",70 m²,,,7 tầng,Sổ đỏ/ Sổ hồng,Đầy đủ,25/09/2025,05/10/2025,Tin thường,36305593,,,,
"Khu dân cư Trũng Vỡ, đường Liên Hà, Đường 442, Xã Tân Hội, Đan Phượng, Hà Nội",140 triệu/m²,80 m²,,,,Sổ đỏ/ Sổ hồng,,17/10/2025,01/11/2025,Tin thường,43642090,5 m,12 m,,
"Đường Điện Biên Phủ, Phường Điện Biên, Ba Đình, Hà Nội","26,5 tỷ",51 m²,4 phòng,3 phòng,4 tầng,Sổ đỏ/ Sổ hồng,Cơ bản,25/09/2025,10/10/2025,Tin thường,44106285,5 m,5 m,,
"Ruby Park, Phúc Lợi, Phúc Lợi, Long Biên, Hà Nội",3 tỷ,45 m²,1 phòng,1 phòng,,Hợp đồng mua bán,Cơ bản,30/09/2025,07/10/2025,Tin thường,44147617,,,Đông - Nam,Bắc
"Dự án The Paris - Vinhomes Ocean Park, Xã Đa Tốn, Gia Lâm, Hà Nội","3,65 tỷ",51 m²,,,,Sổ đỏ/ Sổ hồng,Chủ đầu tư,30/09/2025,10/10/2025,Tin thường,44147478,,,Đông - Bắc,Tây - Nam
"Dự án The Sapphire 2 - Vinhomes Ocean Park, Xã Đa Tốn, Gia Lâm, Hà Nội","3,3 tỷ",48 m²,1 phòng,1 phòng,,,"Bàn giao cơ bản - hoặc full đồ nội thất: Giường, tủ quần áo, tủ lạnh, máy giặt, hệ thống bếp từ...",23/09/2025,03/10/2025,Tin thường,43596145,,,Đông - Bắc,
"Dự án Vinhomes Ocean Park Gia Lâm, Xã Dương Xá, Gia Lâm, Hà Nội","5,5 tỷ",60 m²,2 phòng,2 phòng,,Sổ đỏ/ Sổ hồng,Đầy đủ,30/09/2025,10/10/2025,Tin thường,44145360,,,Đông - Bắc,Tây - Nam
"Dự án Vinhomes Global Gate, Đường Cổ Loa, Xã Đông Hội, Đông Anh, Hà Nội","18,5 tỷ",63 m²,4 phòng,4 phòng,5 tầng,Hợp đồng mua bán,Không nội thất,15/10/2025,22/10/2025,Tin thường,44146950,,13 m,,
"Ruby Park, Phúc Lợi, Phúc Lợi, Long Biên, Hà Nội",Thỏa thuận,48 m²,1 phòng,1 phòng,,Hợp đồng mua bán,Đầy đủ,04/10/2025,11/10/2025,Tin thường,44122913,,,Nam,Bắc
"Dự án Khu đô thị Nguyên Khê, Đường Lê Hữu Tựu, Xã Nguyên Khê, Đông Anh, Hà Nội",135 triệu/m²,250 m²,,,,Sổ đỏ/ Sổ hồng,,17/10/2025,01/11/2025,Tin VIP Kim Cương,44146760,"12,5 m",45 m,,Bắc
"Dự án The Ninety Complex, Đường Láng, Phường Thịnh Quang, Đống Đa, Hà Nội","3,6 tỷ",32 m²,1 phòng,1 phòng,,Hợp đồng mua bán,Cơ bản,30/09/2025,07/10/2025,Tin thường,43955437,,,,
"The Zurich - Vinhomes Ocean Park, Đa Tốn, Gia Lâm, Hà Nội","12,2 tỷ",75 m²,,,,Sổ đỏ/ Sổ hồng,,30/09/2025,10/10/2025,Tin thường,44146269,17 m,,,
"Dự án Imperia Sola Park, Phường Tây Mỗ, Nam Từ Liêm, Hà Nội",72 triệu/m²,55 m²,2 phòng,2 phòng,,,"Thiết bị bàn giao xịn xò: Sàn gỗ, trần thạch cao 2.9m, bếp từ Bosch, tủ bếp trên dưới, thiết bị vs nhập khẩu, hệ thống điện thông minh, cảm ứng, điều hòa 2 chiều Daikin, căn hộ smart home mở cửa từ xa",25/09/2025,10/10/2025,Tin thường,44110120,,,,
"Đường Nghi Tàm, Phường Yên Phụ, Tây Hồ, Hà Nội","31,5 tỷ",85 m²,4 phòng,5 phòng,5 tầng,Sổ đỏ/ Sổ hồng,Đầy đủ,21/10/2025,05/11/2025,Tin thường,41495052,"6,02 m",,Tây - Nam,Tây - Nam
"Đường ĐT 429, Xã Tân Ước, Thanh Oai, Hà Nội",Thỏa thuận,600 m²,,,,Sổ đỏ/ Sổ hồng,,20/10/2025,04/11/2025,Tin thường,42838630,30 m,5 m,,
"Galia Hanoi, Yên Sở, Hoàng Mai, Hà Nội","5,7 tỷ",72 m²,2 phòng,2 phòng,,Hợp đồng mua bán,Cơ bản,29/09/2025,09/10/2025,Tin thường,44141294,,,Đông - Nam,Tây - Bắc
"Xã Tiền Phong, Mê Linh, Hà Nội",Thỏa thuận,44 m²,3 phòng,3 phòng,3 tầng,Sổ đỏ/ Sổ hồng,Đầy đủ,29/09/2025,09/10/2025,Tin thường,44141295,4 m,4 m,Đông - Bắc,Đông - Bắc
"Dự án 6th Element, Phường Xuân La, Tây Hồ, Hà Nội",Thỏa thuận,109 m²,3 phòng,2 phòng,,,"Căn hộ đã có sẵn điều hoà âm trần Mitsu, tủ bếp, tủ quần áo, thiết bị bếp & WC được nhập khẩu.",14/10/2025,24/10/2025,Tin thường,39846425,,,Nam,
"Phố Quan Nhân, Phường Nhân Chính, Thanh Xuân, Hà Nội","6,65 tỷ",34 m²,,,5 tầng,Sổ đỏ/ Sổ hồng,Đầy đủ,29/09/2025,09/10/2025,Tin thường,44141292,,,,
"6th Element, Đường Xuân Tảo, Phường Xuân La, Tây Hồ, Hà Nội",Thỏa thuận,109 m²,3 phòng,2 phòng,,Sổ đỏ/ Sổ hồng,Đầy đủ,03/10/2025,13/10/2025,Tin thường,42843087,,,,
"Đường Yên Bình, Phường Yên Nghĩa, Hà Đông, Hà Nội","7,15 tỷ",60 m²,,,,Sổ đỏ/ Sổ hồng,,20/10/2025,04/11/2025,Tin thường,42845095,5 m,5 m,,
"Đường Đội Cấn, Phường Đội Cấn, Ba Đình, Hà Nội",40 tỷ,110 m²,8 phòng,9 phòng,5 tầng,Sổ đỏ/ Sổ hồng,,29/09/2025,09/10/2025,Tin thường,44141287,7 m,6 m,,
"Phố Đồng Xuân, Phường Đồng Xuân, Hoàn Kiếm, Hà Nội",85 tỷ,120 m²,2 phòng,2 phòng,2 tầng,Sổ đỏ/ Sổ hồng,Đầy đủ,29/09/2025,09/10/2025,Tin thường,44058454,20 m,20 m,,
"Dự án An Bình City, Phường Cổ Nhuế 1, Bắc Từ Liêm, Hà Nội","7,8 tỷ",90 m²,3 phòng,2 phòng,,Sổ đỏ/ Sổ hồng,Đầy đủ,08/09/2025,08/10/2025,Tin thường,42914984,,,Nam,
"Phú Thịnh Green Park, Đường Tô Hiệu, Phường Hà Cầu, Hà Đông, Hà Nội","6,5 tỷ",96 m²,3 phòng,2 phòng,,Hợp đồng mua bán,Đầy đủ,23/09/2025,03/10/2025,Tin thường,44088847,,,,
"Dự án The Canopy Residences - Vinhomes Smart City, Phường Tây Mỗ, Nam Từ Liêm, Hà Nội","4,5 tỷ",50 m²,2 phòng,1 phòng,,Hợp đồng mua bán,Cơ bản,06/10/2025,16/10/2025,Tin thường,43310891,,,Đông - Nam,Tây - Bắc
"Phố Tôn Đức Thắng, Phường Cát Linh, Đống Đa, Hà Nội",60 tỷ,130 m²,,,,,,08/10/2025,18/10/2025,Tin thường,43638348,,,,
"Dự án Louis City Hoàng Mai, Đường Tân Mai, Phường Hoàng Văn Thụ, Hoàng Mai, Hà Nội","42,7 tỷ","98,9 m²",,,,Sổ đỏ/ Sổ hồng,,23/09/2025,03/10/2025,Tin thường,44088828,6 m,40 m,,
"Đường Kiêu Kỵ, Xã Kiêu Kỵ, Gia Lâm, Hà Nội",38 triệu/m²,189 m²,2 phòng,2 phòng,1 tầng,Đang chờ sổ,,17/09/2025,17/10/2025,Tin thường,40725230,9 m,7 m,,
"Phố Thanh Trì, Xã Phù Linh, Sóc Sơn, Hà Nội",22 triệu/m²,161 m²,,,,Sổ đỏ/ Sổ hồng,,13/10/2025,23/10/2025,Tin thường,44081207,5 m,30 m,,
"Đường Nguyễn Cảnh Dị, Phường Đại Kim, Hoàng Mai, Hà Nội","22,88 tỷ",64 m²,6 phòng,5 phòng,6 tầng,Sổ đỏ/ Sổ hồng,Đầy đủ,23/09/2025,23/10/2025,Tin thường,44088817,,10 m,,
"Số 83, Đường Trường Chinh, Phường Phương Liệt, Thanh Xuân, Hà Nội","5,29 tỷ",75 m²,3 phòng,2 phòng,,Sổ đỏ/ Sổ hồng,Đầy đủ,23/09/2025,03/10/2025,Tin thường,44088816,,,,
"Đồng Tháp, Đan Phượng, Hà Nội",Thỏa thuận,55 m²,,,,Sổ đỏ/ Sổ hồng,,23/09/2025,03/10/2025,Tin thường,43923468,4 m,4 m,,
"Phố Láng Hạ, Phường Giảng Võ, Ba Đình, Hà Nội","7,2 tỷ",38 m²,3 phòng,3 phòng,5 tầng,Sổ đỏ/ Sổ hồng,,08/10/2025,18/10/2025,Tin thường,44130340,,,,
"Đường 35, Xã Minh Phú, Sóc Sơn, Hà Nội","5,37 tỷ",300 m²,,,,Sổ đỏ/ Sổ hồng,,28/09/2025,08/10/2025,Tin thường,43635549,34 m,7 m,,
"Vinhomes Skylake, Đường Phạm Hùng, Phường Mỹ Đình 1, Nam Từ Liêm, Hà Nội","49,98 tỷ",350 m²,5 phòng,3 phòng,,Sổ đỏ/ Sổ hồng,Đầy đủ,28/09/2025,13/10/2025,Tin thường,44131935,,,Đông - Nam,Tây - Bắc
"Đường Đinh Tiên Hoàng, Phường Lý Thái Tổ, Hoàn Kiếm, Hà Nội",Thỏa thuận,500 m²,,,10 tầng,Sổ đỏ/ Sổ hồng,Đầy đủ,07/10/2025,17/10/2025,Tin thường,44116073,13 m,,,
"HH2 Linh Đàm, Phường Hoàng Liệt, Hoàng Mai, Hà Nội","3,96 tỷ",67 m²,2 phòng,2 phòng,,,Đầy đủ,28/09/2025,08/10/2025,Tin thường,44131931,,,Đông - Bắc,
"Dự án Hateco Green Park, Đường Xuân Phương, Phường Cầu Diễn, Nam Từ Liêm, Hà Nội",Thỏa thuận,135 m²,12 phòng,6 phòng,6 tầng,Sổ đỏ/ Sổ hồng,Cơ bản,18/10/2025,02/11/2025,Tin thường,41906894,10 m,9 m,,
"Đường Trịnh Văn Bô, Phường Phương Canh, Nam Từ Liêm, Hà Nội",Thỏa thuận,80 m²,,,,Sổ đỏ/ Sổ hồng,,18/10/2025,02/11/2025,Tin thường,37458121,13 m,50 m,,
"Phố Hà Kế Tấn, Phường Phương Liệt, Thanh Xuân, Hà Nội","29,8 tỷ",94 m²,,,9 tầng,Sổ đỏ/ Sổ hồng,Đầy đủ,24/09/2025,04/10/2025,Tin thường,44098925,8 m,12 m,,
"Dự án Mon City - Hải Đăng City, Đường Hàm Nghi, Phường Mỹ Đình 2, Nam Từ Liêm, Hà Nội",96 tỷ,260 m²,5 phòng,4 phòng,4 tầng,Sổ đỏ/ Sổ hồng,Cơ bản,18/10/2025,02/11/2025,Tin thường,37951425,,25 m,,Đông - Bắc
"Phố Ấu Triệu, Phường Hàng Trống, Hoàn Kiếm, Hà Nội","12,5 tỷ",25 m²,4 phòng,4 phòng,5 tầng,Sổ đỏ/ Sổ hồng,,28/09/2025,08/10/2025,Tin thường,43903495,"4,6 m",3 m,,
"Đường Khương Trung, Phường Khương Trung, Thanh Xuân, Hà Nội","13,9 tỷ",60 m²,4 phòng,4 phòng,4 tầng,Sổ đỏ/ Sổ hồng,Đầy đủ,01/10/2025,11/10/2025,Tin thường,44158458,"3,7 m",4 m,,
"Chung cư X2 Đại Kim, Trần Hòa, Đại Kim, Hoàng Mai, Hà Nội",72 triệu/m²,86 m²,2 phòng,2 phòng,,Hợp đồng mua bán,,01/10/2025,11/10/2025,Tin thường,44158457,,,Đông - Bắc,
"Đường Quang Trung, Phường Hà Cầu, Hà Đông, Hà Nội","6,8 tỷ",42 m²,3 phòng,3 phòng,3 tầng,Sổ đỏ/ Sổ hồng,Không nội thất,27/09/2025,07/10/2025,Tin thường,44124665,10 m,5 m,,Đông - Nam
"Phố Thái Thịnh, Phường Thịnh Quang, Đống Đa, Hà Nội","8,15 tỷ",40 m²,,,,Sổ đỏ/ Sổ hồng,Đầy đủ,01/10/2025,11/10/2025,Tin thường,44062287,,,,
"Dự án The Zei Mỹ Đình, Đường Lê Đức Thọ, Phường Mỹ Đình 2, Nam Từ Liêm, Hà Nội","10,6 tỷ",88 m²,2 phòng,2 phòng,,Sổ đỏ/ Sổ hồng,Đầy đủ,01/10/2025,11/10/2025,Tin thường,44158452,,,,
"Đường Bắc Thượng, Xã Bắc Sơn, Sóc Sơn, Hà Nội","2,3 tỷ",737 m²,,,,Sổ đỏ/ Sổ hồng,,18/10/2025,02/11/2025,Tin thường,42565397,30 m,5 m,,
"Đường Khương Trung, Phường Khương Trung, Thanh Xuân, Hà Nội","8,8 tỷ",42 m²,,,,Sổ đỏ/ Sổ hồng,Cơ bản,01/10/2025,31/10/2025,Tin thường,44158448,4 m,4 m,,
"Đường Quang Trung, Phường Quang Trung, Hà Đông, Hà Nội","19,9 tỷ",100 m²,5 phòng,5 phòng,5 tầng,Sổ đỏ/ Sổ hồng,Cơ bản,23/09/2025,23/10/2025,Tin thường,42854489,,,,
"Đường Tứ Liên, Phường Tứ Liên, Tây Hồ, Hà Nội","19,87 tỷ",116 m²,,,,,,16/10/2025,31/10/2025,Tin thường,44106927,7 m,,,
"Đường Huy Du, Phường Cầu Diễn, Nam Từ Liêm, Hà Nội",21 tỷ,60 m²,6 phòng,4 phòng,5 tầng,Sổ đỏ/ Sổ hồng,Đầy đủ,28/09/2025,08/10/2025,Tin thường,44132493,,,,
"Xã Thanh Thùy, Thanh Oai, Hà Nội",Thỏa thuận,"92,6 m²",,,,Sổ đỏ/ Sổ hồng,,08/10/2025,18/10/2025,Tin thường,43468760,18 m,12 m,,Đông - Nam
"61, Phố Lạc Trung, Phường Vĩnh Tuy, Hai Bà Trưng, Hà Nội",13 tỷ,40 m²,4 phòng,5 phòng,4 tầng,Sổ đỏ/ Sổ hồng,,24/09/2025,04/10/2025,Tin thường,44098101,,10 m,,
"Xã Hòa Thạch, Quốc Oai, Hà Nội",25 triệu/m²,119 m²,,,,Sổ đỏ,,17/10/2025,01/11/2025,Tin thường,43383881,5 m,,,
"Xã Ninh Sở, Thường Tín, Hà Nội","5,35 tỷ",50 m²,,,,Sổ đỏ/ Sổ hồng,,26/09/2025,06/10/2025,Tin thường,44121716,5 m,6 m,,Nam
"Dreamland Bonanza, 23, Đường Duy Tân, Phường Mỹ Đình 2, Nam Từ Liêm, Hà Nội","6,9 tỷ","72,6 m²",2 phòng,2 phòng,,Sổ đỏ/ Sổ hồng,Đầy đủ,25/09/2025,05/10/2025,Tin thường,42969057,,,Đông - Nam,Tây - Bắc
"Đường Lạc Long Quân, Phường Nhật Tân, Tây Hồ, Hà Nội",38 tỷ,65 m²,,,,Sổ đỏ/ Sổ hồng,,26/09/2025,06/10/2025,Tin thường,44121703,"4,79 m",15 m,,Tây - Bắc
"Đường La Phù, Xã La Phù, Hoài Đức, Hà Nội","4,28 tỷ",30 m²,,,,,,26/09/2025,06/10/2025,Tin thường,43999692,,,,
"Đường Huy Du, Phường Mỹ Đình 1, Nam Từ Liêm, Hà Nội",21 tỷ,55 m²,6 phòng,5 phòng,5 tầng,,,26/09/2025,06/10/2025,Tin thường,44115584,4 m,6 m,,
"Đường 21B, Xã Đỗ Động, Thanh Oai, Hà Nội",75 triệu/m²,150 m²,,,,Sổ đỏ/ Sổ hồng,,25/09/2025,05/10/2025,Tin thường,44036290,"7,5 m",12 m,,
"Xã Cự Khê, Thanh Oai, Hà Nội",Thỏa thuận,"67,5 m²",,,,Sổ đỏ/ Sổ hồng,,06/10/2025,16/10/2025,Tin thường,42288105,"4,5 m",14 m,,Nam
"Đường Vương Thừa Vũ, Phường Khương Đình, Thanh Xuân, Hà Nội","15,2 tỷ",62 m²,4 phòng,4 phòng,4 tầng,Sổ đỏ/ Sổ hồng,Đầy đủ,30/09/2025,10/10/2025,Tin thường,44150945,4 m,4 m,,
"Royal City, 72A, Đường Nguyễn Trãi, Phường Thượng Đình, Thanh Xuân, Hà Nội","16,5 tỷ",138 m²,3 phòng,,,Sổ đỏ/ Sổ hồng,Nội thất đẹp.,17/09/2025,17/10/2025,Tin thường,43655094,,,,
"Đường Tô Vĩnh Diện, Phường Khương Mai, Thanh Xuân, Hà Nội","15,7 tỷ",60 m²,4 phòng,4 phòng,4 tầng,Sổ đỏ/ Sổ hồng,,30/09/2025,30/10/2025,Tin thường,44150943,"4,5 m",3 m,,
"Đường Vương Thừa Vũ, Phường Khương Trung, Thanh Xuân, Hà Nội","19,8 tỷ",80 m²,4 phòng,4 phòng,4 tầng,Sổ đỏ/ Sổ hồng,Đầy đủ,10/10/2025,20/10/2025,Tin thường,44072020,"9,5 m",,,
"Đường Thanh Lãm, Phường Phú Lãm, Hà Đông, Hà Nội",Thỏa thuận,40 m²,,,3 tầng,Sổ đỏ/ Sổ hồng,,30/09/2025,10/10/2025,Tin thường,44150940,"4,5 m",12 m,,
"Dự án Khai Sơn City, Phường Ngọc Thụy, Long Biên, Hà Nội","5,85 tỷ","77,5 m²",2 phòng,2 phòng,,Hợp đồng mua bán,,05/10/2025,15/10/2025,Tin thường,41371682,,,Đông - Nam,Tây - Bắc
"Dự án Khai Sơn City, Phường Ngọc Thụy, Long Biên, Hà Nội","7,1 tỷ","101,57 m²",3 phòng,2 phòng,,Hợp đồng mua bán,,24/09/2025,04/10/2025,Tin thường,44100314,,,Đông - Nam,Tây - Bắc
"Phố Phùng Chí Kiên, Phường Nghĩa Đô, Cầu Giấy, Hà Nội",15 tỷ,56 m²,4 phòng,3 phòng,4 tầng,Sổ đỏ/ Sổ hồng,Đầy đủ,30/09/2025,10/10/2025,Tin thường,44150937,,,,
"Đường Đoàn Thị Điểm, Phường Hàng Bột, Đống Đa, Hà Nội",7 tỷ,36 m²,3 phòng,,5 tầng,Sổ đỏ/ Sổ hồng,Đầy đủ,30/09/2025,10/10/2025,Tin thường,44150932,,,,
"Đường Đồng Bèn, Xã Đông Xuân, Quốc Oai, Hà Nội",14 triệu/m²,500 m²,,,,Sổ đỏ/ Sổ hồng,Không nội thất.,21/10/2025,20/11/2025,Tin thường,43776412,,,,
"Phường Đông Ngạc, Bắc Từ Liêm, Hà Nội",28 tỷ,130 m²,,,,Sổ đỏ/ Sổ hồng,,25/09/2025,05/10/2025,Tin thường,44106284,7 m,12 m,,
,,,,,,,,,,,,,,,
"Phường Yên Nghĩa, Hà Đông, Hà Nội","3,3 tỷ","33,6 m²",,,,Sổ đỏ/ Sổ hồng,,25/09/2025,25/10/2025,Tin thường,44103031,,,,
,,,,,,,,,,,,,,,
"Dự án Park Hill Premium - Times City, Phường Mai Động, Hoàng Mai, Hà Nội","10,4 tỷ",79 m²,2 phòng,2 phòng,,Sổ đỏ/ Sổ hồng,Đầy đủ,25/09/2025,05/10/2025,Tin thường,44105368,,,Nam,Bắc
,,,,,,,,,,,,,,,
"Đường Lạc Long Quân, Phường Xuân La, Tây Hồ, Hà Nội","96,8 tỷ",165 m²,,,,Sổ đỏ/ Sổ hồng,,25/09/2025,05/10/2025,Tin thường,44106260,"6,2 m",15 m,,
"Đường Lai Xá, Xã Kim Chung, Hoài Đức, Hà Nội","5,3 tỷ",35 m²,5 phòng,4 phòng,5 tầng,Sổ đỏ/ Sổ hồng,Đầy đủ,10/10/2025,20/10/2025,Tin thường,43998237,5 m,10 m,,
,,,,,,,,,,,,,,,
"Ngõ 100, Đường Đông Thiên, Phường Vĩnh Hưng, Hoàng Mai, Hà Nội","7,6 tỷ",35 m²,3 phòng,4 phòng,5 tầng,Sổ đỏ/ Sổ hồng,Đầy đủ,25/09/2025,05/10/2025,Tin thường,44106251,,3 m,,
"Đường Đồng Chằm, Xã Phú Mãn, Quốc Oai, Hà Nội","3,58 tỷ",135 m²,,,,Sổ đỏ/ Sổ hồng,,15/10/2025,25/10/2025,Tin thường,42005447,8 m,15 m,,
"Phố Phùng Hưng, Phường Hàng Bồ, Hoàn Kiếm, Hà Nội","89,5 tỷ",102 m²,4 phòng,,3 tầng,Sổ đỏ/ Sổ hồng,Đầy đủ,29/09/2025,09/10/2025,Tin thường,43907829,"5,5 m",20 m,,
"Đường Đê Quai, Phường Tứ Liên, Tây Hồ, Hà Nội",6 triệu/m²,1.500 m²,,,,,,21/10/2025,05/11/2025,Tin thường,43945152,7 m,5 m,,Tây - Nam
"Dự án Diamond Park New, Xã Tiền Phong, Mê Linh, Hà Nội",27 triệu/m²,100 m²,,,,Hợp Đồng Góp Vốn,,13/10/2025,23/10/2025,Tin thường,36403928,6 m,,,
"Phố Khâm Thiên, Phường Khâm Thiên, Đống Đa, Hà Nội","6,55 tỷ",36 m²,,,,Sổ đỏ/ Sổ hồng,,21/10/2025,05/11/2025,Tin thường,44141280,,,,
"Dự án Diamond Park New, Xã Tiền Phong, Mê Linh, Hà Nội",32 triệu/m²,154 m²,,,,Hợp đồng mua bán,,13/10/2025,23/10/2025,Tin thường,37700824,,,,
"Đường Phú Xá, Phường Phú Thượng, Tây Hồ, Hà Nội",65 tỷ,"196,7 m²",,,,Sổ đỏ/ Sổ hồng,,21/10/2025,05/11/2025,Tin thường,43279759,"10,75 m",8 m,,Tây - Nam
"Chung cư M5 Nguyễn Chí Thanh, Nguyễn Chí Thanh, Láng Hạ, Đống Đa, Hà Nội",13 tỷ,"133,5 m²",3 phòng,2 phòng,,Sổ đỏ/ Sổ hồng,Đầy đủ,29/09/2025,09/10/2025,Tin thường,44140520,,,,
"Đường ĐT 429, Xã Tân Ước, Thanh Oai, Hà Nội","2,8 tỷ",56 m²,,,,Sổ đỏ/ Sổ hồng,,10/10/2025,20/10/2025,Tin thường,42569568,5 m,3 m,,
"Tòa nhà Intracom 2 , Cầu Diễn, Phú Diễn, Bắc Từ Liêm, Hà Nội",8 tỷ,"134,7 m²",3 phòng,2 phòng,,Sổ đỏ/ Sổ hồng,,13/10/2025,23/10/2025,Tin thường,44141269,,,Đông - Nam,Tây - Bắc
"Legacy Hinoiri, Thạch Hòa, Thạch Thất, Hà Nội",50 triệu/m²,80 m²,2 phòng,2 phòng,,Sổ đỏ/ Sổ hồng,Đầy đủ,30/09/2025,07/10/2025,Tin thường,44142138,,,Đông - Nam,Đông - Nam
"Đường Thượng Thanh, Phường Thượng Thanh, Long Biên, Hà Nội","5,72 tỷ",38 m²,3 phòng,3 phòng,5 tầng,Sổ đỏ/ Sổ hồng,Đầy đủ,30/09/2025,07/10/2025,Tin thường,44044365,"3,3 m",2 m,Đông,Đông
"Dự án Times City, Đường Minh Khai, Phường Vĩnh Tuy, Hai Bà Trưng, Hà Nội",8 tỷ,87 m²,2 phòng,2 phòng,,Sổ đỏ/ Sổ hồng,Đầy đủ,30/09/2025,07/10/2025,Tin thường,44145496,,,Nam,
"100.59 ngõ Chợ Khâm Thiên, Phường Khâm Thiên, Đống Đa, Hà Nội","13,3 tỷ",55 m²,13 phòng,13 phòng,8 tầng,Sổ đỏ/ Sổ hồng,Đầy đủ,07/10/2025,17/10/2025,Tin thường,43560045,"7,4 m","2,5 m",,
"Dự án Sun Feliza Suites, Đường Phạm Hùng, Phường Dịch Vọng Hậu, Cầu Giấy, Hà Nội","9,8 tỷ","70,86 m²",2 phòng,2 phòng,,Sổ đỏ/ Sổ hồng,Cơ bản,18/09/2025,03/10/2025,Tin thường,44045192,,,,
"Sun Feliza Suites, Phạm Hùng, Dịch Vọng Hậu, Cầu Giấy, Hà Nội",Thỏa thuận,75 m²,,,,,Cơ bản,29/09/2025,06/10/2025,Tin thường,43991563,,,Đông - Nam,Tây - Bắc
"Dự án Imperia Signature Cổ Loa, Xã Đông Hội, Đông Anh, Hà Nội",Thỏa thuận,145 m²,,,2 tầng,Sổ đỏ/ Sổ hồng,,29/09/2025,06/10/2025,Tin thường,44142731,,,,
"Dự án Long Biên Central, Phường Việt Hưng, Long Biên, Hà Nội",Thỏa thuận,50 m²,1 phòng,,,Sổ hồng,Đầy đủ,06/10/2025,13/10/2025,Tin thường,43529539,,,,
"An Bình Homeland, Dương Nội, Hà Đông, Hà Nội","6,8 tỷ",100 m²,2 phòng,2 phòng,,Sổ đỏ/ Sổ hồng,Đầy đủ,22/10/2025,29/10/2025,Tin VIP Vàng,44141607,,,Đông,Đông
"Dự án Vinhomes Ocean Park Gia Lâm, Xã Dương Xá, Gia Lâm, Hà Nội","3,62 tỷ",58 m²,2 phòng,1 phòng,,Sổ đỏ/ Sổ hồng,Đầy đủ,29/09/2025,06/10/2025,Tin thường,44141246,,,Tây - Bắc,
"Dự án Imperia Smart City, Đường Đại lộ Thăng Long, Phường Tây Mỗ, Nam Từ Liêm, Hà Nội","7,3 tỷ",40 m²,,,,Sổ đỏ/ Sổ hồng,Đầy đủ,21/10/2025,05/11/2025,Tin thường,40112742,,,,
"Đường La Thành, Phường Ô Chợ Dừa, Đống Đa, Hà Nội","36,8 tỷ",73 m²,,,4 tầng,Sổ hồng,,04/10/2025,14/10/2025,Tin thường,44086581,"5,4 m",,,
"Đường Xuân Quỳnh, Phường Yên Hòa, Cầu Giấy, Hà Nội","36,9 tỷ",68 m²,,,,Sổ đỏ/ Sổ hồng,,04/10/2025,14/10/2025,Tin thường,43957739,5 m,,,
"Dự án Mon City - Hải Đăng City, Đường Hàm Nghi, Phường Mỹ Đình 2, Nam Từ Liêm, Hà Nội",Thỏa thuận,120 m²,10 phòng,6 phòng,6 tầng,Sổ đỏ/ Sổ hồng,Cơ bản,19/10/2025,03/11/2025,Tin thường,43555434,6 m,20 m,,
"Đường Ô Chợ Dừa, Phường Ô Chợ Dừa, Đống Đa, Hà Nội",37 tỷ,73 m²,,,4 tầng,Sổ đỏ/ Sổ hồng,,08/10/2025,18/10/2025,Tin thường,44023789,"5,4 m",,,
"Đường Tây Sơn, Phường Quang Trung, Đống Đa, Hà Nội","14,5 tỷ",45 m²,,,,Sổ đỏ/ Sổ hồng,Đầy đủ,22/09/2025,02/10/2025,Tin thường,44079706,,,,
"Đường Hoàng Văn Thái, Phường Khương Trung, Thanh Xuân, Hà Nội","6,7 tỷ",25 m²,4 phòng,3 phòng,4 tầng,Sổ đỏ/ Sổ hồng,Đầy đủ,17/09/2025,02/10/2025,Tin thường,44039754,,,,
"The Victoria , Phường Tây Mỗ, Nam Từ Liêm, Hà Nội","7,34 tỷ","45,5 m²",,,,Hợp đồng mua bán,,21/10/2025,05/11/2025,Tin thường,43254662,,7 m,,Tây - Bắc
"Phố Thái Thịnh, Phường Thịnh Quang, Đống Đa, Hà Nội","13,8 tỷ",48 m²,,,,Sổ đỏ/ Sổ hồng,Đầy đủ,22/09/2025,02/10/2025,Tin thường,44080026,,,,
"Mỗ Lao, Đường Mỗ Lao, Phường Mỗ Lao, Hà Đông, Hà Nội","21,5 tỷ",80 m²,,,,Sổ đỏ/ Sổ hồng,,22/10/2025,06/11/2025,Tin thường,44131922,"4,5 m",15 m,,
"Xã Tiên Dương, Đông Anh, Hà Nội","3,65 tỷ",40 m²,,,,Sổ đỏ/ Sổ hồng,,05/10/2025,15/10/2025,Tin thường,44088814,4 m,4 m,,Nam
"Dự án Trung Hòa Nhân Chính, Đường Nguyễn Thị Định, Phường Trung Hòa, Cầu Giấy, Hà Nội","6,2 tỷ",83 m²,3 phòng,2 phòng,,Sổ đỏ/ Sổ hồng,Đầy đủ,22/10/2025,06/11/2025,Tin thường,43253058,,,,
"Dự án Louis City Hoàng Mai, Đường Tân Mai, Phường Hoàng Văn Thụ, Hoàng Mai, Hà Nội",220 triệu/m²,114 m²,,,5 tầng,,,23/09/2025,03/10/2025,Tin thường,44088808,6 m,"17,5 m",Đông,Đông
"Dự án Masteri West Heights, Phường Tây Mỗ, Nam Từ Liêm, Hà Nội","5,6 tỷ","60,5 m²",2 phòng,2 phòng,,Sổ đỏ/ Sổ hồng,Đầy đủ,21/10/2025,05/11/2025,Tin thường,44040268,,,Đông - Nam,Tây - Bắc
"Dự án Louis City Hoàng Mai, Đường Tân Mai, Phường Hoàng Văn Thụ, Hoàng Mai, Hà Nội",220 triệu/m²,"266,8 m²",,,4 tầng,Sổ đỏ/ Sổ hồng.,Không nội thất.,23/09/2025,03/10/2025,Tin thường,44088801,,,,
"Đường Hoàng Quốc Việt, Phường Nghĩa Đô, Cầu Giấy, Hà Nội",22 tỷ,88 m²,,,,Sổ đỏ/ Sổ hồng,,23/09/2025,23/10/2025,Tin thường,44088333,5 m,,,
"Rose Town 79 Ngọc Hồi, Ngọc Hồi, Hoàng Liệt, Hoàng Mai, Hà Nội",Thỏa thuận,66 m²,2 phòng,2 phòng,,,,23/09/2025,08/10/2025,Tin thường,44088795,,,,
"Văn Phú Victoria, Đường Lê Trọng Tấn, Phường Phú La, Hà Đông, Hà Nội",Thỏa thuận,116 m²,3 phòng,2 phòng,,Sổ đỏ/ Sổ hồng,Đầy đủ,22/10/2025,06/11/2025,Tin thường,40692902,,,Đông - Nam,Đông - Nam
"Đường Âu Cơ, Phường Nhật Tân, Tây Hồ, Hà Nội","3,25 tỷ",33 m²,,,,Giấy tờ đóng thuế đất hàng năm,Cơ bản,23/09/2025,08/10/2025,Tin thường,44087817,5 m,"2,5 m",,Đông - Nam
"Vinaconex 1, 289, Đường Khuất Duy Tiến, Phường Trung Hòa, Cầu Giấy, Hà Nội","6,5 tỷ",115 m²,3 phòng,2 phòng,,Sổ đỏ/ Sổ hồng,Đầy đủ,06/10/2025,16/10/2025,Tin thường,43576749,,,,
"Sunshine City, Phường Đông Ngạc, Quận Bắc Từ Liêm, Hà Nội","9,8 tỷ",98 m²,3 phòng,2 phòng,,Sổ đỏ sang tên.,,29/09/2025,09/10/2025,Tin thường,43947856,,,,
"Dự án Vinhomes Ocean Park Gia Lâm, Đường Ngọc Trai 6, Xã Đa Tốn, Gia Lâm, Hà Nội",20 tỷ,"70,8 m²",,,,Có sổ.,,29/09/2025,09/10/2025,Tin thường,43969389,"5,9 m",,,Đông - Nam
"Đường Xuân Thủy, Phường Dịch Vọng, Cầu Giấy, Hà Nội",14 tỷ,63 m²,16 phòng,17 phòng,7 tầng,Sổ đỏ/ Sổ hồng,Đầy đủ,21/10/2025,05/11/2025,Tin thường,44121200,,,Đông - Nam,Đông - Nam
"Dục Tú, Đông Anh, Hà Nội",Thỏa thuận,90 m²,,,,Sổ đỏ/ Sổ hồng,,21/10/2025,05/11/2025,Tin thường,44004428,6 m,15 m,,Tây - Nam
"Phố Nghĩa Tân, Phường Nghĩa Đô, Cầu Giấy, Hà Nội","3,9 tỷ",81 m²,2 phòng,2 phòng,,Sổ đỏ/ Sổ hồng,Đầy đủ,01/10/2025,11/10/2025,Tin thường,44158444,,,,
"Đường Nguyễn Trác, Phường Yên Nghĩa, Hà Đông, Hà Nội","11,8 tỷ",50 m²,,,,Sổ đỏ/ Sổ hồng,,12/10/2025,27/10/2025,Tin thường,44040336,5 m,11 m,,
"Đường DH10, Xã Hạ Bằng, Thạch Thất, Hà Nội",35 triệu/m²,79 m²,,,,Sổ đỏ/ Sổ hồng,,01/10/2025,11/10/2025,Tin thường,42765595,5 m,5 m,,
"Dự án The Mansions, Đường Lê Trọng Tấn, Phường La Khê, Hà Đông, Hà Nội",Thỏa thuận,154 m²,6 phòng,5 phòng,4 tầng,Sổ đỏ/ Sổ hồng,,27/09/2025,07/10/2025,Tin thường,43534151,,,Đông - Nam,Tây - Bắc
"Đường Phố Trạm, Phường Long Biên, Long Biên, Hà Nội","10,2 tỷ",80 m²,,,,Sổ đỏ/ Sổ hồng,,01/10/2025,11/10/2025,Tin thường,44158434,4 m,7 m,,
"Đường Đại lộ Thăng Long, Xã Tiến Xuân, Thạch Thất, Hà Nội",3 tỷ,80 m²,,,,Sổ đỏ/ Sổ hồng,,01/10/2025,11/10/2025,Tin thường,43145934,"5,6 m",7 m,,
"Phố Trung Kính, Phường Trung Hòa, Cầu Giấy, Hà Nội",20 tỷ,78 m²,16 phòng,,6 tầng,Sổ đỏ/ Sổ hồng,Đầy đủ,26/09/2025,06/10/2025,Tin thường,44121696,6 m,,,
"Phường Hà Cầu, Hà Đông, Hà Nội","8,75 tỷ","48,5 m²",,,,Sổ đỏ/ Sổ hồng,,14/09/2025,14/10/2025,Tin thường,44013855,,,,
"Đường Quang Trung, Phường Quang Trung, Hà Đông, Hà Nội","14,6 tỷ",70 m²,,,,Sổ đỏ/ Sổ hồng,,26/09/2025,06/10/2025,Tin thường,44118696,"4,6 m",,,
"Đường Hoàng Như Tiếp, Phường Bồ Đề, Long Biên, Hà Nội","12,75 tỷ",50 m²,4 phòng,5 phòng,6 tầng,Sổ đỏ/ Sổ hồng,Đầy đủ full nội thất xịn.,07/10/2025,17/10/2025,Tin thường,43567132,,,,
"Phố Hoàng Cầu, Phường Ô Chợ Dừa, Đống Đa, Hà Nội","27,9 tỷ",62 m²,4 phòng,5 phòng,5 tầng,Sổ đỏ/ Sổ hồng,,26/09/2025,06/10/2025,Tin thường,43563193,,13 m,,
"Xã Mai Đình, Sóc Sơn, Hà Nội","7,3 tỷ",253 m²,,,,Sổ đỏ/ Sổ hồng,,07/10/2025,17/10/2025,Tin thường,44121693,11 m,7 m,,Tây
"đường Đông Ngạc, Phường Đông Ngạc, Bắc Từ Liêm, Hà Nội","6,6 tỷ",47 m²,,,,Sổ đỏ/ Sổ hồng,,03/10/2025,13/10/2025,Tin thường,44003988,4 m,,,
"Đường Trần Phú, Phường Điện Biên, Ba Đình, Hà Nội","26,5 tỷ",64 m²,4 phòng,4 phòng,5 tầng,Sổ đỏ/ Sổ hồng,Đầy đủ,26/09/2025,06/10/2025,Tin thường,44121690,4 m,5 m,,
"Đường An Dương Vương, Phường Phú Thượng, Tây Hồ, Hà Nội","15,7 tỷ",65 m²,6 phòng,7 phòng,6 tầng,Sổ đỏ/ Sổ hồng,Đầy đủ,26/09/2025,06/10/2025,Tin thường,43254686,"4,5 m",,,
"Đường Phú Thượng, Phường Phú Thượng, Tây Hồ, Hà Nội","25,5 tỷ",78 m²,4 phòng,4 phòng,4 tầng,Sổ đỏ/ Sổ hồng,Đầy đủ,26/09/2025,06/10/2025,Tin thường,44121689,8 m,"13,5 m",,
"Vinhomes D'Capitale, Trần Duy Hưng, Trung Hòa, Cầu Giấy, Hà Nội",6 tỷ,51 m²,1 phòng,1 phòng,,Sổ đỏ/ Sổ hồng,Đầy đủ,23/09/2025,03/10/2025,Tin thường,44090416,,,Đông - Nam,Tây - Bắc
"Đường Vương Thừa Vũ, Phường Khương Trung, Thanh Xuân, Hà Nội","25,5 tỷ","90,5 m²",,,,Sổ đỏ/ Sổ hồng,,25/09/2025,10/10/2025,Tin thường,44072283,,,,
"Đường Mỹ Đình, Phường Mỹ Đình 1, Nam Từ Liêm, Hà Nội",28 tỷ,90 m²,27 phòng,30 phòng,8 tầng,Sổ đỏ/ Sổ hồng,Đầy đủ,25/09/2025,05/10/2025,Tin thường,44095704,"6,5 m",4 m,,
"Đường Ngọc Thụy, Phường Ngọc Thụy, Long Biên, Hà Nội","26,9 tỷ",115 m²,7 phòng,8 phòng,7 tầng,Sổ đỏ/ Sổ hồng,Đầy đủ,25/09/2025,05/10/2025,Tin thường,44106077,6 m,5 m,,
"Đường 6, Xã Thuỷ Xuân Tiên, Chương Mỹ, Hà Nội","4,35 tỷ","173,5 m²",,,,Sổ đỏ/ Sổ hồng,,25/09/2025,05/10/2025,Tin thường,44105708,10 m,7 m,,Đông
"Đường Nguyễn Hoàng, Phường Mỹ Đình 2, Nam Từ Liêm, Hà Nội","9,5 tỷ",42 m²,4 phòng,4 phòng,4 tầng,Sổ đỏ/ Sổ hồng,Đầy đủ,06/10/2025,16/10/2025,Tin thường,44106086,"5,9 m",,,
"Vinhomes Gardenia, Đường Hàm Nghi, Phường Cầu Diễn, Nam Từ Liêm, Hà Nội",5 tỷ,55 m²,1 phòng,1 phòng,,Sổ đỏ/ Sổ hồng,Đầy đủ,25/09/2025,10/10/2025,Tin thường,44106242,,,Tây - Nam,Đông - Nam
"Đường Trần Nguyên Đán, Phường Định Công, Hoàng Mai, Hà Nội",34 tỷ,102 m²,6 phòng,7 phòng,5 tầng,Sổ đỏ/ Sổ hồng,,25/09/2025,05/10/2025,Tin thường,44105103,5 m,9 m,,
"Đường Tô Hiệu, Phường Trung Văn, Nam Từ Liêm, Hà Nội","10,5 tỷ",42 m²,6 phòng,3 phòng,5 tầng,Sổ đỏ/ Sổ hồng,Đầy đủ,25/09/2025,10/10/2025,Tin thường,43620800,,,,
"Dự án The Matrix One, Đường Lê Quang Đạo, Phường Mễ Trì, Nam Từ Liêm, Hà Nội",11 tỷ,125 m²,3 phòng,3 phòng,,Sổ đỏ/ Sổ hồng,,25/09/2025,25/10/2025,Tin thường,44106035,,,Đông - Nam,Đông - Bắc
"Xóm Trại My Dương, Đường Quốc lộ 21B, Xã Thanh Mai, Thanh Oai, Hà Nội","2,5 tỷ",50 m²,,,,Sổ đỏ/ Sổ hồng,,16/10/2025,31/10/2025,Tin thường,42155444,4 m,3 m,,Nam
"Đường Đại lộ Thăng Long, Xã Đồng Trúc, Thạch Thất, Hà Nội",40 triệu/m²,200 m²,,,,Sổ đỏ/ Sổ hồng,,21/10/2025,20/11/2025,Tin thường,43763699,8 m,15 m,,Đông - Nam
"Đường Phú Mãn, Xã Phú Cát, Quốc Oai, Hà Nội",Thỏa thuận,78 m²,,,,Sổ đỏ/ Sổ hồng.,,21/10/2025,05/11/2025,Tin thường,43792038,6 m,7 m,,Đông - Nam
"Đường Kim Hoàng, Xã Vân Canh, Hoài Đức, Hà Nội","5,3 tỷ",40 m²,,,3 tầng,Sổ đỏ/ Sổ hồng,,12/09/2025,12/10/2025,Tin thường,43996183,,,,
"Xã Di Trạch, Hoài Đức, Hà Nội","4,3 tỷ",34 m²,,,,Sổ đỏ/ Sổ hồng,,13/09/2025,13/10/2025,Tin thường,44006496,,,,
"Phố Hồng Tiến, Phường Bồ Đề, Long Biên, Hà Nội","15,5 tỷ",58 m²,4 phòng,3 phòng,5 tầng,Sổ đỏ/ Sổ hồng,Đầy đủ,30/09/2025,10/10/2025,Tin thường,43075951,4 m,"4,5 m",,
"Đường Trinh Lương, Phường Phú Lương, Hà Đông, Hà Nội","4,86 tỷ",32 m²,3 phòng,3 phòng,4 tầng,Sổ đỏ/ Sổ hồng,Cơ bản,30/09/2025,10/10/2025,Tin thường,44150914,"3,6 m","2,5 m",,
"Đường Yên Xá, Xã Tân Triều, Thanh Trì, Hà Nội","14,8 tỷ",70 m²,22 phòng,1 phòng,,Sổ đỏ/ Sổ hồng,,30/09/2025,30/10/2025,Tin thường,44150912,,,,
"Đường Đồng Vỡ, Xã Phú Mãn, Quốc Oai, Hà Nội","2,4 tỷ",78 m²,,,,Sổ đỏ/ Sổ hồng.,,12/10/2025,11/11/2025,Tin thường,43763054,6 m,6 m,,
"Dự án Golden Westlake, Đường Thụy Khuê, Phường Thụy Khuê, Tây Hồ, Hà Nội","11,5 tỷ","113,2 m²",2 phòng,2 phòng,,Sổ đỏ.,,06/10/2025,16/10/2025,Tin thường,42685819,,,,
"Phố Hoàng Đạo Thúy, Phường Trung Hòa, Cầu Giấy, Hà Nội",98 triệu/m²,310 m²,,,,Sổ đỏ/ Sổ hồng,Đầy đủ,29/09/2025,09/10/2025,Tin thường,44141268,,,,
"Dự án Làng Việt Kiều Châu Âu Euroland, Đường Nguyễn Văn Lộc, Phường Mỗ Lao, Hà Đông, Hà Nội",Thỏa thuận,180 m²,,,4 tầng,Sổ đỏ/ Sổ hồng.,Nội thất cơ bản.,16/10/2025,31/10/2025,Tin thường,43291633,,,,Đông - Bắc
"Phố Pháo Đài Láng, Phường Láng Thượng, Đống Đa, Hà Nội","23,48 tỷ",62 m²,,,5 tầng,Sổ đỏ/ Sổ hồng,,10/10/2025,20/10/2025,Tin thường,44056980,,,,
"Đường Trường Chinh, Phường Khương Thượng, Đống Đa, Hà Nội","51,5 tỷ",60 m²,6 phòng,8 phòng,8 tầng,Sổ đỏ/ Sổ hồng,Đầy đủ,29/09/2025,09/10/2025,Tin thường,44140451,8 m,10 m,,
"Đường Xuân Thủy, Phường Dịch Vọng Hậu, Cầu Giấy, Hà Nội",21 tỷ,79 m²,20 phòng,20 phòng,5 tầng,Sổ đỏ/ Sổ hồng,Full nội thất.,29/09/2025,09/10/2025,Tin thường,43989196,"6,4 m",4 m,,
"Phường Thạch Bàn, Long Biên, Hà Nội","8,65 tỷ",42 m²,3 phòng,5 phòng,6 tầng,Sổ đỏ/ Sổ hồng,Đầy đủ,29/09/2025,29/10/2025,Tin thường,44141251,5 m,4 m,,
"Ngõ 173, Đường An Dương Vương, Phường Phú Thượng, Tây Hồ, Hà Nội","19,5 tỷ","90,6 m²",21 phòng,21 phòng,8 tầng,Sổ đỏ/ Sổ hồng,Đầy đủ,21/10/2025,05/11/2025,Tin thường,43472084,"6,08 m","2,5 m",Đông - Nam,Đông - Nam
"Đường Bằng Liệt, Phường Hoàng Liệt, Hoàng Mai, Hà Nội","7,4 tỷ",40 m²,2 phòng,1 phòng,1 tầng,Sổ đỏ/ Sổ hồng,Cơ bản,29/09/2025,09/10/2025,Tin thường,44141249,5 m,4 m,,
"Mailand Hanoi City, Đại lộ Thăng Long, An Khánh, Hoài Đức, Hà Nội",230 triệu/m²,128 m²,4 phòng,4 phòng,5 tầng,Sổ đỏ/ Sổ hồng,Đầy đủ,06/10/2025,16/10/2025,Tin thường,43381839,6 m,16 m,Nam,Nam
"Dự án Vinhomes Ocean Park Gia Lâm, Xã Dương Xá, Gia Lâm, Hà Nội","3,62 tỷ",58 m²,2 phòng,1 phòng,,Sổ đỏ/ Sổ hồng,Đầy đủ,29/09/2025,06/10/2025,Tin thường,44141246,,,Tây - Bắc,
"Ruby Park, Phúc Lợi, Phúc Lợi, Long Biên, Hà Nội",63 triệu/m²,46 m²,1 phòng,1 phòng,,,,29/09/2025,09/10/2025,Tin thường,44141135,,,,
"The Ninety Complex, 90, Đường Láng, Phường Thịnh Quang, Đống Đa, Hà Nội","3,5 tỷ",38 m²,1 phòng,1 phòng,,Hợp đồng mua bán,Đầy đủ,29/09/2025,06/10/2025,Tin thường,44139201,,,Tây - Nam,Đông - Bắc
"The Sapphire-Vinhomes Smart City, Tây Mỗ, Nam Từ Liêm, Hà Nội","4,22 tỷ",60 m²,,,,Sổ đỏ/ Sổ hồng,,22/10/2025,29/10/2025,Tin VIP Kim Cương,43581124,,,,
"Đường Xuân Đỉnh, Phường Xuân La, Tây Hồ, Hà Nội",17 tỷ,56 m²,,,,Sổ đỏ,,11/10/2025,21/10/2025,Tin thường,44138408,,21 m,,
"Dự án Vinhomes Ocean Park Gia Lâm, Xã Dương Xá, Gia Lâm, Hà Nội",56 tỷ,227 m²,,,,Sổ đỏ/ Sổ hồng,,11/10/2025,26/10/2025,Tin VIP Kim Cương,40465470,"16,1 m",,Đông - Nam,Đông - Nam
"Dự án Vinhomes Wonder City, Xã Tân Hội, Đan Phượng, Hà Nội","5,86 tỷ",93 m²,3 phòng,,,,,21/10/2025,31/10/2025,Tin VIP Bạc,43933818,,,,
"Mipec Rubik 360, Đường Xuân Thủy, Phường Dịch Vọng Hậu, Cầu Giấy, Hà Nội","10,8 tỷ",85 m²,2 phòng,2 phòng,,Sổ đỏ/ Sổ hồng,Cơ bản,26/09/2025,03/10/2025,Tin thường,44118214,,,Bắc,
"Đường Đức Diễn, Phường Phú Diễn, Bắc Từ Liêm, Hà Nội","9,8 tỷ",47 m²,9 phòng,9 phòng,6 tầng,Sổ đỏ/ Sổ hồng,Đầy đủ,22/10/2025,29/10/2025,Tin VIP Vàng,44137068,,,,
"Dự án Sunshine Garden, Đường Dương Văn Bé, Phường Vĩnh Tuy, Hai Bà Trưng, Hà Nội","11,5 tỷ",140 m²,4 phòng,2 phòng,,Sổ đỏ/ Sổ hồng,Đầy đủ,16/10/2025,23/10/2025,Tin VIP Kim Cương,41938029,,,,
"Dự án Jade Square, Đường Nguyễn Đình Tứ, Phường Xuân Đỉnh, Bắc Từ Liêm, Hà Nội",90 triệu/m²,72 m²,2 phòng,2 phòng,,Sổ đỏ/ Sổ hồng,Đầy đủ,07/10/2025,17/10/2025,Tin thường,44116231,,,Nam,Bắc
"Đường An Hòa, Phường Mỗ Lao, Hà Đông, Hà Nội",52 tỷ,140 m²,42 phòng,42 phòng,8 tầng,Sổ đỏ/ Sổ hồng,Đầy đủ,23/09/2025,03/10/2025,Tin thường,44003952,7 m,15 m,,
"Dự án Lumière Bayfront, Thị trấn Trâu Quỳ, Gia Lâm, Hà Nội",113 triệu/m²,60 m²,2 phòng,2 phòng,,Sổ đỏ/ Sổ hồng,Cơ bản,23/09/2025,23/10/2025,Tin thường,44088290,,,Đông - Nam,Đông
"Đường Trường Chinh, Phường Khương Thượng, Đống Đa, Hà Nội",12 tỷ,50 m²,4 phòng,4 phòng,5 tầng,Sổ đỏ/ Sổ hồng,Đầy đủ,23/09/2025,03/10/2025,Tin thường,44088771,4 m,,,
"Dự án Louis City Hoàng Mai, Đường Tân Mai, Phường Hoàng Văn Thụ, Hoàng Mai, Hà Nội",335 triệu/m²,190 m²,6 phòng,6 phòng,5 tầng,Sổ đỏ/ Sổ hồng.,"Nhà thô, đã sơn hoàn thiện bên ngoài.",17/10/2025,01/11/2025,Tin thường,41921608,"8,55 m",30 m,Nam,Nam
"Phố Vạn Phúc, Xã Vạn Phúc, Thanh Trì, Hà Nội","5,2 tỷ",105 m²,,,,Sổ đỏ/ Sổ hồng,,04/10/2025,14/10/2025,Tin thường,44088748,5 m,,,
"Vinhomes Nguyễn Chí Thanh, Nguyễn Chí Thanh, Láng Thượng, Đống Đa, Hà Nội",Thỏa thuận,160 m²,4 phòng,2 phòng,,,,23/09/2025,03/10/2025,Tin thường,44088743,,,,
"Louis City Hoàng Mai, Tân Mai, Hoàng Văn Thụ, Hoàng Mai, Hà Nội","29,8 tỷ",109 m²,6 phòng,8 phòng,5 tầng,Sổ đỏ/ Sổ hồng,Không nội thất.,17/10/2025,01/11/2025,Tin thường,41631526,5 m,"22,5 m",Nam,Nam
"Dự án Masteri West Heights, Phường Tây Mỗ, Nam Từ Liêm, Hà Nội.","2,4 tỷ",30 m²,1 phòng,1 phòng,,Hợp đồng mua bán,Đầy đủ,08/10/2025,18/10/2025,Tin thường,41261070,,,,Nam
"Phố Doãn Kế Thiện, Phường Mai Dịch, Cầu Giấy, Hà Nội",Thỏa thuận,100 m²,3 phòng,2 phòng,2 tầng,Sổ đỏ/ Sổ hồng,,23/09/2025,03/10/2025,Tin thường,43925890,"5,2 m",,,
"Solasta Mansion, Đường Tố Hữu, Phường Dương Nội, Hà Đông, Hà Nội",28 tỷ,170 m²,5 phòng,6 phòng,4 tầng,Sổ đỏ/ Sổ hồng,Không nội thất,23/09/2025,03/10/2025,Tin thường,44088146,"8,5 m",10 m,,
"Dự án H11 Starlake, Phường Xuân Tảo, Bắc Từ Liêm, Hà Nội",68 tỷ,154 m²,6 phòng,5 phòng,5 tầng,Sổ đỏ/ Sổ hồng,Đầy đủ,10/10/2025,20/10/2025,Tin thường,43024310,15 m,30 m,Đông,Đông
"Dự án KĐT Tây Hồ Tây - Starlake Hà Nội, Phường Xuân La, Tây Hồ, Hà Nội",Thỏa thuận,150 m²,5 phòng,4 phòng,,Sổ đỏ/ Sổ hồng,Đầy đủ,16/10/2025,31/10/2025,Tin thường,42920288,,15 m,Đông,Đông
"Hoàng Văn Thụ, Chương Mỹ, Hà Nội","3,7 tỷ","99,4 m²",,,,Sổ đỏ/ Sổ hồng,,22/10/2025,06/11/2025,Tin thường,44014256,5 m,56 m,,
"Dự án The Matrix One Premium, Phường Mễ Trì, Nam Từ Liêm, Hà Nội",160 triệu/m²,324 m²,3 phòng,,3 tầng,Hợp đồng mua bán,Không nội thất,21/10/2025,05/11/2025,Tin thường,43379212,,,,
"Dự án Galia Hanoi, Phường Yên Sở, Hoàng Mai, Hà Nội",16 tỷ,"157,6 m²",,,,Hợp đồng mua bán,,21/10/2025,05/11/2025,Tin thường,43877720,,,,
"KĐT Đại Kim, Đường Nghiêm Xuân Yêm, Phường Đại Kim, Hoàng Mai, Hà Nội",23 tỷ,64 m²,3 phòng,4 phòng,5 tầng,Sổ đỏ/ Sổ hồng,Cơ bản,22/09/2025,02/10/2025,Tin thường,44076865,"5,7 m",10 m,,
"Dự án The Victoria , Phường Tây Mỗ, Nam Từ Liêm, Hà Nội",Thỏa thuận,52 m²,,,,Hợp đồng mua bán,,08/10/2025,18/10/2025,Tin thường,42683073,,,,
"Phường Thịnh Quang, Đống Đa, Hà Nội","9,98 tỷ",40 m²,4 phòng,5 phòng,6 tầng,Sổ đỏ/ Sổ hồng,Đầy đủ,28/09/2025,08/10/2025,Tin thường,43969951,"6,4 m",5 m,Tây,Tây
"Xã Võng La, Đông Anh, Hà Nội","4,3 tỷ",44 m²,3 phòng,3 phòng,3 tầng,Sổ đỏ/ Sổ hồng,Cơ bản,28/09/2025,08/10/2025,Tin thường,44131891,"6,1 m",,,
"Đường Vành Đai 3.5, Xã Kim Chung, Hoài Đức, Hà Nội",19 tỷ,"128,4 m²",,,,Sổ đỏ/ Sổ hồng,,14/10/2025,29/10/2025,Tin thường,44131888,10 m,20 m,,Tây - Nam
"Le Grand Jardin Sài Đồng, Huỳnh Văn Nghệ, Sài Đồng, Long Biên, Hà Nội","6,6 tỷ",85 m²,3 phòng,2 phòng,,Sổ đỏ/ Sổ hồng,Cơ bản,21/10/2025,05/11/2025,Tin thường,43682407,,,Tây - Bắc,Đông - Nam
"Xã Thụy Lâm, Đông Anh, Hà Nội",7 tỷ,95 m²,,,,Sổ đỏ/ Sổ hồng,,01/10/2025,11/10/2025,Tin thường,44158426,,,,
"Le Grand Jardin Sài Đồng, Huỳnh Văn Nghệ, Sài Đồng, Long Biên, Hà Nội","7,5 tỷ",99 m²,3 phòng,2 phòng,,Sổ đỏ/ Sổ hồng,Đầy đủ.,19/10/2025,03/11/2025,Tin thường,43687729,,,Tây - Bắc,Đông - Nam
"Dự án Khu đô thị Kim Hoa, Xã Kim Hoa, Mê Linh, Hà Nội",13 tỷ,300 m²,5 phòng,5 phòng,,Sổ đỏ/ Sổ hồng,,16/09/2025,16/10/2025,Tin thường,44024095,20 m,,,Đông - Nam
"Noble Palace Tây Thăng Long, Hoàng Quốc Việt, Tân Lập, Đan Phượng, Hà Nội","17,87 tỷ","72,3 m²",5 phòng,4 phòng,4 tầng,Sổ đỏ/ Sổ hồng,Hoàn thiện mặt ngoài phong cách Châu Âu,29/09/2025,09/10/2025,Tin thường,44035945,5 m,50 m,,Tây - Nam
"Dự án TMC Smart Home, Đường Nguyễn Đình Tứ, Phường Xuân Đỉnh, Bắc Từ Liêm, Hà Nội",7 tỷ,70 m²,2 phòng,2 phòng,,Sổ đỏ/ Sổ hồng,Cơ bản,22/09/2025,02/10/2025,Tin thường,44076951,,,Đông - Bắc,Tây - Nam
"Đường Đội Cấn, Phường Cống Vị, Ba Đình, Hà Nội",62 tỷ,90 m²,,,9 tầng,Sổ đỏ/ Sổ hồng,,15/10/2025,25/10/2025,Tin thường,43980748,8 m,,,
"Đường Võ Chí Công, Phường Xuân La, Tây Hồ, Hà Nội",158 tỷ,300 m²,,,9 tầng,Sổ đỏ/ Sổ hồng,Full nội thất cao cấp.,15/10/2025,25/10/2025,Tin thường,43982434,10 m,,,
"Đường Lê Đức Thọ, Phường Mỹ Đình 2, Nam Từ Liêm, Hà Nội",54 tỷ,112 m²,,,11 tầng,Sổ đỏ/ Sổ hồng,,15/10/2025,25/10/2025,Tin thường,43981526,7 m,,,
"Dự án 101 Láng Hạ, Phố Láng Hạ, Phường Láng Hạ, Đống Đa, Hà Nội","13,3 tỷ",165 m²,3 phòng,2 phòng,,Sổ đỏ/ Sổ hồng,Đầy đủ,20/10/2025,04/11/2025,Tin thường,43192117,,,Nam,Đông - Bắc
"Đường Thạch Bàn, Phường Long Biên, Long Biên, Hà Nội","17,9 tỷ",151 m²,,,,Sổ đỏ/ Sổ hồng,,06/10/2025,16/10/2025,Tin thường,44106239,"5,2 m",9 m,,
"Dự án Vinhomes D'Capitale, Đường Trần Duy Hưng, Phường Trung Hòa, Cầu Giấy, Hà Nội","10,25 tỷ",94 m²,3 phòng,2 phòng,,Sổ đỏ/ Sổ hồng,Đầy đủ,24/09/2025,04/10/2025,Tin thường,43986814,,,,Tây - Bắc
"Đường Ngọc Lâm, Phường Ngọc Lâm, Long Biên, Hà Nội","5,5 tỷ",26 m²,3 phòng,3 phòng,4 tầng,Sổ đỏ/ Sổ hồng,Đầy đủ,23/09/2025,03/10/2025,Tin thường,44087512,5 m,,,
"Đường Kim Ngưu, Phường Thanh Lương, Hai Bà Trưng, Hà Nội","10,2 tỷ",45 m²,3 phòng,4 phòng,5 tầng,Sổ đỏ chính chủ,Đầy đủ,25/09/2025,05/10/2025,Tin thường,42097386,"3,62 m",3 m,,
"Đường 32, Thị trấn Trạm Trôi, Hoài Đức, Hà Nội","4,55 tỷ",40 m²,5 phòng,5 phòng,4 tầng,Sổ đỏ/ Sổ hồng,Cơ bản.,25/09/2025,05/10/2025,Tin thường,44006443,,,,
"Phố Thái Hà, Phường Trung Liệt, Đống Đa, Hà Nội",15 tỷ,60 m²,,,5 tầng,Sổ đỏ/ Sổ hồng,,25/09/2025,05/10/2025,Tin thường,43249899,4 m,,,
"Dự án HH2 Linh Đàm, Phường Hoàng Liệt, Hoàng Mai, Hà Nội","3,25 tỷ",66 m²,2 phòng,2 phòng,,Hợp đồng mua bán,Đầy đủ,25/09/2025,05/10/2025,Tin thường,44106226,,,,
"Đường Phú Đô, Phường Phú Đô, Nam Từ Liêm, Hà Nội","13,5 tỷ",52 m²,10 phòng,10 phòng,7 tầng,Sổ đỏ/ Sổ hồng,Đầy đủ,25/09/2025,10/10/2025,Tin thường,44095633,"7,4 m",,,
"Phố Mai Anh Tuấn, Phường Ô Chợ Dừa, Đống Đa, Hà Nội",29 tỷ,55 m²,6 phòng,8 phòng,6 tầng,Sổ đỏ/ Sổ hồng,Đầy đủ,16/10/2025,31/10/2025,Tin thường,40634268,5 m,,,
"Đường Chính Trung, Thị trấn Trâu Quỳ, Gia Lâm, Hà Nội","21,1 tỷ",123 m²,,,,Sổ đỏ/ Sổ hồng,,25/09/2025,05/10/2025,Tin thường,44106218,"6,54 m",11 m,,
"Dự án Lideco, Đường Quốc lộ 32, Thị trấn Trạm Trôi, Hoài Đức, Hà Nội",34 tỷ,222 m²,,,5 tầng,Sổ đỏ/ Sổ hồng,Không nội thất,19/09/2025,19/10/2025,Tin thường,42531091,11 m,24 m,,
"Đường An Dương, Phường Yên Phụ, Tây Hồ, Hà Nội","2,6 tỷ",18 m²,2 phòng,2 phòng,4 tầng,Sổ đỏ/ Sổ hồng chung,,23/09/2025,23/10/2025,Tin thường,42778153,,,,
"Đường Thịnh Quang, Phường Thịnh Quang, Đống Đa, Hà Nội","7,75 tỷ",31 m²,3 phòng,4 phòng,5 tầng,Sổ đỏ/ Sổ hồng,Đầy đủ,26/09/2025,06/10/2025,Tin thường,44120272,5 m,2 m,,
"Xã Phú Cát, Quốc Oai, Hà Nội",Thỏa thuận,100 m²,,,,Sổ đỏ/ Sổ hồng.,,13/10/2025,23/10/2025,Tin thường,44002790,6 m,10 m,,
"Thôn Nhì, Xã Vân Nội, Đông Anh, Hà Nội",75 triệu/m²,"113,3 m²",,,,Sổ đỏ/sổ hồng,,14/10/2025,24/10/2025,Tin thường,42884613,6 m,,,
"Đường Cửu Việt 1, Thị trấn Trâu Quỳ, Gia Lâm, Hà Nội","20,5 tỷ",120 m²,25 phòng,26 phòng,5 tầng,Sổ đỏ/ Sổ hồng,,15/10/2025,25/10/2025,Tin thường,42779565,6 m,9 m,,Tây - Nam
"Đường Nhổn, Phường Xuân Phương, Nam Từ Liêm, Hà Nội",23 tỷ,130 m²,35 phòng,35 phòng,,Sổ đỏ/ Sổ hồng,,26/09/2025,06/10/2025,Tin thường,44121682,,,,
"Dự án New Space, Phường Giang Biên, Long Biên, Hà Nội","5,1 tỷ",73 m²,2 phòng,2 phòng,,Sổ đỏ/ Sổ hồng,Cơ bản.,08/10/2025,18/10/2025,Tin thường,43021931,,,Bắc,Nam
"Xã An Khánh, Hoài Đức, Hà Nội","6,6 tỷ",45 m²,4 phòng,3 phòng,4 tầng,Sổ đỏ/ Sổ hồng,Cơ bản,22/09/2025,02/10/2025,Tin thường,44082084,"3,7 m","3,5 m",,
"Đường Mỹ Đình 1, Phường Mỹ Đình 1, Nam Từ Liêm, Hà Nội","8,15 tỷ",36 m²,4 phòng,,4 tầng,Sổ đỏ/ Sổ hồng,Đầy đủ,24/09/2025,24/10/2025,Tin thường,44101446,,,,
"Xã Minh Phú, Sóc Sơn, Hà Nội","8,6 tỷ",450 m²,,,,Sổ đỏ/ Sổ hồng,,22/09/2025,02/10/2025,Tin thường,43856316,20 m,5 m,,
"Đường 21B, Xã Bích Hòa, Thanh Oai, Hà Nội","2,29 tỷ",30 m²,4 phòng,,4 tầng,Sổ đỏ/ Sổ hồng,,30/09/2025,10/10/2025,Tin thường,44150899,,,,
"Đường Nguyễn Sơn, Phường Gia Thụy, Long Biên, Hà Nội","14,5 tỷ",61 m²,3 phòng,3 phòng,3 tầng,,,30/09/2025,10/10/2025,Tin thường,42852025,"3,65 m",6 m,,
"Đường Quốc lộ 21A(Quốc lộ 21), Xã Cổ Đông, Sơn Tây, Hà Nội",3 tỷ,100 m²,,,,Sổ đỏ/ Sổ hồng,,21/10/2025,05/11/2025,Tin thường,43764365,6 m,7 m,,Đông - Nam
"Đường Lê Quang Đạo, Phường Phú Đô, Nam Từ Liêm, Hà Nội",15 tỷ,67 m²,16 phòng,16 phòng,7 tầng,Sổ đỏ/ Sổ hồng,Đầy đủ,30/09/2025,10/10/2025,Tin thường,44010509,5 m,,,
"Ngõ 205, Đường Xuân Đỉnh, Phường Xuân Đỉnh, Bắc Từ Liêm, Hà Nội","7,8 tỷ",31 m²,3 phòng,4 phòng,5 tầng,Sổ đỏ/ Sổ hồng,Đầy đủ,28/09/2025,08/10/2025,Tin thường,44131401,5 m,3 m,,
"Đường ĐT 420, Xã Bình Yên, Thạch Thất, Hà Nội",Thỏa thuận,150 m²,,,,Sổ đỏ/ Sổ hồng,,30/09/2025,30/10/2025,Tin thường,44150879,6 m,28 m,,
"Phố Lý Thường Kiệt, Phường Trần Hưng Đạo, Hoàn Kiếm, Hà Nội",95 tỷ,95 m²,8 phòng,6 phòng,6 tầng,Sổ đỏ/ Sổ hồng,Đầy đủ.,20/10/2025,04/11/2025,Tin thường,42415766,"4,8 m",25 m,Tây - Nam,Tây - Nam
"Đường Phan Kế Bính, Phường Cống Vị, Ba Đình, Hà Nội","13,85 tỷ",43 m²,,,4 tầng,Sổ đỏ/ Sổ hồng,Đầy đủ,07/10/2025,17/10/2025,Tin thường,44117265,,,,
"Đường Chiến Thắng, Phường Văn Quán, Hà Đông, Hà Nội","11,5 tỷ",35 m²,3 phòng,3 phòng,5 tầng,Sổ đỏ/ Sổ hồng,,30/09/2025,30/10/2025,Tin thường,44150876,"3,5 m",8 m,,
"Dự án VOV Mễ Trì, Đường Lương Thế Vinh, Phường Mễ Trì, Nam Từ Liêm, Hà Nội","5,6 tỷ",72 m²,2 phòng,2 phòng,,Sổ đỏ/ Sổ hồng,Đầy đủ,29/09/2025,09/10/2025,Tin thường,44140830,,,Đông - Nam,Tây - Bắc
"Phố Giảng Võ, Phường Giảng Võ, Ba Đình, Hà Nội","62,9 tỷ",131 m²,3 phòng,2 phòng,1 tầng,Sổ đỏ/ Sổ hồng,Không nội thất,21/10/2025,05/11/2025,Tin thường,43936637,"11,2 m",5 m,Tây - Nam,Tây - Nam
"Dự án Sun Feliza Suites, Đường Phạm Hùng, Phường Dịch Vọng Hậu, Cầu Giấy, Hà Nội",Thỏa thuận,121 m²,,,,Sổ đỏ/ Sổ hồng,Đầy đủ,16/10/2025,31/10/2025,Tin thường,43314501,,,,
"IA20 Ciputra, Phường Đông Ngạc, Bắc Từ Liêm, Hà Nội",8 tỷ,110 m²,3 phòng,2 phòng,,Sổ đỏ/ Sổ hồng,Đầy đủ,29/09/2025,09/10/2025,Tin thường,44141237,,,Tây - Nam,Đông - Bắc
"Dự án Vinhomes Ocean Park Gia Lâm, Xã Dương Xá, Gia Lâm, Hà Nội","30,85 tỷ","142,2 m²",4 phòng,5 phòng,,Sổ đỏ/ Sổ hồng,Đầy đủ,29/09/2025,09/10/2025,Tin thường,42764580,"7,9 m",13 m,,Đông - Nam
"Đường Lạc Long Quân, Phường Phú Thượng, Tây Hồ, Hà Nội",129 tỷ,250 m²,5 phòng,5 phòng,,Sổ đỏ/ Sổ hồng,,14/10/2025,24/10/2025,Tin thường,44009727,15 m,,Nam,Tây
"Đường Tuệ Tĩnh, Phường Bùi Thị Xuân, Hai Bà Trưng, Hà Nội",169 tỷ,190 m²,,,,Sổ đỏ/ Sổ hồng,,17/10/2025,01/11/2025,Tin thường,44141232,,,,
"Dự án An Quý Villa - KĐT Dương Nội, Phường Dương Nội, Hà Đông, Hà Nội",39 tỷ,180 m²,,,3 tầng,,,11/10/2025,26/10/2025,Tin VIP Bạc,44020714,,,,
"Đường Hoàng Văn Thái, Phường Khương Trung, Thanh Xuân, Hà Nội","16,9 tỷ",48 m²,6 phòng,6 phòng,5 tầng,Sổ đỏ/ Sổ hồng,Đầy đủ,11/10/2025,21/10/2025,Tin thường,44141231,"4,3 m",6 m,Tây - Nam,Tây - Nam
"New House City, Đại lộ Thăng Long, Quốc Oai, Quốc Oai, Hà Nội",Thỏa thuận,360 m²,5 phòng,5 phòng,4 tầng,Sổ đỏ/ Sổ hồng,,29/09/2025,09/10/2025,Tin thường,44141230,15 m,,,Bắc
"Imperial Plaza, 360, Đường Giải Phóng, Phường Phương Liệt, Thanh Xuân, Hà Nội",Thỏa thuận,80 m²,,,,Sổ lâu dài.,Full nội thất.,16/10/2025,31/10/2025,Tin thường,43942291,,,Bắc,Nam
"The Queen, 360, Đường Giải Phóng, Phường Phương Liệt, Thanh Xuân, Hà Nội","7,4 tỷ",73 m²,2 phòng,2 phòng,,Sổ đỏ/ Sổ hồng,Đầy đủ,17/10/2025,24/10/2025,Tin VIP Kim Cương,43945724,,,Đông - Nam,
"Dự án Solasta Mansion, Đường Tố Hữu, Phường Dương Nội, Hà Đông, Hà Nội","32,9 tỷ",170 m²,,,,,,28/09/2025,13/10/2025,Tin thường,42032756,,"21,5 m",,
"Đường Ngọc Hà, Phường Ngọc Hà, Ba Đình, Hà Nội",35 tỷ,62 m²,4 phòng,4 phòng,4 tầng,Sổ đỏ/ Sổ hồng,Đầy đủ,28/09/2025,05/10/2025,Tin thường,44134389,4 m,20 m,,
"Dự án Hà Nội Melody Residences, Đường Bằng Liệt, Phường Hoàng Liệt, Hoàng Mai, Hà Nội","4,8 tỷ",76 m²,2 phòng,2 phòng,,Sổ đỏ/ Sổ hồng,Đầy đủ,02/10/2025,09/10/2025,Tin thường,44032906,,,Đông - Nam,Đông - Nam
,,,,,,,,,,,,,,,
"Dự án Hà Nội Melody Residences, Đường Bằng Liệt, Phường Hoàng Liệt, Hoàng Mai, Hà Nội","4,65 tỷ",75 m²,2 phòng,,,,,18/10/2025,02/11/2025,Tin VIP Vàng,43501184,,,Đông - Nam,
"Dự án Masteri West Heights, Phường Tây Mỗ, Nam Từ Liêm, Hà Nội","5,3 tỷ","62,3 m²",1 phòng,1 phòng,,Sổ đỏ/ Sổ hồng.,Nội thất mới 100%.,26/09/2025,03/10/2025,Tin thường,43999888,,,,
"Dự án Masteri West Heights, Phường Tây Mỗ, Nam Từ Liêm, Hà Nội","2,65 tỷ","30,8 m²",1 phòng,1 phòng,,Sổ đỏ/ Sổ hồng,Đầy đủ,22/10/2025,29/10/2025,Tin VIP Kim Cương,41615487,,,,
"The Ninety Complex, Số 90, Đường Láng, Phường Thịnh Quang, Đống Đa, Hà Nội","5,8 tỷ",64 m²,2 phòng,2 phòng,,,Đầy đủ,28/09/2025,08/10/2025,Tin thường,44131863,,,,
"Ngõ 132, Đường Xuân Thủy, Phường Dịch Vọng Hậu, Cầu Giấy, Hà Nội","9,99 tỷ",43 m²,5 phòng,5 phòng,6 tầng,Sổ đỏ/ Sổ hồng,Đầy đủ,23/09/2025,03/10/2025,Tin thường,44088730,"4,2 m",4 m,,
"Dự án The Sakura - Vinhomes Smart City, Phường Tây Mỗ, Nam Từ Liêm, Hà Nội","3,8 tỷ",54 m²,2 phòng,2 phòng,,Sổ đỏ/ Sổ hồng,Đầy đủ.,08/10/2025,18/10/2025,Tin thường,41288006,,,,
"Mậu Lương ,Phường Kiến Hưng, Hà Đông, Hà Nội","4,98 tỷ",34 m²,3 phòng,,5 tầng,,,23/09/2025,08/10/2025,Tin thường,43989925,,,,
"The Charm An Hưng, Tố Hữu, La Khê, Hà Đông, Hà Nội",5 tỷ,54 m²,2 phòng,1 phòng,,Sổ đỏ/ Sổ hồng,Đầy đủ,23/09/2025,03/10/2025,Tin thường,44088717,,,Tây - Nam,Đông - Bắc
,,,,,,,,,,,,,,,
"Đường Lễ Pháp, Xã Tiên Dương, Đông Anh, Hà Nội","5,34 tỷ",57 m²,,,,Sổ đỏ/ Sổ hồng,,23/09/2025,08/10/2025,Tin thường,44088705,5 m,"2,5 m",,
"Đường Nguyễn Văn Cừ, Phường Ngọc Lâm, Long Biên, Hà Nội",11 tỷ,70 m²,4 phòng,5 phòng,6 tầng,Sổ đỏ/ Sổ hồng,Đầy đủ,23/09/2025,03/10/2025,Tin thường,42672581,5 m,,,
"Dự án KĐT Mễ Trì Hạ, Đường Phạm Hùng, Phường Mễ Trì, Nam Từ Liêm, Hà Nội",73 tỷ,181 m²,,,,Sổ đỏ/ Sổ hồng,,07/10/2025,17/10/2025,Tin thường,42343357,11 m,,,
"Phường Minh Khai, Bắc Từ Liêm, Hà Nội","5,5 tỷ",45 m²,8 phòng,8 phòng,5 tầng,Sổ đỏ/ Sổ hồng,,23/09/2025,23/10/2025,Tin thường,44088045,"3,5 m",3 m,Tây - Bắc,Tây - Bắc
"Dự án Chung cư The Senique Hanoi , Đường Lý Thánh Tông, Xã Dương Xá, Gia Lâm, Hà Nội","4,85 tỷ",75 m²,3 phòng,2 phòng,,Sổ đỏ/ Sổ hồng,Đầy đủ,23/09/2025,23/10/2025,Tin thường,44087764,,,,
"Đường Khương Đình, Phường Hạ Đình, Thanh Xuân, Hà Nội","7,6 tỷ",37 m²,4 phòng,4 phòng,5 tầng,Sổ đỏ/ Sổ hồng,Đầy đủ,28/09/2025,08/10/2025,Tin thường,44131887,,,,
"Samsora Premier, Chu Văn An, Quang Trung, Hà Đông, Hà Nội","6,1 tỷ","80,7 m²",3 phòng,2 phòng,,Sổ đỏ/ Sổ hồng,Đầy đủ,28/09/2025,08/10/2025,Tin thường,44131886,,,Bắc,Tây
"Đường Kim Giang, Phường Đại Kim, Hoàng Mai, Hà Nội","11,5 tỷ",49 m²,10 phòng,10 phòng,6 tầng,Sổ đỏ/ Sổ hồng,,28/09/2025,08/10/2025,Tin thường,44131884,4 m,4 m,,
"Chelsea Residences, 48, Đường Trần Kim Xuyến, Phường Yên Hòa, Cầu Giấy, Hà Nội","10,5 tỷ",100 m²,3 phòng,2 phòng,,Sổ đỏ/ Sổ hồng,Đầy đủ,28/09/2025,08/10/2025,Tin thường,42990507,,,,Đông - Nam
"Bamboo Airways Tower, 265, Đường Cầu Giấy, Phường Dịch Vọng, Cầu Giấy, Hà Nội",85 triệu/m²,116 m²,3 phòng,2 phòng,,Sổ đỏ/ Sổ hồng,Cơ bản,28/09/2025,08/10/2025,Tin thường,43628700,,,Đông - Nam,
"Phố Vũ Tông Phan, Phường Khương Đình, Thanh Xuân, Hà Nội","40,5 tỷ",135 m²,42 phòng,44 phòng,7 tầng,Sổ đỏ/ Sổ hồng,Full nội thất cao cấp.,10/10/2025,20/10/2025,Tin thường,43955040,"6,5 m",,,
"Đường Trương Định, Phường Tân Mai, Hoàng Mai, Hà Nội","7,55 tỷ",41 m²,3 phòng,,5 tầng,,,28/09/2025,08/10/2025,Tin thường,44131882,,,,
"Đường Định Công, Phường Định Công, Hoàng Mai, Hà Nội","9,2 tỷ",40 m²,4 phòng,5 phòng,5 tầng,Sổ đỏ/ Sổ hồng,Cơ bản,28/09/2025,08/10/2025,Tin thường,43998627,4 m,12 m,,
"Đường Ngọc Lâm, Phường Ngọc Lâm, Long Biên, Hà Nội","8,3 tỷ",60 m²,,,4 tầng,,,28/09/2025,08/10/2025,Tin thường,44131878,,,,
"Phường Thạch Bàn, Quận Long Biên, Hà Nội","7,7 tỷ",50 m²,3 phòng,4 phòng,6 tầng,Sổ đỏ/ Sổ hồng,,28/09/2025,08/10/2025,Tin thường,44131877,"5,9 m",,,
"Đường Trung Yên, Phường Trung Hòa, Cầu Giấy, Hà Nội","54,5 tỷ",100 m²,,,8 tầng,Sổ đỏ/ Sổ hồng,,15/10/2025,25/10/2025,Tin thường,43981425,"7,4 m",,,
"Sông Hồng Park View, Thái Hà, Láng Hạ, Đống Đa, Hà Nội","10,55 tỷ",123 m²,3 phòng,,,Sổ đỏ/ Sổ hồng,Đầy đủ,04/10/2025,14/10/2025,Tin thường,44091478,,,,
"Palmy Biztown, Đường Phan Trọng Tuệ, Xã Thanh Liệt, Thanh Trì, Hà Nội",100 triệu/m²,85 m²,,,5 tầng,Hợp đồng mua bán,Không nội thất,15/10/2025,25/10/2025,Tin thường,44103637,,,Nam,Nam
"Phố Dịch Vọng Hậu, Phường Dịch Vọng Hậu, Cầu Giấy, Hà Nội",75 tỷ,162 m²,,,,Sổ đỏ/ Sổ hồng,,15/10/2025,25/10/2025,Tin thường,43981103,"8,8 m",,,
"Dự án Chelsea Residences, Đường Trần Kim Xuyến, Phường Yên Hòa, Cầu Giấy, Hà Nội",11 tỷ,98 m²,3 phòng,2 phòng,,Sổ đỏ/ Sổ hồng,Đầy đủ,11/10/2025,21/10/2025,Tin thường,43851437,,,,
"Lancaster Hà Nội, Núi Trúc, Giảng Võ, Ba Đình, Hà Nội","15,5 tỷ",118 m²,3 phòng,2 phòng,,Sổ đỏ/ Sổ hồng,Đầy đủ,13/10/2025,23/10/2025,Tin thường,43841475,,,,Đông - Nam
"Đường Trịnh Văn Bô, Phường Xuân Phương, Nam Từ Liêm, Hà Nội",52 tỷ,136 m²,,,,Sổ đỏ/ Sổ hồng,,15/10/2025,25/10/2025,Tin thường,43980525,,,,
"Dự án M3 - M4 Nguyễn Chí Thanh, Đường Nguyễn Chí Thanh, Phường Láng Hạ, Đống Đa, Hà Nội","16,5 tỷ",220 m²,3 phòng,,,Sổ đỏ/ Sổ hồng,,19/10/2025,03/11/2025,Tin thường,42204513,,,,Đông - Nam
"Trung Kính, Phường Trung Hòa, Cầu Giấy, Hà Nội","9,8 tỷ",36 m²,3 phòng,4 phòng,5 tầng,Sổ đỏ/ Sổ hồng,Đầy đủ,12/10/2025,22/10/2025,Tin thường,44158409,4 m,3 m,,
"Dự án Hà Thành Plaza, Phố Thái Thịnh, Phường Thịnh Quang, Đống Đa, Hà Nội","11,5 tỷ",115 m²,3 phòng,2 phòng,,Sổ đỏ/ Sổ hồng,,12/10/2025,22/10/2025,Tin thường,44143546,,,,Đông - Nam
"Khu đô thị Geleximco - Lê Trọng Tấn, Lê Trọng Tấn, Dương Nội, Hà Đông, Hà Nội",22 tỷ,120 m²,4 phòng,5 phòng,5 tầng,Sổ đỏ/ Sổ hồng,Cơ bản,30/09/2025,10/10/2025,Tin thường,44150874,6 m,12 m,Đông - Nam,Đông - Nam
"Dự án Hòa Bình Green City, Đường Minh Khai, Phường Vĩnh Tuy, Hai Bà Trưng, Hà Nội",Thỏa thuận,95 m²,2 phòng,2 phòng,,Sổ đỏ/ Sổ hồng,,30/09/2025,10/10/2025,Tin thường,41447024,,,,
"Phố Phố Huế, Phường Phố Huế, Hai Bà Trưng, Hà Nội",900 triệu/m²,270 m²,38 phòng,38 phòng,7 tầng,Sổ đỏ/ Sổ hồng,,21/10/2025,31/10/2025,Tin VIP Bạc,33352498,9 m,21 m,Tây - Bắc,Tây - Bắc
"Phố Văn Hội, Phường Đức Thắng, Bắc Từ Liêm, Hà Nội","5,85 tỷ",36 m²,,,,Sổ đỏ/ Sổ hồng,,22/09/2025,02/10/2025,Tin thường,44073773,"3,7 m",3 m,,
"Dự án 90 Nguyễn Tuân, Đường Nguyễn Tuân, Phường Thanh Xuân Trung, Thanh Xuân, Hà Nội",Thỏa thuận,80 m²,,,,Sổ đỏ/ Sổ hồng,,14/10/2025,24/10/2025,Tin thường,41509009,,,,
"Phường Giang Biên, Long Biên, Hà Nội",86 tỷ,2.400 m²,,,,,,21/10/2025,05/11/2025,Tin thường,22078886,,35 m,,
"Đường La Dương, Phường Dương Nội, Hà Đông, Hà Nội","5,6 tỷ",32 m²,,,4 tầng,Sổ đỏ/ Sổ hồng,,30/09/2025,10/10/2025,Tin thường,44143713,,,,
"Đường Nguyễn Thị Định, Phường Trung Hòa, Cầu Giấy, Hà Nội",385 tỷ,540 m²,86 phòng,88 phòng,10 tầng,Sổ đỏ/ Sổ hồng,,21/10/2025,05/11/2025,Tin thường,36881216,,,,
"Đường Trường Chinh, Phường Phương Mai, Đống Đa, Hà Nội",9 tỷ,41 m²,5 phòng,,6 tầng,Sổ đỏ/ Sổ hồng,Đầy đủ,30/09/2025,10/10/2025,Tin thường,44150864,,,,
"Đường Vương Thừa Vũ, Phường Khương Đình, Thanh Xuân, Hà Nội","13,6 tỷ",60 m²,4 phòng,3 phòng,4 tầng,Sổ đỏ/ Sổ hồng,Cơ bản,10/10/2025,25/10/2025,Tin thường,44144204,"3,7 m","3,5 m",,
"Phố Hoàng Cầu, Phường Ô Chợ Dừa, Đống Đa, Hà Nội",22 tỷ,65 m²,6 phòng,6 phòng,5 tầng,Sổ đỏ/ Sổ hồng,Đầy đủ,06/10/2025,16/10/2025,Tin thường,40018143,5 m,10 m,,
"Phố Trúc Khê, Phường Láng Thượng, Đống Đa, Hà Nội",21 tỷ,65 m²,7 phòng,9 phòng,6 tầng,Sổ đỏ/ Sổ hồng,Đầy đủ,15/10/2025,30/10/2025,Tin thường,40543136,,,,
"Dự án NOXH Đồng Mô, Đường Trần Hòa, Phường Đại Kim, Hoàng Mai, Hà Nội","5,15 tỷ",70 m²,2 phòng,2 phòng,,Sổ đỏ/ Sổ hồng,Cơ bản,25/09/2025,05/10/2025,Tin thường,44106215,,,,
"Đường Trần Quang Diệu, Phường Ô Chợ Dừa, Đống Đa, Hà Nội",25 tỷ,65 m²,6 phòng,6 phòng,8 tầng,Sổ đỏ/ Sổ hồng,Đầy đủ,16/10/2025,31/10/2025,Tin thường,40987150,5 m,,,
"Đường Giải Phóng, Phường Giáp Bát, Hoàng Mai, Hà Nội","7,5 tỷ",25 m²,,,5 tầng,Sổ đỏ/ Sổ hồng,,25/09/2025,05/10/2025,Tin thường,44106208,,,,
"Bamboo Airways Tower, Cầu Giấy, Dịch Vọng, Cầu Giấy, Hà Nội",13 tỷ,125 m²,3 phòng,2 phòng,,Sổ đỏ/ Sổ hồng,Đầy đủ,10/10/2025,20/10/2025,Tin thường,44081692,,,,
"Hinode Royal Park, Quốc lộ 32, Di Trạch, Hoài Đức, Hà Nội",40 tỷ,200 m²,5 phòng,5 phòng,3 tầng,Hợp đồng mua bán,Không nội thất,25/09/2025,05/10/2025,Tin thường,43996998,10 m,12 m,Đông - Bắc,Đông - Bắc
"Đường Yên Lãng, Phường Thịnh Quang, Đống Đa, Hà Nội","16,5 tỷ",52 m²,,,7 tầng,Sổ đỏ/ Sổ hồng,Đầy đủ,25/09/2025,05/10/2025,Tin thường,44106196,,,,
"6th Element, 36, Đường Hoàng Quốc Việt, Phường Xuân La, Tây Hồ, Hà Nội","13,7 tỷ",109 m²,3 phòng,2 phòng,,Sổ đỏ/ Sổ hồng,Cơ bản,23/09/2025,03/10/2025,Tin thường,44084094,,,Nam,
"Khu đô thị Mễ Trì Thượng, Mễ Trì, Nam Từ Liêm, Hà Nội","6,5 tỷ",98 m²,3 phòng,2 phòng,,Sổ đỏ/ Sổ hồng,Đầy đủ,25/09/2025,05/10/2025,Tin thường,44106191,,,,
"Phường Cự Khối, Long Biên, Hà Nội","9,8 tỷ",60 m²,,,,Sổ đỏ/ Sổ hồng,,26/09/2025,06/10/2025,Tin thường,43865488,,,,
"Đường Ngọc Hồi, Xã Ngọc Hồi, Thanh Trì, Hà Nội","7,2 tỷ",56 m²,6 phòng,7 phòng,6 tầng,,,26/09/2025,06/10/2025,Tin thường,44121677,,,,
"Phố Thái Hà, Phường Trung Liệt, Đống Đa, Hà Nội","27,5 tỷ",93 m²,4 phòng,4 phòng,5 tầng,Sổ đỏ/ Sổ hồng,Đầy đủ,26/09/2025,06/10/2025,Tin thường,44121667,5 m,4 m,,
"Phố Hòa Mã, Phường Ngô Thì Nhậm, Hai Bà Trưng, Hà Nội",170 tỷ,187 m²,,,8 tầng,Sổ đỏ,K,23/09/2025,03/10/2025,Tin thường,43978568,7 m,,,
"Lại Yên, Hoài Đức, Hà Nội",Thỏa thuận,66 m²,,,,Sổ đỏ/ Sổ hồng,,23/09/2025,03/10/2025,Tin thường,44085763,"4,5 m",9 m,,Tây
"Đường Giải Phóng, Phường Giáp Bát, Hoàng Mai, Hà Nội","9,68 tỷ",40 m²,7 phòng,5 phòng,5 tầng,Sổ đỏ/ Sổ hồng,Đầy đủ,26/09/2025,11/10/2025,Tin thường,44121655,,3 m,,
"Lại Yên, Hoài Đức, Hà Nội",Thỏa thuận,70 m²,,,,Sổ đỏ/ Sổ hồng,,23/09/2025,03/10/2025,Tin thường,44086078,5 m,11 m,,Tây - Bắc
"Thạch Bàn, Long Biên, Hà Nội","6,15 tỷ",44 m²,,,,Sổ đỏ/ Sổ hồng,,26/09/2025,06/10/2025,Tin thường,44121653,"3,5 m",3 m,,
"Phường Đông Ngạc, Bắc Từ Liêm, Hà Nội",11 tỷ,56 m²,,,,Sổ đỏ/ Sổ hồng,,26/09/2025,06/10/2025,Tin thường,44121651,"5,45 m",10 m,,Tây - Nam
"Phố Trần Cung, Phường Nghĩa Đô, Cầu Giấy, Hà Nội","18,4 tỷ",67 m²,,,,,,26/09/2025,06/10/2025,Tin thường,44121644,,,,
"Dự án Vinhomes The Harmony, Đường Nguyệt Quế, Phường Việt Hưng, Long Biên, Hà Nội",75 tỷ,200 m²,,,,,,14/10/2025,24/10/2025,Tin thường,43852631,,,,Đông - Nam
"Dự án Vinhomes Wonder City, Xã Tân Hội, Đan Phượng, Hà Nội",Thỏa thuận,96 m²,,,4 tầng,Hợp đồng mua bán,Không nội thất,09/10/2025,19/10/2025,Tin thường,42907972,8 m,13 m,Tây - Bắc,
"Dự án Hinode Royal Park, Đường Quốc lộ 32, Xã Di Trạch, Hoài Đức, Hà Nội","14,8 tỷ",95 m²,5 phòng,4 phòng,5 tầng,Sổ đỏ/ Sổ hồng,Cơ bản,13/10/2025,23/10/2025,Tin thường,42717240,5 m,10 m,,
"Đường Trần Duy Hưng, Phường Trung Hòa, Cầu Giấy, Hà Nội",29 tỷ,50 m²,,,,Sổ đỏ/ Sổ hồng,Đầy đủ,29/09/2025,09/10/2025,Tin thường,44141216,4 m,60 m,,
"Dự án Vườn Cam Vinapol, Xã Vân Canh, Hoài Đức, Hà Nội",28 tỷ,200 m²,,,,Hợp đồng mua bán,,14/10/2025,24/10/2025,Tin thường,42908612,10 m,"20,5 m",,Tây - Nam
"Dự án Golden West, Phố Lê Văn Thiêm, Phường Nhân Chính, Thanh Xuân, Hà Nội",Thỏa thuận,836 m²,,,,Đang chờ sổ,,16/10/2025,31/10/2025,Tin thường,43541817,,,,
"Dự án Vườn Cam Vinapol, Xã Vân Canh, Hoài Đức, Hà Nội",25 tỷ,200 m²,,,,Hợp đồng mua bán,Không nội thất,14/10/2025,24/10/2025,Tin thường,39939469,,"20,5 m",,
"Đường Cổ Linh, Phường Long Biên, Long Biên, Hà Nội",Thỏa thuận,33 m²,3 phòng,4 phòng,6 tầng,Sổ đỏ/ Sổ hồng,Đầy đủ.,29/09/2025,29/10/2025,Tin thường,43875877,,"3,5 m",,
"Dự án HPC Landmark 105, Phường La Khê, Hà Đông, Hà Nội","7,8 tỷ",112 m²,3 phòng,2 phòng,,Sổ đỏ/ Sổ hồng,Đầy đủ,29/09/2025,29/10/2025,Tin thường,43905679,,,Đông - Nam,Tây - Bắc
"Phố Phan Văn Trường, Phường Dịch Vọng, Cầu Giấy, Hà Nội",16 tỷ,40 m²,5 phòng,4 phòng,5 tầng,Sổ đỏ/ Sổ hồng,Đầy đủ,24/09/2025,04/10/2025,Tin thường,43319504,4 m,5 m,,
"Đường Lê Quang Đạo, Phường Phú Đô, Nam Từ Liêm, Hà Nội",22 tỷ,70 m²,1 phòng,1 phòng,1 tầng,Sổ đỏ/ Sổ hồng,Cơ bản,19/10/2025,03/11/2025,Tin thường,44121643,,8 m,,
"Đường Phú Thượng, Phường Phú Thượng, Tây Hồ, Hà Nội","7,7 tỷ",55 m²,,,,Sổ đỏ/ Sổ hồng,,09/10/2025,19/10/2025,Tin thường,42687118,,,,
"Đường Triều Khúc, Phường Thanh Xuân Bắc, Thanh Xuân, Hà Nội","5,7 tỷ",30 m²,3 phòng,4 phòng,4 tầng,Sổ đỏ/ Sổ hồng,Đầy đủ,20/10/2025,04/11/2025,Tin thường,43985274,,,,
"Đường Ngọc Lâm, Phường Ngọc Lâm, Long Biên, Hà Nội",21 tỷ,80 m²,6 phòng,7 phòng,6 tầng,Sổ đỏ/ Sổ hồng,Đầy đủ,26/09/2025,06/10/2025,Tin thường,44121637,,,,
"Đường Nguyễn Hoàng, Phường Mỹ Đình 2, Nam Từ Liêm, Hà Nội","9,5 tỷ",42 m²,4 phòng,4 phòng,4 tầng,Sổ đỏ/ Sổ hồng,Đầy đủ,23/09/2025,03/10/2025,Tin thường,44083902,6 m,"3,4 m",,
"Đường Triều Khúc, Phường Khương Đình, Thanh Xuân, Hà Nội","5,6 tỷ",30 m²,3 phòng,4 phòng,4 tầng,Sổ đỏ/ Sổ hồng,Đầy đủ,20/10/2025,04/11/2025,Tin thường,43993408,,,,
"Phố Tôn Đức Thắng, Phường Hàng Bột, Đống Đa, Hà Nội","5,96 tỷ",26 m²,3 phòng,3 phòng,4 tầng,Sổ đỏ/ Sổ hồng,Đầy đủ,26/09/2025,06/10/2025,Tin thường,44121633,,,,
"Phố Vũ Hữu, Phường Thanh Xuân Bắc, Thanh Xuân, Hà Nội","8,3 tỷ",31 m²,5 phòng,4 phòng,5 tầng,Sổ đỏ/ Sổ hồng,Đầy đủ,26/09/2025,06/10/2025,Tin thường,44010533,6 m,3 m,,
"KĐT Văn Phú, Đường Lê Trọng Tấn, Phường Phú La, Hà Đông, Hà Nội","17,5 tỷ",67 m²,8 phòng,5 phòng,5 tầng,Sổ đỏ/ Sổ hồng,Đầy đủ,07/10/2025,17/10/2025,Tin thường,44030533,,,,
"Đường An Thắng, Phường Biên Giang, Hà Đông, Hà Nội","3,75 tỷ",33 m²,4 phòng,4 phòng,5 tầng,Sổ đỏ/ Sổ hồng,Đầy đủ,20/10/2025,04/11/2025,Tin thường,44121627,,,,
"Vĩnh Hưng, Hoàng Mai, Hà Nội",6 tỷ,30 m²,3 phòng,4 phòng,5 tầng,Sổ đỏ/ Sổ hồng,,30/09/2025,30/10/2025,Tin thường,44150735,,,,
"Đường Hạ Trại, Phường Cự Khối, Long Biên, Hà Nội","4,45 tỷ","30,5 m²",3 phòng,3 phòng,3 tầng,Sổ đỏ/ Sổ hồng (sổ chung),,23/09/2025,03/10/2025,Tin thường,43414113,4 m,"2,5 m",,Đông - Nam
"Đường Trương Công Giai, Phường Dịch Vọng, Cầu Giấy, Hà Nội",18 tỷ,38 m²,,,,Sổ đỏ/ Sổ hồng,,14/10/2025,24/10/2025,Tin thường,40712828,,,,
"Dự án Hong Kong Tower, Đường Đê La Thành, Phường Láng Thượng, Đống Đa, Hà Nội",Thỏa thuận,75 m²,2 phòng,2 phòng,,Hợp đồng mua bán,Đầy đủ,30/09/2025,10/10/2025,Tin thường,43978152,,,Nam,Đông - Nam
"Phường Phúc Đồng, Long Biên, Hà Nội","6,2 tỷ",33 m²,4 phòng,3 phòng,4 tầng,Sổ đỏ/ Sổ hồng,Đầy đủ,15/10/2025,25/10/2025,Tin thường,44090543,4 m,,,
,,,,,,,,,,,,,,,
"Đường Cầu vượt Mai Dịch, Phường Mai Dịch, Cầu Giấy, Hà Nội",Thỏa thuận,36 m²,1 phòng,1 phòng,,Sổ đỏ/ Sổ hồng,Đầy đủ,29/09/2025,09/10/2025,Tin thường,43942642,,,Đông - Nam,Đông
"Số 15, Đường An Dương Vương, Phường Phú Thượng, Tây Hồ, Hà Nội",29 tỷ,100 m²,5 phòng,4 phòng,5 tầng,Sổ đỏ/ Sổ hồng,Cơ bản,30/09/2025,10/10/2025,Tin thường,44150844,5 m,6 m,,
"Đường Mễ Trì Hạ, Phường Mễ Trì, Nam Từ Liêm, Hà Nội",44 tỷ,128 m²,8 phòng,8 phòng,8 tầng,Sổ đỏ/ Sổ hồng,Đầy đủ,17/10/2025,01/11/2025,Tin thường,44106123,"7,5 m",26 m,Đông - Bắc,Đông - Bắc
"Đường Nguyễn Chí Thanh, Phường Láng Thượng, Đống Đa, Hà Nội","8,3 tỷ",42 m²,4 phòng,,5 tầng,Sổ đỏ/ Sổ hồng,Full.,10/10/2025,20/10/2025,Tin thường,42065879,"4,2 m",,,
"Dự án KĐT Văn Phú, Đường Lê Trọng Tấn, Phường Phú La, Hà Đông, Hà Nội","39,9 tỷ",255 m²,,,,,,22/10/2025,06/11/2025,Tin thường,41626365,,,,
"Dự án Times City, Đường Minh Khai, Phường Vĩnh Tuy, Hai Bà Trưng, Hà Nội",17 tỷ,136 m²,4 phòng,3 phòng,,Sổ đỏ/ Sổ hồng,Đầy đủ,28/09/2025,08/10/2025,Tin thường,44120470,,,Nam,Đông
"Dự án Vinhomes Ocean Park Gia Lâm, Đường San Hô 9, Xã Dương Xá, Gia Lâm, Hà Nội",35 tỷ,"127,5 m²",4 phòng,3 phòng,4 tầng,Sổ đỏ,Đầy đủ,28/09/2025,08/10/2025,Tin thường,43067729,"8,5 m",13 m,Tây - Bắc,Tây - Bắc
"Dự án Ciputra Hà Nội, đường Nguyễn Hoàng Tôn, Phường Phú Thượng, Tây Hồ, Hà Nội.","9,2 tỷ",120 m²,3 phòng,2 phòng,,Sổ đỏ.,,28/09/2025,05/10/2025,Tin thường,30216932,,,Đông - Nam,
"Đường Xuân Phương, Phường Phương Canh, Nam Từ Liêm, Hà Nội","15,5 tỷ",50 m²,11 phòng,11 phòng,,Sổ đỏ/ Sổ hồng,Đầy đủ,05/10/2025,15/10/2025,Tin thường,42333898,4 m,4 m,Đông - Nam,Đông - Nam
"Dự án Green Diamond 93 Láng Hạ, Phố Láng Hạ, Phường Láng Hạ, Đống Đa, Hà Nội",Thỏa thuận,137 m²,4 phòng,2 phòng,,Hợp đồng mua bán,,14/10/2025,21/10/2025,Tin thường,37484807,,,Đông - Nam,Tây - Bắc
"Dự án Vinhomes Ocean Park Gia Lâm, Đường Hải Âu 02, Xã Dương Xá, Gia Lâm, Hà Nội",32 tỷ,150 m²,,,4 tầng,Sổ đỏ,,27/09/2025,07/10/2025,Tin thường,44128500,"7,5 m",30 m,Đông - Nam,Đông - Nam
"Dự án Vinhomes Global Gate, Đường Cổ Loa, Xã Đông Hội, Đông Anh, Hà Nội","23,76 tỷ",90 m²,,,5 tầng,Hợp đồng mua bán,,17/10/2025,24/10/2025,Tin VIP Kim Cương,44128324,6 m,15 m,Tây - Nam,Đông - Nam
"Vinhomes Ocean Park Gia Lâm, Đường Sao Biển, Xã Dương Xá, Gia Lâm, Hà Nội","34,5 tỷ",150 m²,,,4 tầng,Sổ đỏ/ Sổ hồng,Không nội thất,27/09/2025,12/10/2025,Tin thường,44127840,7 m,17 m,Đông - Nam,Đông - Nam
"Dự án Sunshine Garden, Đường Dương Văn Bé, Phường Vĩnh Tuy, Hai Bà Trưng, Hà Nội","8,98 tỷ",108 m²,4 phòng,3 phòng,,Sổ đỏ,Đầy đủ,08/10/2025,23/10/2025,Tin VIP Kim Cương,39025009,,,Đông - Nam,Tây
"Đường Phố Trạm, Phường Long Biên, Long Biên, Hà Nội","27,5 tỷ",90 m²,,,,Sổ đỏ/ Sổ hồng,,16/10/2025,31/10/2025,Tin thường,43767818,"4,6 m",13 m,,
"Xã Mai Lâm, Đông Anh, Hà Nội","4,9 tỷ",42 m²,,,,Sổ đỏ/ Sổ hồng,,28/09/2025,08/10/2025,Tin thường,44131873,,3 m,,
"Dự án Geleximco Lê Trọng Tấn, Đường Lê Trọng Tấn, Phường Dương Nội, Hà Đông, Hà Nội","16,2 tỷ",80 m²,,,4 tầng,Sổ đỏ/ Sổ hồng,,09/10/2025,19/10/2025,Tin thường,43186393,,,,
"Ngõ 42, Phố Sài Đồng, Phường Sài Đồng, Long Biên, Hà Nội","7,1 tỷ",45 m²,3 phòng,3 phòng,4 tầng,Sổ đỏ/ Sổ hồng,Cơ bản,14/10/2025,24/10/2025,Tin thường,43616516,5 m,"3,5 m",,Đông - Bắc
"Dự án Mỹ Đình II, Đường Lê Đức Thọ, Phường Mỹ Đình 2, Nam Từ Liêm, Hà Nội",Thỏa thuận,180 m²,,,6 tầng,Sổ đỏ/ Sổ hồng,Đầy đủ,28/09/2025,13/10/2025,Tin thường,43335142,12 m,18 m,,
"Imperia Sola Park, Tây Mỗ, Nam Từ Liêm, Hà Nội",16 tỷ,87 m²,,,,Sổ đỏ/ Sổ hồng,,28/09/2025,08/10/2025,Tin thường,44120285,,,,
"Đường Nguyễn Văn Linh, Phường Phúc Đồng, Long Biên, Hà Nội","13,65 tỷ",45 m²,3 phòng,5 phòng,6 tầng,Sổ đỏ/ Sổ hồng.,Đầy đủ.,14/10/2025,24/10/2025,Tin thường,43611284,"3,8 m",,Tây,Tây
"Phường Dương Nội, Hà Đông, Hà Nội",Thỏa thuận,50 m²,,,,SĐCC.,,09/10/2025,19/10/2025,Tin thường,28934321,5 m,,,
"Đường Cổ Linh, Phường Thạch Bàn, Long Biên, Hà Nội","11,2 tỷ",46 m²,4 phòng,5 phòng,7 tầng,Sổ đỏ/ Sổ hồng,Đầy đủ,21/10/2025,05/11/2025,Tin thường,44107428,"5,2 m",4 m,Tây,Tây
"Đường Nguyễn Văn Cừ, Phường Ngọc Lâm, Long Biên, Hà Nội","9,3 tỷ",20 m²,3 phòng,4 phòng,4 tầng,,Đầy đủ,08/10/2025,18/10/2025,Tin thường,44123114,"2,8 m",30 m,,
"Phố Bà Triệu, Phường Hà Cầu, Hà Đông, Hà Nội",7 tỷ,40 m²,,,,Sổ đỏ/ Sổ hồng,Không nội thất,07/10/2025,17/10/2025,Tin thường,44088668,6 m,,,
"Văn Phú Victoria, Đường Lê Trọng Tấn, Phường Phú La, Hà Đông, Hà Nội",Thỏa thuận,116 m²,3 phòng,2 phòng,,Sổ đỏ/ Sổ hồng,Đầy đủ,14/10/2025,24/10/2025,Tin thường,44088664,,,Tây - Bắc,Đông - Nam
"Đường Võ Chí Công, Phường Nghĩa Đô, Cầu Giấy, Hà Nội","7,6 tỷ",32 m²,3 phòng,4 phòng,5 tầng,Sổ đỏ/ Sổ hồng,Cơ bản,23/09/2025,03/10/2025,Tin thường,44088659,"3,5 m","2,5 m",,
"Mon City, Hàm Nghi, Mỹ Đình 2, Nam Từ Liêm, Hà Nội",60 tỷ,120 m²,8 phòng,16 phòng,6 tầng,Sổ đỏ/ Sổ hồng,,16/10/2025,23/10/2025,Tin VIP Bạc,43234527,25 m,30 m,Tây - Bắc,Tây - Nam
"HC Golden City, 319, Phố Hồng Tiến, Phường Bồ Đề, Long Biên, Hà Nội","12,5 tỷ","148,5 m²",4 phòng,2 phòng,,HĐMB,Đầy đủ.,04/10/2025,14/10/2025,Tin thường,30804713,,,,
"Dự án Mon City - Hải Đăng City, Đường Hàm Nghi, Phường Mỹ Đình 2, Nam Từ Liêm, Hà Nội",54 tỷ,130 m²,,,6 tầng,Sổ đỏ/ Sổ hồng,,16/10/2025,31/10/2025,Tin thường,35140598,6 m,"17,5 m",,Đông - Bắc
"Xã Vân Canh, Hoài Đức, Hà Nội","5,3 tỷ",30 m²,3 phòng,4 phòng,5 tầng,Sổ đỏ/ Sổ hồng,Đầy đủ,23/09/2025,03/10/2025,Tin thường,44088644,,5 m,,
"Dự án Tòa nhà 197 Trần Phú, Đường Trần Phú, Phường Văn Quán, Hà Đông, Hà Nội","5,65 tỷ",86 m²,3 phòng,2 phòng,,Sổ đỏ/ Sổ hồng,Đầy đủ,19/10/2025,03/11/2025,Tin thường,43627720,,,,
"Dự án Louis City Đại Mỗ, Đường Lê Quang Đạo, Phường Đại Mỗ, Nam Từ Liêm, Hà Nội",31 tỷ,105 m²,,,5 tầng,Sổ đỏ/ Sổ hồng,,23/09/2025,03/10/2025,Tin thường,36760893,5 m,12 m,,Tây - Bắc
"Đường Nguyễn Phong Sắc, Phường Nghĩa Tân, Cầu Giấy, Hà Nội",Thỏa thuận,65 m²,4 phòng,3 phòng,4 tầng,Sổ đỏ/ Sổ hồng,Đầy đủ,23/09/2025,03/10/2025,Tin thường,44086014,5 m,6 m,,
"Dự án Hado Charm Villas, Đường Đại lộ Thăng Long, Xã An Thượng, Hoài Đức, Hà Nội",Thỏa thuận,300 m²,4 phòng,4 phòng,3 tầng,Hợp đồng mua bán,,14/10/2025,24/10/2025,Tin thường,41451950,,,,Nam
"Đường Mậu Lương, Phường Kiến Hưng, Hà Đông, Hà Nội",19 tỷ,60 m²,8 phòng,,7 tầng,Sổ đỏ/ Sổ hồng,Đầy đủ,25/09/2025,05/10/2025,Tin thường,44106171,5 m,16 m,,
"Đường Đầm Trấu, Phường Bạch Đằng, Hai Bà Trưng, Hà Nội","5,3 tỷ",110 m²,3 phòng,2 phòng,,Sổ đỏ/ Sổ hồng,,07/10/2025,17/10/2025,Tin thường,43393538,,,,
"Đường Thụy Phương, Phường Đông Ngạc, Bắc Từ Liêm, Hà Nội","15,5 tỷ",81 m²,4 phòng,3 phòng,3 tầng,Sổ đỏ/ Sổ hồng,,06/10/2025,16/10/2025,Tin thường,41932376,6 m,15 m,,
"Phố Thái Hà, Phường Trung Liệt, Đống Đa, Hà Nội","46,5 tỷ",120 m²,,,7 tầng,Sổ đỏ/ Sổ hồng,,25/09/2025,05/10/2025,Tin thường,44101831,,,,
"Đường Thanh Bình, Phường Mỗ Lao, Hà Đông, Hà Nội","9,5 tỷ",37 m²,6 phòng,4 phòng,5 tầng,"+ Sổ đỏ chính chủ, sẵn sàng giao dịch.",Cơ bản.,25/09/2025,10/10/2025,Tin thường,41882496,"3,7 m",,,
"KĐTM Đại Kim - Định Công, Đường Nguyễn Cảnh Dị, Phường Đại Kim, Hoàng Mai, Hà Nội","3,95 tỷ",62 m²,2 phòng,1 phòng,,Sổ đỏ/ Sổ hồng.,Đầy đủ,25/09/2025,05/10/2025,Tin thường,44106151,,,Nam,Bắc
"Phố Chính Kinh, Phường Thanh Xuân Trung, Thanh Xuân, Hà Nội",18 tỷ,72 m²,20 phòng,20 phòng,,Sổ đỏ/ Sổ hồng,Đầy đủ,25/09/2025,05/10/2025,Tin thường,44106149,,,,
"Đường Xuân La, Phường Xuân La, Tây Hồ, Hà Nội",29 tỷ,88 m²,6 phòng,6 phòng,6 tầng,,Đầy đủ,15/10/2025,30/10/2025,Tin thường,44081710,5 m,8 m,,
"Park Kiara, Lê Trọng Tấn, La Khê, Hà Đông, Hà Nội",Thỏa thuận,110 m²,,,,Sổ đỏ/ Sổ hồng,,23/09/2025,03/10/2025,Tin thường,43528988,,,,
"Đường Lê Văn Lương, Phường Trung Hòa, Cầu Giấy, Hà Nội","42,5 tỷ",180 m²,,,,Sổ đỏ/ Sổ hồng,,15/10/2025,25/10/2025,Tin thường,43982191,"6,6 m",,,
"Phố Vạn Phúc, Xã Vạn Phúc, Thanh Trì, Hà Nội","4,65 tỷ",70 m²,3 phòng,3 phòng,3 tầng,Sổ đỏ/ Sổ hồng,Đầy đủ,01/10/2025,11/10/2025,Tin thường,43958531,4 m,4 m,,
"Chung cư M5 Nguyễn Chí Thanh, Nguyễn Chí Thanh, Láng Hạ, Đống Đa, Hà Nội","12,2 tỷ",133 m²,3 phòng,2 phòng,,Sổ đỏ/ Sổ hồng,Đầy đủ,21/10/2025,05/11/2025,Tin thường,44140538,,,Đông - Nam,Tây - Bắc
"Phố Hoàng Cầu, Phường Ô Chợ Dừa, Đống Đa, Hà Nội","21,9 tỷ",65 m²,13 phòng,14 phòng,8 tầng,Sổ đỏ/ Sổ hồng,Thang máy + full nội thất,01/10/2025,11/10/2025,Tin thường,44158406,6 m,"4,2 m",,
"Phố Phạm Tuấn Tài, Phường Nghĩa Tân, Cầu Giấy, Hà Nội",Thỏa thuận,60 m²,,,7 tầng,Sổ đỏ/ Sổ hồng,Cơ bản,01/10/2025,11/10/2025,Tin thường,44158195,,,,
"Xã Đông Mỹ, Thanh Trì, Hà Nội","5,25 tỷ",48 m²,,,,Sổ đỏ/ Sổ hồng,,01/10/2025,11/10/2025,Tin thường,44158402,4 m,4 m,,
"Phường Nghĩa Đô, Cầu Giấy, Hà Nội","28,8 tỷ",80 m²,,,,Sổ đỏ/ Sổ hồng,,01/10/2025,11/10/2025,Tin thường,44158398,5 m,10 m,,
"Đường Trích Sài, Phường Thụy Khuê, Tây Hồ, Hà Nội",84 tỷ,88 m²,,,,,,12/10/2025,22/10/2025,Tin thường,44158397,12 m,,,
"Phố Láng Hạ, Phường Láng Hạ, Đống Đa, Hà Nội","12,7 tỷ",52 m²,4 phòng,3 phòng,4 tầng,Sổ đỏ/ Sổ hồng,Đầy đủ,01/10/2025,11/10/2025,Tin thường,44158396,"4,2 m",,,
"Xã Đại Áng, Thanh Trì, Hà Nội","6,75 tỷ",60 m²,,,,Sổ đỏ/ Sổ hồng,,01/10/2025,11/10/2025,Tin thường,43003065,"4,8 m",5 m,,
"Hinode Royal Park, Quốc lộ 32, Di Trạch, Hoài Đức, Hà Nội",Thỏa thuận,100 m²,,,5 tầng,Sổ đỏ/ Sổ hồng,,14/10/2025,24/10/2025,Tin thường,42907389,5 m,17 m,,Nam
"An Bình Homeland, Phường Dương Nội, Hà Đông, Hà Nội",Thỏa thuận,68 m²,2 phòng,2 phòng,,Hợp đồng mua bán,Cơ bản,29/09/2025,14/10/2025,Tin thường,44137215,,,,
"Vinhomes Ocean Park Gia Lâm, Dương Xá, Gia Lâm, Hà Nội","4,4 tỷ",65 m²,2 phòng,2 phòng,,Sổ đỏ/ Sổ hồng,Đầy đủ,29/09/2025,09/10/2025,Tin thường,44141202,,,Đông - Bắc,
"Đường Trung Phụng, Phường Kim Liên, Đống Đa, Hà Nội",48 tỷ,86 m²,4 phòng,7 phòng,7 tầng,Sổ đỏ/ Sổ hồng,Đầy đủ,29/09/2025,14/10/2025,Tin thường,44140409,"5,5 m",30 m,,
"Dự án The Emerald CT8 Mỹ Đình, Phường Mỹ Đình 1, Nam Từ Liêm, Hà Nội","6,5 tỷ",80 m²,2 phòng,2 phòng,,Sổ đỏ cất két sẵn sàng giao dịch,Đầy đủ,09/10/2025,19/10/2025,Tin thường,41015447,,,Đông - Nam,Tây - Bắc
"Đường Đê La Thành, Phường Ô Chợ Dừa, Đống Đa, Hà Nội","89,5 tỷ",97 m²,14 phòng,9 phòng,9 tầng,Sổ đỏ/ Sổ hồng,,29/09/2025,09/10/2025,Tin thường,44140867,5 m,9 m,,
"Dự án HH3 Linh Đàm, Đường Linh Đường, Phường Hoàng Liệt, Hoàng Mai, Hà Nội","2,75 tỷ",46 m²,1 phòng,1 phòng,,Hợp đồng mua bán,"Sàn gỗ, bộ bếp, sofa gỗ, 2 giường, 2 tủ quần áo, 1 điều hoà.",29/09/2025,09/10/2025,Tin thường,44141014,,,,
"Phố Mai Anh Tuấn, Phường Ô Chợ Dừa, Đống Đa, Hà Nội","14,4 tỷ",42 m²,5 phòng,4 phòng,4 tầng,Sổ đỏ/ Sổ hồng,Đầy đủ,21/10/2025,05/11/2025,Tin thường,43783577,"4,8 m",3 m,Đông - Bắc,Đông - Bắc
"Dự án Văn Khê, Phố Nguyễn Thanh Bình, Phường La Khê, Hà Đông, Hà Nội",Thỏa thuận,"96,5 m²",3 phòng,2 phòng,,Sổ đỏ/ Sổ hồng,Đầy đủ,10/10/2025,20/10/2025,Tin thường,44141189,,,Đông - Bắc,Tây - Nam
"Dự án The Park Home, Đường Thành Thái, Phường Dịch Vọng, Cầu Giấy, Hà Nội",9 tỷ,81 m²,2 phòng,2 phòng,,Sổ đỏ/ Sổ hồng,Đầy đủ,29/09/2025,09/10/2025,Tin thường,44140744,,,Đông - Nam,Tây - Bắc
"Phố Trần Cung, Phường Cổ Nhuế 1, Bắc Từ Liêm, Hà Nội","16,9 tỷ",50 m²,10 phòng,10 phòng,,Sổ đỏ/ Sổ hồng,Đầy đủ,27/09/2025,04/10/2025,Tin thường,44126310,,,,
"Dự án Lumière Bayfront, Thị trấn Trâu Quỳ, Gia Lâm, Hà Nội",Thỏa thuận,45 m²,1 phòng,,,Sổ đỏ/ Sổ hồng,Đầy đủ,25/09/2025,05/10/2025,Tin thường,44106635,,,,
"Xã Hồng Vân, Thường Tín, Hà Nội",Thỏa thuận,100 m²,,,5 tầng,Sổ đỏ/ Sổ hồng,,27/09/2025,07/10/2025,Tin thường,44124791,5 m,,,
"Dự án Vinhomes Global Gate, Đường Cổ Loa, Xã Đông Hội, Đông Anh, Hà Nội","198,5 tỷ","269,3 m²",,,4 tầng,Hợp đồng mua bán,,27/09/2025,04/10/2025,Tin thường,43514751,,,,Đông - Nam
"Dự án Hà Nội Melody Residences, Đường Bằng Liệt, Phường Hoàng Liệt, Hoàng Mai, Hà Nội","8,89 tỷ",120 m²,3 phòng,2 phòng,,Hợp đồng mua bán,,22/10/2025,29/10/2025,Tin VIP Vàng,43758367,,,Đông - Nam,Bắc
"Jade Square, Đường Nguyễn Đình Tứ, Phường Xuân Đỉnh, Quận Bắc Từ Liêm, Hà Nội","4,8 tỷ",72 m²,2 phòng,2 phòng,,Hợp đồng mua bán,Đầy đủ,27/09/2025,04/10/2025,Tin thường,44055159,,,Nam,Bắc
"Dự án The Wisteria, Đường 32, Xã Di Trạch, Hoài Đức, Hà Nội","7,88 tỷ",136 m²,4 phòng,3 phòng,,Sổ đỏ/ Sổ hồng,Cơ bản,27/09/2025,04/10/2025,Tin thường,43377013,,,,
"Bồ Đề, Long Biên, Hà Nội",260 triệu/m²,80 m²,,,,Sổ đỏ/ Sổ hồng,,26/09/2025,11/10/2025,Tin thường,44122845,8 m,12 m,Nam,Nam
"Dự án Ruby Park, Đường Phúc Lợi, Phường Phúc Lợi, Long Biên, Hà Nội",60 triệu/m²,61 m²,2 phòng,2 phòng,,Hợp đồng mua bán,Cơ bản,26/09/2025,03/10/2025,Tin thường,44122695,,,Đông - Nam,
"Dự án Nam An Khánh, Đường Láng Hòa Lạc, Xã An Khánh, Hoài Đức, Hà Nội",Thỏa thuận,210 m²,,,,Sổ đỏ/ Sổ hồng,,13/10/2025,28/10/2025,Tin VIP Kim Cương,44031540,,,,
"Phường Việt Hưng, Quận Long Biên, Hà Nội","11,8 tỷ",45 m²,4 phòng,4 phòng,5 tầng,Sổ đỏ/ Sổ hồng,Đầy đủ,23/09/2025,03/10/2025,Tin thường,44084627,5 m,5 m,Đông - Bắc,Đông - Bắc
"Khu nhà ở Bộ tư lệnh Thủ đô Hà Nội, Phường Yên Nghĩa, Quận Hà Đông, Hà Nội","17,5 tỷ",55 m²,11 phòng,,7 tầng,Sổ đỏ/ Sổ hồng,Đầy đủ,26/09/2025,06/10/2025,Tin thường,44121622,"4,5 m",,,Tây - Nam
"Thạch Bàn, Thạch Bàn, Long Biên, Hà Nội","9,28 tỷ",55 m²,4 phòng,4 phòng,6 tầng,Sổ đỏ/ Sổ hồng,,17/10/2025,01/11/2025,Tin thường,44121617,,,,
"Đường Lê Đức Thọ, Phường Mỹ Đình 2, Nam Từ Liêm, Hà Nội","19,3 tỷ",59 m²,,,,Sổ đỏ/ Sổ hồng,,06/10/2025,16/10/2025,Tin thường,44121616,,,,
"Dự án The Zen Residence, Phường Trần Phú, Hoàng Mai, Hà Nội","12,7 tỷ",145 m²,4 phòng,3 phòng,,Sổ đỏ/ Sổ hồng,Đầy đủ,11/10/2025,10/11/2025,Tin thường,43413670,,,Đông - Nam,Tây - Bắc
"Xã Phú Cát, Huyện Quốc Oai, Hà Nội",Thỏa thuận,"184,7 m²",,,,Sổ đỏ/ Sổ hồng,,09/10/2025,19/10/2025,Tin thường,44121612,"5,1 m",20 m,,Tây - Bắc
"Dự án The Zen Residence, Phường Trần Phú, Hoàng Mai, Hà Nội","7,3 tỷ",75 m²,2 phòng,2 phòng,,Sổ đỏ/ Sổ hồng,Cơ bản,16/10/2025,15/11/2025,Tin thường,43064577,,,Đông - Nam,Tây - Bắc
"Xã Hoàng Văn Thụ, Chương Mỹ, Hà Nội",Thỏa thuận,180 m²,,,,Sổ đỏ/ Sổ hồng,,08/10/2025,18/10/2025,Tin thường,43685759,"7,5 m",6 m,,Đông - Nam
"Phố Phố Vọng, Phường Bách Khoa, Hai Bà Trưng, Hà Nội",12 tỷ,65 m²,4 phòng,5 phòng,6 tầng,Sổ đỏ/ Sổ hồng,Đầy đủ,19/09/2025,04/10/2025,Tin thường,44061120,4 m,3 m,,
"Đông Đô, ngõ 100, Đường Hoàng Quốc Việt, Phường Nghĩa Đô, Cầu Giấy, Hà Nội",95 triệu/m²,"110,6 m²",3 phòng,2 phòng,,Sổ đỏ/ Sổ hồng,Đầy đủ,17/10/2025,01/11/2025,Tin thường,44121607,,,Tây,Đông
"Đường Lê Quang Đạo, Phường Dương Nội, Hà Đông, Hà Nội",Thỏa thuận,50 m²,,,,,,09/10/2025,19/10/2025,Tin thường,27858676,4 m,12 m,,Tây - Bắc
"Đường Trần Thái Tông, Phường Dịch Vọng Hậu, Cầu Giấy, Hà Nội",Thỏa thuận,48 m²,9 phòng,9 phòng,5 tầng,Sổ đỏ/ Sổ hồng,Đầy đủ.,26/09/2025,26/10/2025,Tin thường,44116945,"4,2 m",,,Đông - Nam
"The Ninety Complex, Số 90, Đường Láng, Phường Thịnh Quang, Đống Đa, Hà Nội","5,8 tỷ",64 m²,2 phòng,2 phòng,,,Đầy đủ,28/09/2025,08/10/2025,Tin thường,44131863,,,,
"Phố Hàng Điếu, Phường Cửa Đông, Hoàn Kiếm, Hà Nội","37,5 tỷ",52 m²,6 phòng,6 phòng,6 tầng,Sổ đỏ/ Sổ hồng,Cơ bản,05/10/2025,15/10/2025,Tin thường,43622137,"3,2 m",8 m,,
"Phố Vạn Phúc, Phường Vạn Phúc, Hà Đông, Hà Nội","8,1 tỷ",57 m²,,,5 tầng,Sổ đỏ/ Sổ hồng,,26/09/2025,26/10/2025,Tin thường,44114083,4 m,3 m,,
"Vinhomes Ocean Park Gia Lâm, Dương Xá, Gia Lâm, Hà Nội","4,85 tỷ","75,1 m²",3 phòng,2 phòng,,Sổ đỏ/ Sổ hồng,Đầy đủ,28/09/2025,08/10/2025,Tin thường,44131859,,,,
"Ruby Park, Phúc Lợi, Phúc Lợi, Long Biên, Hà Nội","61,65 triệu/m²",45 m²,1 phòng,1 phòng,,Sổ đỏ/ Sổ hồng,Đầy đủ,28/09/2025,28/10/2025,Tin thường,44131857,,,Đông - Nam,Đông - Nam
"Hinode Royal Park, Đường Quốc lộ 32, Xã Di Trạch, Hoài Đức, Hà Nội","18,5 tỷ",100 m²,6 phòng,6 phòng,5 tầng,Sổ đỏ/ Sổ hồng,,28/09/2025,08/10/2025,Tin thường,43719440,5 m,17 m,,
"Dự án The Matrix One Premium, Phường Mễ Trì, Nam Từ Liêm, Hà Nội",Thỏa thuận,220 m²,,,2 tầng,Hợp đồng mua bán,Cơ bản,21/10/2025,05/11/2025,Tin thường,43040789,,,,Tây - Bắc
"Dự án Lideco, Đường Quốc lộ 32, Thị trấn Trạm Trôi, Hoài Đức, Hà Nội",31 tỷ,235 m²,6 phòng,7 phòng,5 tầng,Sổ đỏ/ Sổ hồng,Không nội thất,09/10/2025,19/10/2025,Tin thường,42928327,13 m,21 m,,
"Đường Hồ Đắc Di, Phường Nam Đồng, Đống Đa, Hà Nội",280 triệu/m²,300 m²,,,3 tầng,,,21/10/2025,05/11/2025,Tin thường,43409577,,,,
"Phố Trần Quốc Hoàn, Phường Dịch Vọng Hậu, Cầu Giấy, Hà Nội","21,8 tỷ",60 m²,4 phòng,3 phòng,4 tầng,Sổ đỏ/ Sổ hồng,Đầy đủ,23/09/2025,03/10/2025,Tin thường,44085764,5 m,6 m,,
"Dự án The Phoenix Garden, Đường Tây Thăng Long, Thị trấn Phùng, Đan Phượng, Hà Nội",82 triệu/m²,200 m²,,,,,,16/10/2025,31/10/2025,Tin thường,39215277,10 m,13 m,,
"Ngõ 190, Phố Lò Đúc, Phường Cầu Dền, Hai Bà Trưng, Hà Nội","1,7 tỷ",15 m²,2 phòng,2 phòng,3 tầng,Hợp đồng mua bán,Đầy đủ,23/09/2025,03/10/2025,Tin thường,44088610,,,,
"Dự án Louis City, Đường Lê Quang Đạo, Phường Đại Mỗ, Nam Từ Liêm, Hà Nội.",Thỏa thuận,96 m²,,,5 tầng,Sổ đỏ/ Sổ hồng,Đã hoàn thiện nội thất.,16/10/2025,31/10/2025,Tin thường,34358524,6 m,12 m,,Đông - Nam
"Đường Tiên Hùng, Xóm Núi, Xã Nguyên Khê, Đông Anh, Hà Nội","6,2 tỷ",74 m²,,,,Sổ đỏ/ Sổ hồng,,23/09/2025,08/10/2025,Tin thường,43542308,,8 m,,
"Dự án Louis City Đại Mỗ, Đường Lê Quang Đạo, Phường Đại Mỗ, Nam Từ Liêm, Hà Nội",52 tỷ,120 m²,,,5 tầng,Sổ đỏ/ Sổ hồng,,16/10/2025,31/10/2025,Tin thường,38854566,6 m,40 m,,
"Phường Thịnh Liệt, Hoàng Mai, Hà Nội","16,2 tỷ",75 m²,4 phòng,3 phòng,4 tầng,Sổ đỏ/ Sổ hồng.,Đầy đủ,23/09/2025,03/10/2025,Tin thường,44087772,,,,
"Đường Trần Thái Tông, Phường Dịch Vọng Hậu, Cầu Giấy, Hà Nội","14,7 tỷ",45 m²,6 phòng,6 phòng,5 tầng,Sổ đỏ/ Sổ hồng,Đầy đủ,23/09/2025,03/10/2025,Tin thường,44088604,6 m,6 m,,
"Dự án Jade Lake Residence, Phường Tây Tựu, Bắc Từ Liêm, Hà Nội",Thỏa thuận,200 m²,,,6 tầng,Hợp đồng mua bán,,16/10/2025,31/10/2025,Tin thường,42537984,8 m,,,
"Dự án Vinhomes Gardenia, Đường Hàm Nghi, Phường Cầu Diễn, Nam Từ Liêm, Hà Nội",80 tỷ,223 m²,9 phòng,5 phòng,5 tầng,Sổ đỏ/ Sổ hồng,Đầy đủ,15/10/2025,25/10/2025,Tin thường,43027616,6 m,40 m,Tây - Nam,Đông - Nam
"Đường Tứ Liên, Phường Tứ Liên, Tây Hồ, Hà Nội","11,8 tỷ",50 m²,,,,Sổ đỏ/ Sổ hồng,,20/10/2025,04/11/2025,Tin thường,44150833,"6,24 m","2,7 m",,Tây - Bắc
"Khu đô thị Vân Canh, Xã Vân Canh, Hoài Đức, Hà Nội","6,8 tỷ","39,4 m²",6 phòng,3 phòng,,Sổ đỏ/ Sổ hồng,Cơ bản,30/09/2025,30/10/2025,Tin thường,44150832,,,,
"Dự án An Lạc Green Symphony, Xã Vân Canh, Hoài Đức, Hà Nội.",28 tỷ,135 m²,,,,Sổ đỏ lâu dài.,Bàn giao nhà về ở luôn.,18/10/2025,02/11/2025,Tin thường,40490029,,"13,5 m",,
"Dự án Vinhomes Global Gate, Đường Cổ Loa, Xã Đông Hội, Đông Anh, Hà Nội","19,28 tỷ",100 m²,,,,Hợp đồng mua bán,Cơ bản,30/09/2025,30/10/2025,Tin thường,44150827,"5,5 m",30 m,,
"Đường Nguyễn Hy Quang, Phường Ô Chợ Dừa, Đống Đa, Hà Nội","27,9 tỷ",75 m²,4 phòng,4 phòng,5 tầng,Sổ đỏ/ Sổ hồng,Đầy đủ,10/10/2025,20/10/2025,Tin thường,42381905,,,,
"Đường Lạc Long Quân, Phường Bưởi, Tây Hồ, Hà Nội",19 tỷ,90 m²,,,3 tầng,Sổ đỏ/ Sổ hồng,,30/09/2025,10/10/2025,Tin thường,44150826,6 m,,,
"Đường Trần Duy Hưng, Phường Trung Hòa, Cầu Giấy, Hà Nội",26 tỷ,89 m²,,,5 tầng,Sổ đỏ/ Sổ hồng,Đầy đủ,30/09/2025,10/10/2025,Tin thường,44150825,"4,5 m",6 m,,
"Hà Thành Plaza, 102, Phố Thái Thịnh, Phường Thịnh Quang, Đống Đa, Hà Nội","9,5 tỷ",115 m²,3 phòng,2 phòng,,Sổ đỏ/ Sổ hồng,,30/09/2025,10/10/2025,Tin thường,44150822,,,,
"Đường Thọ Tháp, Phường Dịch Vọng, Cầu Giấy, Hà Nội",76 tỷ,138 m²,8 phòng,8 phòng,8 tầng,Đang chờ sổ,Cơ bản,21/10/2025,05/11/2025,Tin thường,40644325,"8,5 m",30 m,Tây - Nam,Tây - Bắc
"Dự án Stellar Garden, Phố Lê Văn Thiêm, Phường Thanh Xuân Trung, Thanh Xuân, Hà Nội","9,3 tỷ",115 m²,3 phòng,2 phòng,,Hợp đồng mua bán,Đầy đủ,25/09/2025,05/10/2025,Tin thường,44106145,,,Đông - Nam,Tây - Bắc
"Phố Quảng Khánh, Phường Quảng An, Tây Hồ, Hà Nội",160 tỷ,160 m²,10 phòng,10 phòng,5 tầng,Sổ đỏ/ Sổ hồng,Đầy đủ,25/09/2025,05/10/2025,Tin thường,44105980,23 m,8 m,,
"Xã Tản Lĩnh, Ba Vì, Hà Nội",Thỏa thuận,1.080 m²,15 phòng,10 phòng,,Sổ đỏ/ Sổ hồng,,21/10/2025,05/11/2025,Tin thường,43875315,,,,
"Tân Tây Đô, Đường Quốc lộ 32, Xã Tân Lập, Đan Phượng, Hà Nội","27,5 tỷ",200 m²,,,3 tầng,Sổ đỏ/ Sổ hồng,,25/09/2025,05/10/2025,Tin thường,44106139,12 m,,,
"Phường Ngọc Khánh, Ba Đình, Hà Nội","27,6 tỷ",85 m²,6 phòng,7 phòng,5 tầng,,,16/10/2025,31/10/2025,Tin thường,44106137,"4,9 m",8 m,,
"Đường Trần Vỹ, Phường Mai Dịch, Cầu Giấy, Hà Nội",88 tỷ,120 m²,,,10 tầng,Sổ đỏ/ Sổ hồng,,15/10/2025,25/10/2025,Tin thường,43743892,"7,8 m",,,
"Yên Hòa, Quan Hoa, Cầu Giấy, Hà Nội","8,25 tỷ",32 m²,,,,,,25/09/2025,05/10/2025,Tin thường,44106135,,,,
"Đường Đặng Tiến Đông, Phường Trung Liệt, Đống Đa, Hà Nội",11 tỷ,46 m²,3 phòng,3 phòng,5 tầng,Sổ đỏ/ Sổ hồng,Đầy đủ,25/09/2025,05/10/2025,Tin thường,44106136,,10 m,Đông - Bắc,Đông - Bắc
"Đường Trích Sài, Phường Bưởi, Tây Hồ, Hà Nội",12 tỷ,50 m²,2 phòng,3 phòng,3 tầng,Sổ đỏ/ Sổ hồng,Cơ bản,16/10/2025,31/10/2025,Tin thường,43927427,6 m,"2,5 m",,
"Ngõ 164, Đường Nguyễn Văn Cừ, Phường Bồ Đề, Long Biên, Hà Nội","17,2 tỷ",100 m²,3 phòng,2 phòng,3 tầng,Sổ đỏ/ Sổ hồng,,25/09/2025,25/10/2025,Tin thường,42544821,,,,Tây - Bắc
"Đường Quan Hoa, Phường Quan Hoa, Cầu Giấy, Hà Nội",13 tỷ,70 m²,6 phòng,4 phòng,5 tầng,Sổ đỏ/ Sổ hồng,Đầy đủ,01/10/2025,11/10/2025,Tin thường,44158172,"4,8 m",4 m,,
"Đường Huỳnh Cung, Xã Tam Hiệp, Thanh Trì, Hà Nội",Thỏa thuận,79 m²,,,,Sổ đỏ/ Sổ hồng,,26/09/2025,11/10/2025,Tin thường,43386237,6 m,17 m,,
"Dự án KĐT Phú Lương, Đường Kiến Hưng, Phường Phú Lương, Hà Đông, Hà Nội",Thỏa thuận,200 m²,5 phòng,7 phòng,3 tầng,Sổ đỏ/ Sổ hồng,Đầy đủ.,29/09/2025,09/10/2025,Tin thường,43572361,10 m,30 m,,
"KĐT Văn Phú, Đường Phúc La - Văn Phú, Phường Phú La, Hà Đông, Hà Nội",Thỏa thuận,180 m²,5 phòng,6 phòng,5 tầng,Sổ đỏ/ Sổ hồng,Đầy đủ,24/09/2025,04/10/2025,Tin thường,43779514,25 m,15 m,,
"Dự án KĐT Phú Lương, Phường Phú Lương, Hà Đông, Hà Nội",36 tỷ,200 m²,,,3 tầng,Sổ đỏ,,20/09/2025,05/10/2025,Tin thường,43921428,10 m,20 m,,
"Dự án KĐT Văn Phú, Đường Lê Trọng Tấn, Phường Phú La, Hà Đông, Hà Nội",Thỏa thuận,200 m²,,,,Sổ đỏ/ Sổ hồng,,01/10/2025,11/10/2025,Tin thường,43640083,,20 m,,
"Nhà ở xã hội @Home, 987, Đường Tam Trinh, Phường Yên Sở, Hoàng Mai, Hà Nội","4,7 tỷ",62 m²,2 phòng,2 phòng,,Sổ đỏ/ Sổ hồng,Đầy đủ,21/10/2025,05/11/2025,Tin thường,43444156,,,Đông,Nam
"Times City, Đường Minh Khai, Phường Vĩnh Tuy, Hai Bà Trưng, Hà Nội","17,5 tỷ",160 m²,,,,Sổ đỏ/ Sổ hồng,,01/10/2025,11/10/2025,Tin thường,43835219,,,Nam,Tây - Nam
NAM PHÙ MỚI (TĐC TƯƠNG CHÚC DUYÊN HÀ),"6,9 tỷ",63 m²,,,,Sổ đỏ/ Sổ hồng,,09/10/2025,16/10/2025,Tin thường,44065245,4 m,4 m,,Đông - Nam
"Dự án Thăng Long Number One, Phường Trung Hòa, Cầu Giấy, Hà Nội",40 tỷ,368 m²,4 phòng,5 phòng,,Sổ đỏ/ Sổ hồng,Nội thất cơ bản.,01/10/2025,11/10/2025,Tin thường,44158385,,,,
"GoldSilk Complex, Phố Cầu Am, Phường Vạn Phúc, Hà Đông, Hà Nội",7 tỷ,104 m²,3 phòng,2 phòng,,Sổ đỏ/ Sổ hồng,,29/09/2025,29/10/2025,Tin thường,44141178,,,Tây - Bắc,Đông - Nam
"Dự án Mailand Hanoi City, Đường Đại lộ Thăng Long, Xã An Khánh, Hoài Đức, Hà Nội",Thỏa thuận,330 m²,6 phòng,5 phòng,3 tầng,Sổ đỏ/ Sổ hồng,Nội thất đầy đủ,09/10/2025,19/10/2025,Tin thường,40547590,20 m,17 m,Đông,Đông
"Đường 446, Xã Tiến Xuân, Thạch Thất, Hà Nội","5,3 tỷ",408 m²,,,,Sổ đỏ/ Sổ hồng,,21/10/2025,05/11/2025,Tin thường,43612906,"12,42 m",5 m,,Đông - Nam
"Đường Đồng Chằm, Xã Đông Xuân, Quốc Oai, Hà Nội",Thỏa thuận,"563,1 m²",,,,Sổ đỏ/ Sổ hồng,,29/09/2025,09/10/2025,Tin thường,44140690,10 m,,,
"Ngõ 210, đường Nghi Tàm, Phường Yên Phụ, Tây Hồ, Hà Nội","35,5 tỷ","97,3 m²",6 phòng,5 phòng,5 tầng,Sổ đỏ/ Sổ hồng,Đầy đủ,10/10/2025,20/10/2025,Tin thường,43340566,"8,99 m",5 m,Tây - Nam,Tây - Nam
"Xã Hạ Bằng, Thạch Thất, Hà Nội","2,8 tỷ",100 m²,,,,Sổ đỏ/ Sổ hồng,,21/10/2025,05/11/2025,Tin thường,43724760,5 m,6 m,,Đông - Nam
"Đường Trần Quốc Vượng, Phường Dịch Vọng, Cầu Giấy, Hà Nội","7,7 tỷ",32 m²,,,4 tầng,Sổ đỏ/ Sổ hồng,,29/09/2025,09/10/2025,Tin thường,43931923,"3,35 m",,,
"Hòa Lạc Avenue, Đại lộ Thăng Long, Tiến Xuân, Thạch Thất, Hà Nội",3 tỷ,100 m²,,,,Sổ đỏ/ Sổ hồng,,29/09/2025,29/10/2025,Tin thường,44141170,20 m,100 m,,Đông
"Đường Hoàng Mai, Phường Trương Định, Hai Bà Trưng, Hà Nội","17,89 tỷ","64,8 m²",,,4 tầng,Sổ đỏ/ Sổ hồng,,29/09/2025,09/10/2025,Tin thường,43727583,"4,3 m",,,
"Dự án Vinhomes Ocean Park Gia Lâm, Xã Dương Xá, Gia Lâm, Hà Nội",50 tỷ,165 m²,,,,Sổ đỏ/ Sổ hồng.,,20/10/2025,04/11/2025,Tin thường,43069827,"9,2 m",13 m,Đông - Nam,Tây - Bắc
"Dự án Jade Lake Residence, Đường Tây Thăng Long, Phường Tây Tựu, Bắc Từ Liêm, Hà Nội","26,5 tỷ",102 m²,,,7 tầng,Hợp đồng mua bán,,16/10/2025,31/10/2025,Tin thường,41735601,8 m,"60,5 m",,
"Đường Vĩnh Lộc, Xã Chương Dương, Thường Tín, Hà Nội","2,3 tỷ","55,6 m²",,,,Sổ đỏ/ Sổ hồng,,23/09/2025,03/10/2025,Tin thường,42630385,4 m,4 m,,
"Khánh Hà, Thường Tín, Hà Nội","2,45 tỷ",45 m²,,,,Sổ đỏ/ Sổ hồng,,23/09/2025,03/10/2025,Tin thường,44087303,5 m,"3,5 m",,
"Đường Bùi Xương Trạch, Phường Khương Trung, Thanh Xuân, Hà Nội","8,3 tỷ",45 m²,,,5 tầng,Sổ đỏ/ Sổ hồng,,23/09/2025,03/10/2025,Tin thường,44087674,,,,
"Phường Việt Hưng, Long Biên, Hà Nội",120 triệu/m²,350 m²,,,,Sổ đỏ/ Sổ hồng,,22/10/2025,06/11/2025,Tin thường,42553818,,,,
"Đường Lạc Long Quân, Phường Thụy Khuê, Tây Hồ, Hà Nội",200 triệu/m²,75 m²,,,3 tầng,Sổ đỏ/ Sổ hồng,,23/09/2025,03/10/2025,Tin thường,44087661,"6,5 m","2,5 m",,
"Đường Bình Minh, Xã Cổ Bi, Gia Lâm, Hà Nội",10 tỷ,70 m²,4 phòng,4 phòng,4 tầng,Sổ đỏ/ Sổ hồng,Cơ bản,23/09/2025,23/10/2025,Tin thường,43334353,4 m,10 m,Đông - Nam,Đông - Nam
"Xã Tiến Xuân, Thạch Thất, Hà Nội",Thỏa thuận,1.150 m²,3 phòng,3 phòng,3 tầng,Sổ đỏ/ Sổ hồng,Đầy đủ,14/10/2025,24/10/2025,Tin thường,44088566,,,,
"KĐT Định Công, Phường Định Công, Hoàng Mai, Hà Nội",49 tỷ,150 m²,5 phòng,,,Sổ đỏ/ Sổ hồng,Đầy đủ,07/10/2025,17/10/2025,Tin thường,42330037,10 m,18 m,,
"Dự án 89 Phùng Hưng, Phố Phùng Hưng, Phường Phúc La, Hà Đông, Hà Nội","4,39 tỷ",70 m²,2 phòng,2 phòng,,Sổ đỏ/ Sổ hồng,Đầy đủ,14/10/2025,24/10/2025,Tin thường,43805254,,,,
"Đường Thọ Tháp, Phường Dịch Vọng, Cầu Giấy, Hà Nội",46 tỷ,105 m²,5 phòng,,5 tầng,Sổ đỏ/ Sổ hồng,Đầy đủ,13/10/2025,23/10/2025,Tin thường,44131850,6 m,15 m,,
"Đường Lai Xá, Xã Kim Chung, Hoài Đức, Hà Nội","16,5 tỷ","75,5 m²",8 phòng,12 phòng,6 tầng,Sổ đỏ/ Sổ hồng,Đầy đủ.,28/09/2025,08/10/2025,Tin thường,38940046,4 m,7 m,,
"KĐT Xa La, Phố Phùng Hưng, Phường Phúc La, Hà Đông, Hà Nội","32,9 tỷ",135 m²,5 phòng,5 phòng,5 tầng,Sổ đỏ,Đầy đủ,09/10/2025,19/10/2025,Tin thường,43337489,,18 m,,
"Xã Vạn Phúc, Thanh Trì, Hà Nội","2,3 tỷ",1.119 m²,1 phòng,1 phòng,1 tầng,Sổ đỏ/ Sổ hồng,Cơ bản,26/09/2025,06/10/2025,Tin thường,44117410,10 m,3 m,,
"Đường Văn Phú , Phường Phú La, Hà Đông, Hà Nội",Thỏa thuận,35 m²,3 phòng,,4 tầng,Sổ đỏ/ Sổ hồng,Đầy đủ,27/09/2025,07/10/2025,Tin thường,44124578,6 m,3 m,,
"Phố Khâm Thiên, Phường Văn Miếu - Quốc Tử Giám, Đống Đa, Hà Nội","20,5 tỷ",54 m²,4 phòng,5 phòng,5 tầng,Sổ đỏ/ Sổ hồng,Đầy đủ,23/09/2025,03/10/2025,Tin thường,44088987,4 m,,,
"Dự án KĐT Trung Văn - Vinaconex 3, đường Trung Văn, Phường Trung Văn, Nam Từ Liêm, Hà Nội","35,9 tỷ",150 m²,,,,Sổ đỏ.,Đầy đủ.,22/10/2025,06/11/2025,Tin thường,40025454,,17 m,,
"Dự án KĐTM Đại Kim - Định Công, Đường Nguyễn Cảnh Dị, Phường Đại Kim, Hoàng Mai, Hà Nội","21,9 tỷ",77 m²,4 phòng,4 phòng,5 tầng,Sổ đỏ/ Sổ hồng,,28/09/2025,08/10/2025,Tin thường,43390331,6 m,11 m,,
"Đường Ngọc Hà, Phường Ngọc Hà, Ba Đình, Hà Nội","10,5 tỷ",33 m²,4 phòng,4 phòng,5 tầng,,,28/09/2025,08/10/2025,Tin thường,44131840,,,,
"Đường Văn Phú, Phường Phú La, Hà Đông, Hà Nội",Thỏa thuận,54 m²,3 phòng,,4 tầng,Sổ đỏ/ Sổ hồng,Đầy đủ,26/09/2025,06/10/2025,Tin thường,44114450,"4,5 m",3 m,,
"Dự án Noble Palace Tây Thăng Long, Đường Tây Thăng Long, Xã Tân Lập, Đan Phượng, Hà Nội","10,9 tỷ",50 m²,,,,Sổ đỏ/ Sổ hồng,Không nội thất,13/10/2025,20/10/2025,Tin thường,43758002,5 m,15 m,,
"Masteri Water Front, Đường Ngọc Trai, Xã Đa Tốn, Gia Lâm, Hà Nội","6,2 tỷ",63 m²,,,,Hợp đồng mua bán,Cơ bản,13/10/2025,28/10/2025,Tin VIP Bạc,44098031,,,Đông - Nam,
"Dự án Times City, Đường Minh Khai, Phường Vĩnh Tuy, Hai Bà Trưng, Hà Nội",12 tỷ,109 m²,3 phòng,2 phòng,,Sổ đỏ/ Sổ hồng,Đầy đủ,26/09/2025,06/10/2025,Tin thường,44120327,,,Nam,Nam
"Masteri West Heights, Tây Mỗ, Nam Từ Liêm, Hà Nội","6,2 tỷ",62 m²,2 phòng,2 phòng,,Hợp đồng mua bán,Không nội thất,26/09/2025,03/10/2025,Tin thường,44119335,,,,
"The Diamond Residence, Lê Văn Lương, Nhân Chính, Thanh Xuân, Hà Nội",12 tỷ,105 m²,3 phòng,2 phòng,,Sổ đỏ/ Sổ hồng,Đầy đủ,20/10/2025,27/10/2025,Tin VIP Vàng,44050592,,,Đông - Nam,Tây - Bắc
"Dự án Vinhomes Global Gate, Đường Cổ Loa, Xã Đông Hội, Đông Anh, Hà Nội",20 tỷ,"62,5 m²",,,,Sổ đỏ/ Sổ hồng,,26/09/2025,03/10/2025,Tin thường,44020743,5 m,13 m,,
"Khu đô thị Geleximco - Lê Trọng Tấn, Lê Trọng Tấn, Dương Nội, Hà Đông, Hà Nội",125 triệu/m²,320 m²,,,,Sổ đỏ/ Sổ hồng,,19/10/2025,26/10/2025,Tin VIP Kim Cương,43945628,16 m,"13,5 m",Đông - Bắc,Đông - Bắc
"Dự án Vinhomes Global Gate, Đường Cổ Loa, Xã Đông Hội, Đông Anh, Hà Nội","32,52 tỷ",75 m²,8 phòng,8 phòng,5 tầng,Hợp đồng mua bán,Không nội thất,26/09/2025,03/10/2025,Tin thường,44117460,5 m,13 m,,Đông - Bắc
"An Vượng Villa, Tố Hữu, Dương Nội, Hà Đông, Hà Nội",65 tỷ,227 m²,4 phòng,5 phòng,3 tầng,Sổ đỏ/ Sổ hồng,,06/10/2025,21/10/2025,Tin thường,44116459,29 m,24 m,Tây - Nam,Tây - Bắc
"Xã Xuân Nộn, Đông Anh, Hà Nội","59,5 triệu/m²",72 m²,,,,Sổ đỏ chính chủ,,13/10/2025,20/10/2025,Tin thường,44116411,"4,25 m",,,
"Phố Lương Định Của, Phường Kim Liên, Đống Đa, Hà Nội","6,4 tỷ",150 m²,4 phòng,2 phòng,,Sổ đỏ/ Sổ hồng,,25/09/2025,05/10/2025,Tin thường,44106127,,,Đông - Nam,
"Phường Dương Nội, Hà Đông, Hà Nội","14,5 tỷ",50 m²,,,,Sổ đỏ/ Sổ hồng,,21/10/2025,05/11/2025,Tin thường,43707827,4 m,24 m,,Đông - Bắc
"Hei Tower, Ngụy Như Kon Tum, Nhân Chính, Thanh Xuân, Hà Nội","7,5 tỷ",90 m²,3 phòng,2 phòng,,Sổ đỏ/ Sổ hồng,Đầy đủ,25/09/2025,05/10/2025,Tin thường,44106126,,,,
"Đường 800A, Phường Nghĩa Đô, Cầu Giấy, Hà Nội",32 tỷ,90 m²,,,,Sổ đỏ/ Sổ hồng,,20/10/2025,04/11/2025,Tin thường,43336326,"5,8 m",7 m,,
"Đường An Phú, Phường Dương Nội, Hà Đông, Hà Nội",Thỏa thuận,50 m²,,,,Sổ đỏ,,25/09/2025,05/10/2025,Tin thường,37428616,"6,6 m",12 m,,Tây - Bắc
"Đường Cổ Điển, Xã Tứ Hiệp, Thanh Trì, Hà Nội","10,5 tỷ",38 m²,,,,Sổ đỏ,Full nội thât,25/09/2025,05/10/2025,Tin thường,44106117,"3,5 m",,,
"Đường Khương Trung, Phường Khương Trung, Thanh Xuân, Hà Nội",14 tỷ,55 m²,4 phòng,4 phòng,4 tầng,Sổ đỏ/ Sổ hồng,Đầy đủ,25/09/2025,10/10/2025,Tin thường,44106112,"4,1 m","2,5 m",,
KĐT Văn Quán,"19,8 tỷ","67,4 m²",,,5 tầng,Sổ đỏ/ Sổ hồng,Nội thất mới đẹp.,25/09/2025,05/10/2025,Tin thường,44106005,5 m,,,
"Đường Lạc Long Quân, Phường Xuân La, Tây Hồ, Hà Nội",96 tỷ,176 m²,,,,Sổ đỏ/ Sổ hồng,,14/10/2025,24/10/2025,Tin thường,44013634,11 m,10 m,,
"Đường Nguyễn Khang, Phường Yên Hòa, Cầu Giấy, Hà Nội",32 tỷ,80 m²,7 phòng,8 phòng,8 tầng,Sổ đỏ/ Sổ hồng,Đầy đủ,25/09/2025,25/10/2025,Tin thường,44105863,"5,3 m",15 m,,
"Xã Tân Tiến, Chương Mỹ, Hà Nội",Thỏa thuận,193 m²,,,,Sổ đỏ/ Sổ hồng,,26/09/2025,06/10/2025,Tin thường,41625622,10 m,28 m,,Đông - Nam
"Đường Hoàng Hoa Thám, Phường Vĩnh Phúc, Ba Đình, Hà Nội","7,08 tỷ",52 m²,2 phòng,2 phòng,2 tầng,Sổ đỏ/ Sổ hồng,Không nội thất,26/09/2025,06/10/2025,Tin thường,44121603,"4,2 m",3 m,,
"Dự án The Zen Residence, Phường Trần Phú, Hoàng Mai, Hà Nội","9,15 tỷ",95 m²,3 phòng,2 phòng,,Sổ đỏ/ Sổ hồng,Đầy đủ,17/10/2025,16/11/2025,Tin thường,42679554,,,Đông - Nam,Tây - Bắc
"Dự án The Zen Residence, Phường Trần Phú, Hoàng Mai, Hà Nội","9,4 tỷ","106,45 m²",3 phòng,2 phòng,,Sổ đỏ/ Sổ hồng,Cơ bản,17/10/2025,16/11/2025,Tin thường,43807584,,,Đông - Nam,Tây - Bắc
"Đường Nguyễn Thị Định, Phường Trung Hòa, Cầu Giấy, Hà Nội",37 tỷ,118 m²,,,8 tầng,Sổ đỏ/ Sổ hồng,Đầy đủ,26/09/2025,06/10/2025,Tin thường,42707227,"6,6 m",,,
"Xã Nam Phương Tiến, Chương Mỹ, Hà Nội",Thỏa thuận,1.023 m²,,,,Sổ đỏ/ Sổ hồng,,08/10/2025,18/10/2025,Tin thường,43435993,45 m,6 m,,Đông - Nam
"Phố Mai Dịch, Phường Mai Dịch, Cầu Giấy, Hà Nội",8 tỷ,32 m²,4 phòng,4 phòng,5 tầng,Sổ đỏ/ Sổ hồng,Cơ bản,26/09/2025,06/10/2025,Tin thường,44121600,4 m,4 m,Đông - Bắc,Đông - Bắc
"Đường Mậu Lương, Phường Phú Lương, Hà Đông, Hà Nội","6,2 tỷ",35 m²,4 phòng,4 phòng,5 tầng,Sổ đỏ/ Sổ hồng,"Nội thất cao cấp, còn rất mới.",24/09/2025,04/10/2025,Tin thường,44096862,4 m,3 m,,
"Đường Lê Trọng Tấn, Phường La Khê, Hà Đông, Hà Nội","6,35 tỷ",30 m²,3 phòng,3 phòng,4 tầng,Sổ đỏ/ Sổ hồng,Cơ bản,24/09/2025,04/10/2025,Tin thường,44096774,"4,5 m",3 m,,
"HUD Me Linh Central, Đường Vành Đai 4, Xã Thanh Lâm, Mê Linh, Hà Nội","9,1 tỷ",104 m²,,,,Hợp đồng mua bán,,07/10/2025,17/10/2025,Tin thường,43459189,5 m,"16,5 m",Đông - Nam,Đông - Nam
"Đường Bạch Đằng, Phường Bách Khoa, Hai Bà Trưng, Hà Nội","5,8 tỷ",24 m²,3 phòng,3 phòng,4 tầng,Sổ đỏ/ Sổ hồng,Cơ bản,23/09/2025,03/10/2025,Tin thường,44091306,"4,3 m",,,
"Phường Xuân Khanh, Sơn Tây, Hà Nội","1,6 tỷ",50 m²,,,,Sổ đỏ.,,01/10/2025,31/10/2025,Tin thường,44158376,,,,
"Phường Văn Chương, Đống Đa, Hà Nội","9,3 tỷ",32 m²,3 phòng,4 phòng,5 tầng,Sổ đỏ/ Sổ hồng,Cơ bản,20/09/2025,20/10/2025,Tin thường,44061692,"3,5 m",,,
"Dự án The Terra An Hưng, Phường La Khê, Hà Đông, Hà Nội",26 tỷ,65 m²,,,7 tầng,Sổ đỏ,,13/10/2025,23/10/2025,Tin thường,42468025,"6,5 m",,,
"Dự án Mỹ Đình II, Đường Lê Đức Thọ, Phường Mỹ Đình 2, Nam Từ Liêm, Hà Nội",Thỏa thuận,193 m²,,,3 tầng,,,13/10/2025,23/10/2025,Tin thường,6395011,12 m,,,Tây - Nam
"MD Complex Mỹ Đình, Nguyễn Cơ Thạch, Cầu Diễn, Nam Từ Liêm, Hà Nội",Thỏa thuận,117 m²,3 phòng,2 phòng,,Sổ đỏ/ Sổ hồng,Đầy đủ,01/10/2025,11/10/2025,Tin thường,43983498,,,,
"Phố Lạc Trung, Phường Vĩnh Tuy, Hai Bà Trưng, Hà Nội",18 tỷ,70 m²,8 phòng,,6 tầng,Sổ đỏ/ Sổ hồng,Đầy đủ,22/10/2025,06/11/2025,Tin thường,43800994,"4,5 m",4 m,,
"Đường Hồ Ba Mẫu, Phường Phương Liên, Đống Đa, Hà Nội",20 tỷ,100 m²,,,4 tầng,Sổ đỏ/ Sổ hồng,,22/10/2025,06/11/2025,Tin thường,44070560,6 m,,,
"Chung cư Ban cơ yếu Chính phủ, Đường Lê Văn Lương, Phường Nhân Chính, Thanh Xuân, Hà Nội","10,7 tỷ",125 m²,3 phòng,2 phòng,,Sổ đỏ/ Sổ hồng,,20/10/2025,04/11/2025,Tin thường,44089795,,,,
"Đường Tứ Hiệp, Xã Tứ Hiệp, Thanh Trì, Hà Nội.","10,5 tỷ",50 m²,4 phòng,4 phòng,4 tầng,Sổ đỏ/ Sổ hồng,Đầy đủ,01/10/2025,11/10/2025,Tin thường,44158355,4 m,4 m,,
"Dự án Hòa Bình Green City, Phố Mạc Thị Bưởi, Phường Vĩnh Tuy, Hai Bà Trưng, Hà Nội","4,6 tỷ",70 m²,2 phòng,,,,Đồ cơ bản siêu mới.,30/09/2025,10/10/2025,Tin thường,42636347,,,Đông - Bắc,
"Phố Trần Cung, Phường Nghĩa Tân, Cầu Giấy, Hà Nội","14,5 tỷ",70 m²,6 phòng,5 phòng,5 tầng,Sổ đỏ/ Sổ hồng,Đầy đủ,30/09/2025,15/10/2025,Tin thường,44038854,10 m,"2,5 m",Tây - Bắc,Tây - Bắc
"Dự án Tân Tây Đô, Đường Quốc lộ 32, Xã Tân Lập, Đan Phượng, Hà Nội",Thỏa thuận,"91,5 m²",,,,,,11/10/2025,21/10/2025,Tin thường,43271890,5 m,27 m,,Tây - Bắc
"Phố Bạch Mai, Phường Bạch Mai, Hai Bà Trưng, Hà Nội","32,6 tỷ",79 m²,,,6 tầng,Sổ đỏ/ Sổ hồng,,30/09/2025,30/10/2025,Tin thường,44139858,"5,8 m",,,
"Phố Sài Đồng, Phường Sài Đồng, Long Biên, Hà Nội",Thỏa thuận,80 m²,4 phòng,5 phòng,7 tầng,Sổ đỏ/ Sổ hồng,Đầy đủ.,30/09/2025,10/10/2025,Tin thường,43902919,"4,5 m",20 m,,
"Dự án Phú Thịnh Green Park, Đường Tô Hiệu, Phường Hà Cầu, Hà Đông, Hà Nội","5,5 tỷ",83 m²,2 phòng,2 phòng,,Hợp đồng mua bán,Đầy đủ,30/09/2025,10/10/2025,Tin thường,44150814,,,Tây - Nam,
"CT2 Xuân Phương, Phường Xuân Phương, Nam Từ Liêm, Hà Nội","6,95 tỷ",109 m²,3 phòng,2 phòng,,Sổ đỏ/ Sổ hồng,Đầy đủ,09/10/2025,24/10/2025,Tin thường,44127858,,,Tây - Bắc,Tây - Nam
"Đường Hoàng Văn Thái, Phường Khương Mai, Thanh Xuân, Hà Nội","20,8 tỷ",50 m²,6 phòng,4 phòng,5 tầng,Sổ đỏ/ Sổ hồng,Đầy đủ,30/09/2025,30/10/2025,Tin thường,44150811,"4,8 m",6 m,,
"Đường Phố Trạm, Phường Long Biên, Long Biên, Hà Nội",15 tỷ,65 m²,4 phòng,4 phòng,6 tầng,Sổ đỏ/ Sổ hồng,,18/10/2025,02/11/2025,Tin thường,43176200,"5,3 m",5 m,,
"Đường Tư Đình, Phường Long Biên, Long Biên, Hà Nội",15 tỷ,75 m²,4 phòng,5 phòng,7 tầng,Sổ đỏ/ Sổ hồng,Đầy đủ,19/10/2025,03/11/2025,Tin thường,43863710,5 m,5 m,,
"Solasta Mansion, Đường Tố Hữu, Phường Dương Nội, Hà Đông, Hà Nội",Thỏa thuận,170 m²,,,,,,23/09/2025,23/10/2025,Tin thường,43997156,,,,
"Phố Đồng Nhân, Phường Phố Huế, Hai Bà Trưng, Hà Nội","14,8 tỷ",32 m²,,,4 tầng,Sổ đỏ/ Sổ hồng,,10/10/2025,20/10/2025,Tin thường,43531829,"3,4 m",,,
"Xã Phú Cát, Quốc Oai, Hà Nội",4 tỷ,270 m²,,,,Sổ đỏ/ Sổ hồng,,29/09/2025,14/10/2025,Tin thường,44040754,10 m,8 m,,
"Đường Hoàng Mai, Phường Trương Định, Hai Bà Trưng, Hà Nội","17,89 tỷ","64,8 m²",,,4 tầng,Sổ đỏ/ Sổ hồng,,29/09/2025,09/10/2025,Tin thường,44057169,"4,3 m",,,
"Dự án Vinhomes Ocean Park Gia Lâm, Xã Dương Xá, Gia Lâm, Hà Nội",Thỏa thuận,150 m²,,,4 tầng,Sổ đỏ/ Sổ hồng.,,20/10/2025,04/11/2025,Tin thường,41586348,"8,3 m",13 m,Đông - Nam,Tây - Bắc
"Đường Thịnh Quang, Phường Thịnh Quang, Đống Đa, Hà Nội","6,1 tỷ",32 m²,3 phòng,3 phòng,4 tầng,Sổ đỏ/ Sổ hồng,,29/09/2025,09/10/2025,Tin thường,43850320,3 m,4 m,,
"Dự án Times City - Park Hill, Đường Lĩnh Nam, Phường Mai Động, Hoàng Mai, Hà Nội",24 tỷ,240 m²,4 phòng,,,,Full nội thất cao cấp.,29/09/2025,09/10/2025,Tin thường,44132785,,,,
"Đường Lạc Long Quân, Phường Phú Thượng, Tây Hồ, Hà Nội","98,88 tỷ",180 m²,,,,Sổ đỏ/ Sổ hồng,,29/09/2025,09/10/2025,Tin thường,44003626,11 m,12 m,,
"Dự án Vinhomes Ocean Park Gia Lâm, Đường Sao Biển, Xã Dương Xá, Gia Lâm, Hà Nội",Thỏa thuận,150 m²,,,,Sổ đỏ/ Sổ hồng,,29/09/2025,14/10/2025,Tin thường,40109624,10 m,13 m,Tây - Bắc,Đông - Nam
"Chung cư 57 Vũ Trọng Phụng, Vũ Trọng Phụng, Thanh Xuân Trung, Thanh Xuân, Hà Nội","8,35 tỷ",108 m²,3 phòng,2 phòng,,Sổ đỏ/ Sổ hồng,Đầy đủ,15/10/2025,25/10/2025,Tin thường,44141149,,,Đông - Nam,Tây - Bắc
"Dự án KĐT Xa La, Phố Phùng Hưng, Phường Phúc La, Hà Đông, Hà Nội","29,8 tỷ",120 m²,5 phòng,5 phòng,5 tầng,Sổ đỏ/ Sổ hồng,,22/10/2025,06/11/2025,Tin thường,43291356,8 m,,,
"Đường Hoa Bằng, Phường Yên Hòa, Cầu Giấy, Hà Nội",26 tỷ,62 m²,10 phòng,7 phòng,7 tầng,Sổ đỏ/ Sổ hồng,Đầy đủ,28/09/2025,08/10/2025,Tin thường,43597307,,,,
"Fafilm - VNT Tower, 19, Đường Nguyễn Trãi, Phường Khương Trung, Thanh Xuân, Hà Nội",Thỏa thuận,96 m²,3 phòng,2 phòng,,Sổ đỏ/ Sổ hồng,Đầy đủ,28/09/2025,08/10/2025,Tin thường,44029526,,,,
"Dự án KĐT Văn Quán, Đường Văn Quán, Phường Văn Quán, Hà Đông, Hà Nội","17,1 tỷ",70 m²,,,,Sổ đỏ/ Sổ hồng.,,10/10/2025,25/10/2025,Tin thường,41755902,,,,
"Hạ Đình Tower, số 143 ngõ 85, Phố Hạ Đình, Phường Thanh Xuân Trung, Thanh Xuân, Hà Nội",Thỏa thuận,118 m²,3 phòng,2 phòng,,Sổ đỏ/ Sổ hồng,Đầy đủ,28/09/2025,08/10/2025,Tin thường,44036098,,,,
"Dự án KĐT Xa La, Phố Phùng Hưng, Phường Phúc La, Hà Đông, Hà Nội",Thỏa thuận,68 m²,2 phòng,2 phòng,,Sổ đỏ chính chủ,Full đồ,28/09/2025,28/10/2025,Tin thường,32611429,,,Tây - Nam,Đông - Bắc
"Đường Kim Giang, Phường Đại Kim, Hoàng Mai, Hà Nội","11,2 tỷ",49 m²,4 phòng,4 phòng,4 tầng,Sổ đỏ/ Sổ hồng,Đầy đủ,28/09/2025,08/10/2025,Tin thường,44131833,4 m,6 m,,
"Dự án KĐT Xa La, Phố Phùng Hưng, Phường Phúc La, Hà Đông, Hà Nội","4,6 tỷ",90 m²,3 phòng,2 phòng,,Sổ đỏ/ Sổ hồng,Đầy đủ,28/09/2025,28/10/2025,Tin thường,37101202,,,Tây - Nam,Đông - Bắc
"Đường Nguyễn Đức Cảnh, Phường Tương Mai, Hoàng Mai, Hà Nội","18,5 tỷ",59 m²,4 phòng,4 phòng,5 tầng,Sổ đỏ/ Sổ hồng,,28/09/2025,08/10/2025,Tin thường,44131831,"4,5 m",20 m,,
"Đường Nguyên Xá, Phường Minh Khai, Bắc Từ Liêm, Hà Nội","18,4 tỷ",160 m²,,,,Sổ đỏ/ Sổ hồng,,17/10/2025,01/11/2025,Tin thường,42384038,12 m,"2,8 m",,
"Đường 21, Xã Cổ Đông, Sơn Tây, Hà Nội","2,9 tỷ",100 m²,,,,Có sổ.,,16/10/2025,31/10/2025,Tin thường,43195689,,7 m,,
"The Queen, số 360, Đường Giải Phóng, Phường Phương Liệt, Thanh Xuân, Hà Nội",Thỏa thuận,"72,9 m²",2 phòng,2 phòng,,Sổ đỏ/ Sổ hồng,Đầy đủ,16/10/2025,26/10/2025,Tin VIP Bạc,44115976,,,Nam,Tây
"Dự án Tháp đôi Kepler Land, Phường Mỗ Lao, Hà Đông, Hà Nội","7,7 tỷ","84,8 m²",2 phòng,2 phòng,,Hợp đồng mua bán,Đầy đủ,16/10/2025,23/10/2025,Tin VIP Kim Cương,43576875,,,Đông - Nam,Đông - Bắc
"Dự án An Quý Villa - KĐT Dương Nội, Phường Dương Nội, Hà Đông, Hà Nội",42 tỷ,231 m²,,,4 tầng,,,26/09/2025,03/10/2025,Tin thường,44115174,,,,
"Dự án Solasta Mansion, Đường Tố Hữu, Phường Dương Nội, Hà Đông, Hà Nội",31 tỷ,170 m²,,,,,,26/09/2025,03/10/2025,Tin thường,44114269,,,,
"Dự án Ruby Park, Đường Phúc Lợi, Phường Phúc Lợi, Long Biên, Hà Nội","4,6 tỷ",80 m²,3 phòng,2 phòng,,Hợp đồng mua bán,,26/09/2025,03/10/2025,Tin thường,44113161,,,Đông - Nam,
"Mipec Rubik 360, Xuân Thủy, Dịch Vọng Hậu, Cầu Giấy, Hà Nội",Thỏa thuận,108 m²,3 phòng,2 phòng,,Sổ đỏ/ Sổ hồng,Đầy đủ,26/09/2025,03/10/2025,Tin thường,44047356,,,,
"Đường 426, Xã Trầm Lộng, Ứng Hòa, Hà Nội","3,9 tỷ",150 m²,,,,Sổ đỏ/ Sổ hồng,,23/09/2025,03/10/2025,Tin thường,44092019,6 m,10 m,,Đông
"Phường Bồ Đề, Long Biên, Hà Nội","22,5 tỷ",76 m²,,,,Sổ đỏ/ Sổ hồng,Không nội thất,25/09/2025,05/10/2025,Tin thường,44112221,"7,7 m",12 m,Nam,
"Đường Ngọc Lâm, Phường Ngọc Lâm, Long Biên, Hà Nội",25 tỷ,80 m²,,,6 tầng,Sổ đỏ/ Sổ hồng,Không nội thất,25/09/2025,02/10/2025,Tin thường,44041080,8 m,12 m,,
"Đường Phú Xá, Phường Phú Thượng, Tây Hồ, Hà Nội","8,8 tỷ",43 m²,3 phòng,4 phòng,4 tầng,Sổ đỏ/ Sổ hồng,Đầy đủ,29/09/2025,09/10/2025,Tin thường,43727945,"4,6 m",,,
"Đường Hoàng Quốc Việt, Phường Nghĩa Đô, Cầu Giấy, Hà Nội",21 tỷ,55 m²,4 phòng,4 phòng,5 tầng,Sổ đỏ/ Sổ hồng,Đầy đủ,06/10/2025,16/10/2025,Tin thường,43334305,"5,2 m",8 m,,
"Sky Park Residence, Tôn Thất Thuyết, Dịch Vọng Hậu, Cầu Giấy, Hà Nội","8,3 tỷ",71 m²,2 phòng,2 phòng,,Sổ đỏ/ Sổ hồng,Đầy đủ,19/10/2025,03/11/2025,Tin thường,43936119,,,,
"Đường Xuân La, Phường Xuân La, Tây Hồ, Hà Nội","26,3 tỷ",85 m²,8 phòng,8 phòng,7 tầng,Sổ đỏ/ Sổ hồng,Đầy đủ,29/09/2025,09/10/2025,Tin thường,43454310,,8 m,,
"Phố Phố Huế, Phường Phố Huế, Hai Bà Trưng, Hà Nội",21 tỷ,80 m²,,,4 tầng,Sổ đỏ/ Sổ hồng,Cơ bản,16/10/2025,31/10/2025,Tin thường,44003353,"5,2 m",5 m,,
"Ngõ 28, Đường Xuân La, Phường Xuân La, Tây Hồ, Hà Nội","26,5 tỷ",70 m²,4 phòng,4 phòng,4 tầng,Sổ đỏ/ Sổ hồng,Đầy đủ,26/09/2025,06/10/2025,Tin thường,44120479,"6,3 m",10 m,,
"Đường Xuân La, Phường Xuân La, Tây Hồ, Hà Nội","8,5 tỷ",35 m²,3 phòng,4 phòng,5 tầng,Sổ đỏ/ Sổ hồng,Đầy đủ,17/10/2025,24/10/2025,Tin VIP Bạc,44072651,4 m,"3,5 m",,
"Phố Trần Đại Nghĩa, Phường Đồng Tâm, Hai Bà Trưng, Hà Nội",9 tỷ,45 m²,6 phòng,4 phòng,5 tầng,Sổ đỏ/ Sổ hồng,Cơ bản,30/09/2025,10/10/2025,Tin thường,44153696,5 m,"2,5 m",,Đông - Bắc
"Phố Bà Triệu, Phường Lê Đại Hành, Hai Bà Trưng, Hà Nội","2,6 tỷ",38 m²,2 phòng,,,,,01/10/2025,11/10/2025,Tin thường,44158349,,,,
"Đường Dương Văn Bé, Phường Vĩnh Tuy, Hai Bà Trưng, Hà Nội","18,5 tỷ",60 m²,,,4 tầng,Sổ đỏ/ Sổ hồng,Cơ bản,11/10/2025,21/10/2025,Tin thường,44069260,,,,
"Xã Lại Yên, Hoài Đức, Hà Nội",125 triệu/m²,66 m²,,,,Sổ đỏ/ Sổ hồng,,23/09/2025,03/10/2025,Tin thường,43548996,"4,5 m",6 m,,Đông - Bắc
"Xã Bắc Sơn, Sóc Sơn, Hà Nội",900 triệu,100 m²,,,,Đang chờ sổ,,16/10/2025,31/10/2025,Tin thường,44088557,8 m,6 m,,Đông - Nam
"Đường Kim Giang, Phường Đại Kim, Quận Hoàng Mai, Hà Nội","8,65 tỷ",40 m²,4 phòng,,4 tầng,Sổ đỏ/ Sổ hồng,,23/09/2025,23/10/2025,Tin thường,44088556,"3,3 m",3 m,,
"Đường Võ Chí Công, Phường Nghĩa Đô, Cầu Giấy, Hà Nội","8,25 tỷ",33 m²,4 phòng,3 phòng,5 tầng,Sổ đỏ/ Sổ hồng,Đầy đủ,23/09/2025,08/10/2025,Tin thường,44088558,4 m,5 m,Tây,Tây
"Đường Hoàng Hoa Thám, Phường Thụy Khuê, Tây Hồ, Hà Nội","16,8 tỷ",59 m²,,,,Sổ đỏ/ Sổ hồng,,07/10/2025,17/10/2025,Tin thường,43992204,6 m,5 m,,Tây
"Dự án Imperia Smart City, Đường Đại lộ Thăng Long, Phường Tây Mỗ, Nam Từ Liêm, Hà Nội.","3,1 tỷ",43 m²,1 phòng,1 phòng,,Sổ đỏ/ Sổ hồng,"Đầy đủ Nhà đã sắm đầy đủ nội thất: Tivi tủ lạnh, máy giặt hệ thống tủ bếp đầy đủ, Giường tủ quần áo.",08/10/2025,18/10/2025,Tin thường,41271661,,,,
"Đường Trần Thái Tông, Phường Dịch Vọng Hậu, Cầu Giấy, Hà Nội","261,7 triệu/m²",30 m²,3 phòng,3 phòng,5 tầng,Sổ đỏ,,23/09/2025,03/10/2025,Tin thường,44088550,6 m,3 m,,
"Đường Tỉnh Lộ 35, Xã Trung Giã, Sóc Sơn, Hà Nội",48 triệu/m²,101 m²,,,,Sổ đỏ/ Sổ hồng,,23/09/2025,08/10/2025,Tin thường,44087634,"4,75 m",7 m,,
"Đường Giang Biên, Phường Giang Biên, Long Biên, Hà Nội","16,1 tỷ",73 m²,,,,Sổ đỏ/ Sổ hồng.,,23/09/2025,03/10/2025,Tin thường,43340246,5 m,,,
"Cụm công nghiệp Thanh Văn - Tân Ước, Xã Tân Ước, Thanh Oai, Hà Nội","8,2 triệu/m²",2.000 m²,,,,Hợp đồng mua bán,Không nội thất,21/10/2025,05/11/2025,Tin thường,42901784,50 m,,,Đông - Nam
"Phường Nghĩa Đô, Cầu Giấy, Hà Nội",280 triệu/m²,"48,21 m²",3 phòng,4 phòng,5 tầng,Sổ đỏ/ Sổ hồng,,23/09/2025,03/10/2025,Tin thường,44092090,"3,11 m",4 m,,
"Đường Nguyễn Chí Thanh, Phường Láng Thượng, Đống Đa, Hà Nội","23,5 tỷ",50 m²,5 phòng,5 phòng,7 tầng,Sổ đỏ/ Sổ hồng,Đầy đủ,10/10/2025,20/10/2025,Tin thường,44121593,6 m,8 m,,
"Xã Thuỷ Xuân Tiên, Chương Mỹ, Hà Nội",Thỏa thuận,104 m²,,,,Sổ đỏ/ Sổ hồng,,08/10/2025,18/10/2025,Tin thường,43911161,8 m,4 m,,Đông - Nam
"Đường La Thành, Phường Láng Thượng, Đống Đa, Hà Nội","13,5 tỷ",30 m²,4 phòng,4 phòng,5 tầng,Sổ đỏ/ Sổ hồng,Cơ bản,26/09/2025,06/10/2025,Tin thường,44121589,,,,
"Đường Trâu Quỳ, Thị trấn Trâu Quỳ, Huyện Gia Lâm, Hà Nội",30 tỷ,190 m²,,,,Sổ đỏ/ Sổ hồng,Cơ bản,26/09/2025,06/10/2025,Tin thường,44119758,,,,
"Đường Trâu Quỳ, Thị trấn Trâu Quỳ, Gia Lâm, Hà Nội",20 tỷ,110 m²,,,,Sổ đỏ/ Sổ hồng,Cơ bản,26/09/2025,06/10/2025,Tin thường,44119662,,,,
"Thượng Thanh, Long Biên, Hà Nội","12,9 tỷ",85 m²,,,,,,22/10/2025,06/11/2025,Tin thường,44121584,"4,6 m",4 m,,
"Đường Nguyễn Văn Ninh, Phường Thạch Bàn, Long Biên, Hà Nội","5,6 tỷ",31 m²,,,,Sổ đỏ/ Sổ hồng,,26/09/2025,06/10/2025,Tin thường,44121581,"3,6 m","2,5 m",,
"Xã Phú Cát, Huyện Quốc Oai, Hà Nội",22 triệu/m²,500 m²,,,,Sổ đỏ/ Sổ hồng,,26/09/2025,06/10/2025,Tin thường,44121583,25 m,6 m,,Đông - Bắc
"Văn Phú Victoria, Đường Lê Trọng Tấn, Phường Phú La, Hà Đông, Hà Nội","6,7 tỷ",97 m²,2 phòng,2 phòng,,Sổ đỏ/ Sổ hồng,Đầy đủ,26/09/2025,11/10/2025,Tin thường,44121582,,,Tây - Bắc,
"Dự án NOXH Đồng Mô, Đường Trần Hòa, Phường Đại Kim, Hoàng Mai, Hà Nội","5,15 tỷ",70 m²,2 phòng,2 phòng,,Sổ đỏ/ Sổ hồng,Đầy đủ,25/09/2025,05/10/2025,Tin thường,44106102,,,,
"Phố Phùng Chí Kiên, Phường Nghĩa Đô, Cầu Giấy, Hà Nội",25 tỷ,60 m²,4 phòng,6 phòng,6 tầng,Sổ đỏ/ Sổ hồng,Cơ bản,25/09/2025,05/10/2025,Tin thường,44016002,"5,5 m",10 m,,
"Phường Dương Nội, Hà Đông, Hà Nội",Thỏa thuận,50 m²,,,,Sổ đỏ,,21/10/2025,05/11/2025,Tin thường,41998297,"4,35 m","11,5 m",,Đông - Nam
"Xã Đại Áng, Thanh Trì, Hà Nội",Thỏa thuận,"79,8 m²",,,,Sổ đỏ/ Sổ hồng,,25/09/2025,05/10/2025,Tin thường,44106090,4 m,3 m,,
"Đường Trần Quang Diệu, Phường Quang Trung, Đống Đa, Hà Nội",15 tỷ,50 m²,4 phòng,3 phòng,4 tầng,Sổ đỏ/ Sổ hồng,Cơ bản,23/09/2025,03/10/2025,Tin thường,44089778,4 m,5 m,,
"Đường Định Công, Phường Định Công, Hoàng Mai, Hà Nội","8,5 tỷ",50 m²,4 phòng,4 phòng,5 tầng,Sổ đỏ/ Sổ hồng,Đầy đủ.,16/10/2025,31/10/2025,Tin thường,44106080,"3,5 m",3 m,,
"Dự án Vinhomes Ocean Park Gia Lâm, Đường 179, Xã Dương Xá, Gia Lâm, Hà Nội",18 tỷ,70 m²,,,5 tầng,Sổ đỏ,,20/10/2025,04/11/2025,Tin thường,40102530,5 m,52 m,,Tây - Bắc
"Dự án CT36 - Dream Home, Đường Nguyễn Cảnh Dị, Phường Định Công, Hoàng Mai, Hà Nội","4,6 tỷ",54 m²,2 phòng,2 phòng,,Sổ đỏ/ Sổ hồng,Đầy đủ,25/09/2025,05/10/2025,Tin thường,44106074,,,Tây,Đông
"Đường Cầu Giấy, Phường Quan Hoa, Cầu Giấy, Hà Nội",33 tỷ,160 m²,5 phòng,5 phòng,5 tầng,Sổ đỏ/ Sổ hồng,Đầy đủ,25/09/2025,05/10/2025,Tin thường,44105586,8 m,4 m,,
"Xã Vĩnh Quỳnh, Thanh Trì, Hà Nội",Thỏa thuận,60 m²,2 phòng,1 phòng,,Sổ đỏ,Full nội thất.,22/09/2025,02/10/2025,Tin thường,44072109,,,,
"Vincom Center Bà Triệu, Bà Triệu, Lê Đại Hành, Hai Bà Trưng, Hà Nội",24 tỷ,132 m²,2 phòng,2 phòng,,Sổ đỏ,,21/10/2025,05/11/2025,Tin thường,44037998,,,,
"Đường Ngọc Lâm, Phường Ngọc Lâm, Long Biên, Hà Nội",7 tỷ,45 m²,3 phòng,3 phòng,4 tầng,Sổ đỏ/ Sổ hồng,Đầy đủ.,19/10/2025,03/11/2025,Tin thường,41644938,,5 m,,
"Imperia Sky Garden, 423, Đường Minh Khai, Phường Vĩnh Tuy, Hai Bà Trưng, Hà Nội","7,7 tỷ",75 m²,2 phòng,2 phòng,,Sổ đỏ/ Sổ hồng,Đầy đủ,16/10/2025,31/10/2025,Tin thường,44150799,,,Tây - Nam,Đông - Bắc
"Đường Cổ Linh, Phường Thạch Bàn, Long Biên, Hà Nội","11,3 tỷ",55 m²,4 phòng,5 phòng,6 tầng,Sổ đỏ/ Sổ hồng,Đầy đủ,03/10/2025,13/10/2025,Tin thường,44082719,4 m,5 m,,
"Dự án Sunshine City, Phường Đông Ngạc, Bắc Từ Liêm, Hà Nội","9,5 tỷ",98 m²,3 phòng,2 phòng,,Sổ đỏ/ Sổ hồng,Đầy đủ,30/09/2025,10/10/2025,Tin thường,43978057,,,Tây - Nam,Đông - Bắc
"Đường Trung Yên, Phường Trung Hòa, Cầu Giấy, Hà Nội","54,5 tỷ",100 m²,10 phòng,9 phòng,9 tầng,Sổ đỏ/ Sổ hồng,Đầy đủ,30/09/2025,10/10/2025,Tin thường,44150794,"7,4 m",,,
"Đường Phố Trạm, Phường Long Biên, Long Biên, Hà Nội",9 tỷ,60 m²,4 phòng,5 phòng,6 tầng,Sổ đỏ/ Sổ hồng,Đầy đủ,08/10/2025,18/10/2025,Tin thường,44122061,5 m,5 m,,
"Dự án An Lạc Green Symphony, Đường Vành Đai 3.5, Xã Vân Canh, Hoài Đức, Hà Nội",46 tỷ,202 m²,,,,HĐMB,,18/10/2025,02/11/2025,Tin thường,40490035,10 m,,,
"N02, Phố Chùa Láng, Phường Láng Thượng, Đống Đa, Hà Nội","7,4 tỷ",95 m²,3 phòng,2 phòng,,Sổ đỏ/ Sổ hồng,Đầy đủ,30/09/2025,10/10/2025,Tin thường,44150782,,,,
"Dự án Ngọc Khánh Plaza, Phố Phạm Huy Thông, Phường Ngọc Khánh, Ba Đình, Hà Nội",55 triệu/m²,161 m²,3 phòng,2 phòng,,,Không nội thất,13/10/2025,28/10/2025,Tin thường,43112694,,,Nam,Tây
"Dự án Noble Palace Tây Thăng Long, Đường Tây Thăng Long, Xã Tân Lập, Đan Phượng, Hà Nội",11 tỷ,75 m²,5 phòng,5 phòng,5 tầng,Sổ đỏ/ Sổ hồng,Cơ bản,29/09/2025,09/10/2025,Tin thường,44141071,5 m,24 m,,Đông - Nam
"Đường 21, Xã Cổ Đông, Sơn Tây, Hà Nội",3 tỷ,100 m²,,,,Sổ đỏ/ Sổ hồng,,10/10/2025,20/10/2025,Tin thường,43777484,6 m,8 m,,Đông - Nam
"Đường Lê Trọng Tấn, Phường Phú La, Hà Đông, Hà Nội",Thỏa thuận,100 m²,,,,Sổ đỏ/ Sổ hồng,,24/09/2025,09/10/2025,Tin thường,44097453,"5,5 m",15 m,,Đông
"Dự án Vinhomes Ocean Park Gia Lâm, Xã Dương Xá, Gia Lâm, Hà Nội",86 tỷ,270 m²,,,3 tầng,Sổ đỏ/ Sổ hồng,,17/10/2025,01/11/2025,Tin thường,42794302,30 m,20 m,Tây - Nam,Tây - Bắc
"Ruby Park, Phúc Lợi, Phúc Lợi, Long Biên, Hà Nội",63 triệu/m²,46 m²,1 phòng,1 phòng,,,,29/09/2025,09/10/2025,Tin thường,44141135,,,,
"Đường Yên Ngưu, Xã Tam Hiệp, Thanh Trì, Hà Nội","6,35 tỷ",35 m²,5 phòng,4 phòng,5 tầng,Sổ đỏ/ Sổ hồng,Đầy đủ,29/09/2025,14/10/2025,Tin thường,43705002,6 m,"2,5 m",,
"Dự án Vinhomes Ocean Park Gia Lâm, Xã Dương Xá, Gia Lâm, Hà Nội",34 tỷ,150 m²,4 phòng,5 phòng,4 tầng,,Đầy đủ,25/09/2025,05/10/2025,Tin thường,44109020,10 m,30 m,Tây - Bắc,Tây - Bắc
"Đường Hồ Văn Chương, Phường Văn Chương, Đống Đa, Hà Nội","4,1 tỷ",32 m²,2 phòng,,4 tầng,,,10/10/2025,20/10/2025,Tin thường,44121727,,,,
"Đường Long Biên 1, Phường Bồ Đề, Long Biên, Hà Nội","18,3 tỷ",77 m²,4 phòng,6 phòng,7 tầng,Sổ đỏ/ Sổ hồng,Đầy đủ,29/09/2025,09/10/2025,Tin thường,44140771,5 m,7 m,,
"Đường Đội Cấn, Phường Đội Cấn, Ba Đình, Hà Nội","4,6 tỷ",15 m²,4 phòng,3 phòng,,Sổ đỏ/ Sổ hồng,Đầy đủ,29/09/2025,09/10/2025,Tin thường,43693519,,3 m,,
"Indochina Plaza, 241, Đường Xuân Thủy, Phường Dịch Vọng Hậu, Cầu Giấy, Hà Nội","13,2 tỷ",110 m²,3 phòng,2 phòng,,Sổ hồng,Đầy đủ,17/10/2025,24/10/2025,Tin VIP Kim Cương,37360107,,,Đông - Bắc,
"Xã Phú Mãn, Quốc Oai, Hà Nội","8,5 triệu/m²",1.510 m²,,,,Sổ đỏ,,25/09/2025,10/10/2025,Tin thường,43690796,,,,
"Dự án TMC Smart Home, Đường Nguyễn Đình Tứ, Phường Xuân Đỉnh, Bắc Từ Liêm, Hà Nội",Thỏa thuận,80 m²,,,,Hợp đồng mua bán,,17/10/2025,01/11/2025,Tin thường,44110897,,,,
"Đường Lạc Long Quân, Phường Xuân La, Tây Hồ, Hà Nội",420 tỷ,780 m²,,,,,,21/10/2025,28/10/2025,Tin VIP Vàng,44110809,17 m,,,
"Dự án Vinhomes Wonder City, Xã Tân Hội, Đan Phượng, Hà Nội",38 tỷ,228 m²,4 phòng,4 phòng,,Sổ đỏ/ Sổ hồng,,16/10/2025,23/10/2025,Tin VIP Kim Cương,41954952,12 m,,Bắc,Đông - Bắc
"Dự án Times City, Đường Minh Khai, Phường Vĩnh Tuy, Hai Bà Trưng, Hà Nội","8,8 tỷ",95 m²,3 phòng,2 phòng,,Sổ đỏ/ Sổ hồng,Đầy đủ,25/09/2025,10/10/2025,Tin thường,38151266,,,Nam,
"Noble Palace Tây Thăng Long, Tây Thăng Long, Tân Lập, Đan Phượng, Hà Nội","10,7 tỷ",50 m²,,,,,,25/09/2025,02/10/2025,Tin thường,44110312,,,,
"Vinhomes D'Capitale, Trần Duy Hưng, Trung Hòa, Cầu Giấy, Hà Nội",Thỏa thuận,86 m²,,,,Sổ đỏ/ Sổ hồng,Đầy đủ,21/10/2025,28/10/2025,Tin VIP Vàng,43507555,,,,
"Dự án Lumière Bayfront, Thị trấn Trâu Quỳ, Gia Lâm, Hà Nội",Thỏa thuận,70 m²,2 phòng,2 phòng,,Sổ đỏ/ Sổ hồng,Đầy đủ,11/10/2025,10/11/2025,Tin thường,44109662,,,Đông - Nam,Tây - Bắc
"Dự án Sun Feliza Suites, Đường Phạm Hùng, Phường Dịch Vọng Hậu, Cầu Giấy, Hà Nội",Thỏa thuận,80 m²,2 phòng,,,Sổ đỏ/ Sổ hồng,,25/09/2025,02/10/2025,Tin thường,44109056,,,,
"Đường Định Công, Phường Định Công, Hoàng Mai, Hà Nội","15,8 tỷ",86 m²,,,7 tầng,Sổ đỏ,Đủ nội thất.,28/09/2025,08/10/2025,Tin thường,43773842,,,,
"Tabudec Plaza, Đường Phan Trọng Tuệ, Xã Tả Thanh Oai, Thanh Trì, Hà Nội","4,65 tỷ",88 m²,3 phòng,2 phòng,,Sổ đỏ/ Sổ hồng,,28/09/2025,13/10/2025,Tin thường,44014992,,,Đông - Bắc,Tây - Nam
"Dự án Louis City Hoàng Mai, Đường Tân Mai, Phường Hoàng Văn Thụ, Hoàng Mai, Hà Nội",31 tỷ,95 m²,,,5 tầng,Sổ đỏ/ Sổ hồng,Không nội thất,23/09/2025,23/10/2025,Tin thường,44083190,5 m,,,
"Dự án KĐT Xa La, Phố Phùng Hưng, Phường Phúc La, Hà Đông, Hà Nội","3,95 tỷ",70 m²,2 phòng,2 phòng,,Sổ đỏ,,03/09/2025,03/10/2025,Tin thường,36300760,,,Đông - Nam,Tây - Bắc
"Dự án Làng Việt Kiều Châu Âu Euroland, Đường Nguyễn Văn Lộc, Phường Mỗ Lao, Hà Đông, Hà Nội","26,7 tỷ",80 m²,5 phòng,4 phòng,4 tầng,Sổ đỏ/ Sổ hồng,,09/10/2025,19/10/2025,Tin thường,41487725,,,,
"Dự án Làng Việt Kiều Châu Âu Euroland, Đường Nguyễn Văn Lộc, Phường Mỗ Lao, Hà Đông, Hà Nội","48,5 tỷ",185 m²,,,,Sổ đỏ/ Sổ hồng,,22/10/2025,06/11/2025,Tin thường,41620731,,,,
"Ngõ 79, Đường Cầu Giấy, Phường Yên Hòa, Cầu Giấy, Hà Nội","7,5 tỷ",28 m²,3 phòng,,5 tầng,Sổ đỏ/ Sổ hồng,Đầy đủ,12/10/2025,22/10/2025,Tin thường,44086722,,,,
"Đường Lê Trọng Tấn, Phường Dương Nội, Hà Đông, Hà Nội",13 tỷ,50 m²,,,,Sổ đỏ/ Sổ hồng,,28/09/2025,08/10/2025,Tin thường,43936694,,,,Đông - Nam
"KĐT Định Công, Đường Trần Nguyên Đán, Phường Định Công, Hoàng Mai, Hà Nội",Thỏa thuận,55 m²,4 phòng,4 phòng,4 tầng,Sổ đỏ/ Sổ hồng,Cơ bản,28/09/2025,08/10/2025,Tin thường,43959247,"4,6 m",,,
"Đường Kim Ngưu, Phường Vĩnh Tuy, Hai Bà Trưng, Hà Nội","12,5 tỷ",63 m²,9 phòng,,6 tầng,Sổ đỏ/ Sổ hồng,,28/09/2025,08/10/2025,Tin thường,44131824,,,,
"N01-T1 Ngoại Giao Đoàn, Phường Xuân Đỉnh, Quận Bắc Từ Liêm, Hà Nội",Thỏa thuận,95 m²,3 phòng,2 phòng,,Sổ đỏ/ Sổ hồng,Cơ bản,23/09/2025,03/10/2025,Tin thường,44088539,,,Bắc,
"Đường Nguyễn Thái Học, Phường Điện Biên, Ba Đình, Hà Nội",110 tỷ,210 m²,,,,Sổ đỏ/ Sổ hồng,Cơ bản,07/10/2025,17/10/2025,Tin thường,42330279,7 m,50 m,,
"Dự án An Phú Shop Villa, Phường Dương Nội, Hà Đông, Hà Nội",Thỏa thuận,"237,35 m²",,,,Sổ đỏ,,13/10/2025,23/10/2025,Tin thường,39568708,,,,Đông - Nam
"Dự án Heritage West Lake, Đường Lạc Long Quân, Phường Phú Thượng, Tây Hồ, Hà Nội","4,25 tỷ","51,83 m²",,,,,,22/10/2025,06/11/2025,Tin thường,43500104,,,,
"Đường Xuân Đỉnh, Phường Xuân Đỉnh, Bắc Từ Liêm, Hà Nội","9,89 tỷ",40 m²,5 phòng,5 phòng,6 tầng,Sổ đỏ/ Sổ hồng,Đầy đủ,23/09/2025,03/10/2025,Tin thường,44087835,4 m,4 m,,
"Đường Ngọc Hà, Phường Ngọc Hà, Ba Đình, Hà Nội","25,3 tỷ",77 m²,13 phòng,13 phòng,8 tầng,Sổ đỏ/ Sổ hồng,Đầy đủ,23/09/2025,03/10/2025,Tin thường,44088521,"4,2 m",,,
"Đường Duy Tân, Phường Dịch Vọng Hậu, Cầu Giấy, Hà Nội","50,5 tỷ",150 m²,,,,Sổ đỏ/ Sổ hồng,,23/09/2025,08/10/2025,Tin thường,41025673,,8 m,,
"Đường Xuân Diệu, Phường Quảng An, Tây Hồ, Hà Nội",30 tỷ,70 m²,12 phòng,12 phòng,8 tầng,Sổ đỏ/ Sổ hồng,Đầy đủ,23/09/2025,03/10/2025,Tin thường,44006928,"4,6 m",6 m,,
"Nam Đồng, Phương Liên - Trung Tự, Đống Đa, Hà Nội",89 tỷ,165 m²,,,,,,07/10/2025,17/10/2025,Tin thường,43981802,,,,
"Đường Cầu Giấy, Phường Quan Hoa, Cầu Giấy, Hà Nội","7,5 tỷ",35 m²,4 phòng,,5 tầng,Sổ đỏ/ Sổ hồng,Đầy đủ,23/09/2025,03/10/2025,Tin thường,43844425,5 m,,,
"Dự án Golden Field Mỹ Đình, Phường Cầu Diễn, Nam Từ Liêm, Hà Nội","4,9 tỷ",80 m²,2 phòng,2 phòng,,Sổ đỏ/ Sổ hồng,,26/09/2025,06/10/2025,Tin thường,43394673,,,,
"Phường Khương Trung, Thanh Xuân, Hà Nội","41,8 tỷ",68 m²,5 phòng,4 phòng,5 tầng,Sổ đỏ/ Sổ hồng,Đầy đủ,10/10/2025,20/10/2025,Tin thường,44121575,"4,5 m",19 m,,
"Phố Báo Khánh, Phường Hàng Trống, Hoàn Kiếm, Hà Nội",65 tỷ,82 m²,12 phòng,12 phòng,,Sổ đỏ/ Sổ hồng,Đầy đủ,26/09/2025,06/10/2025,Tin thường,44121574,4 m,6 m,Bắc,Bắc
"Phường Mỹ Đình 2, Nam Từ Liêm, Hà Nội","45,5 tỷ",108 m²,,,7 tầng,Sổ đỏ/ Sổ hồng,Đầy đủ,07/10/2025,17/10/2025,Tin thường,43238880,6 m,30 m,,
"Sun Grand City, 69B, Đường Thụy Khuê, Phường Thụy Khuê, Tây Hồ, Hà Nội",Thỏa thuận,138 m²,3 phòng,2 phòng,,Sổ đỏ/ Sổ hồng,Đầy đủ.,20/09/2025,05/10/2025,Tin thường,44067559,,,,
"Phố Cự Lộc, Phường Thượng Đình, Thanh Xuân, Hà Nội","12,3 tỷ",37 m²,6 phòng,3 phòng,5 tầng,Sổ đỏ/ Sổ hồng,,08/10/2025,18/10/2025,Tin thường,44118339,"3,3 m",,,
"Đường Văn Cao, Phường Liễu Giai, Ba Đình, Hà Nội",36 tỷ,"46,4 m²",,,5 tầng,,,26/09/2025,06/10/2025,Tin thường,43893138,"3,62 m",,,
"Đường Xuân La, Phường Xuân La, Tây Hồ, Hà Nội","26,5 tỷ",75 m²,,,,,,26/09/2025,06/10/2025,Tin thường,44121568,,,,
"Golden Park Tower, Phạm Văn Bạch, Yên Hòa, Cầu Giấy, Hà Nội","10,5 tỷ",100 m²,3 phòng,2 phòng,,Sổ đỏ/ Sổ hồng,Đầy đủ,13/10/2025,23/10/2025,Tin thường,44117858,,,Đông - Nam,Bắc
"A10-A14 Nam Trung Yên, Yên Hòa, Cầu Giấy, Hà Nội","8,9 tỷ",95 m²,3 phòng,2 phòng,,Sổ đỏ/ Sổ hồng,,13/10/2025,23/10/2025,Tin thường,43948335,,,,
"Phường Ngọc Lâm, Long Biên, Hà Nội","19,3 tỷ",60 m²,6 phòng,7 phòng,6 tầng,Sổ đỏ/ Sổ hồng,,28/09/2025,08/10/2025,Tin thường,44133693,"3,7 m",7 m,,
"Ngõ 82, Phố Kim Mã, Phường Kim Mã, Ba Đình, Hà Nội","6,2 tỷ",30 m²,,,4 tầng,Sổ đỏ/ Sổ hồng,Đầy đủ,30/09/2025,10/10/2025,Tin thường,44150769,,,,
"Đường Đại An, Phường Văn Quán, Hà Đông, Hà Nội",24 tỷ,80 m²,24 phòng,26 phòng,10 tầng,Sổ đỏ/ Sổ hồng,,14/10/2025,24/10/2025,Tin thường,43926119,,9 m,,
"N02-T3 Ngoại Giao Đoàn, Xuân Tảo, Bắc Từ Liêm, Hà Nội","9,5 tỷ",95 m²,3 phòng,2 phòng,,Sổ đỏ/ Sổ hồng,Đầy đủ,30/09/2025,10/10/2025,Tin thường,43975835,,,Bắc,Nam
"Dự án Osaka Complex, Đường Ngọc Hồi, Phường Hoàng Liệt, Hoàng Mai, Hà Nội","4,75 tỷ",76 m²,3 phòng,2 phòng,,Sổ đỏ/ Sổ hồng,Đầy đủ,30/09/2025,10/10/2025,Tin thường,41915652,,,,
"Phường Sài Đồng, Long Biên, Hà Nội",12 tỷ,40 m²,4 phòng,6 phòng,6 tầng,Sổ đỏ/ Sổ hồng,Đầy đủ.,30/09/2025,10/10/2025,Tin thường,42991538,6 m,5 m,,
"Đường Phú Xá, Phường Phú Thượng, Tây Hồ, Hà Nội","16,5 tỷ",47 m²,4 phòng,4 phòng,5 tầng,Sổ đỏ/ Sổ hồng,,30/09/2025,10/10/2025,Tin thường,44150764,"4,5 m",15 m,,
"Phố Ngọc Trì, Phường Thạch Bàn, Long Biên, Hà Nội","6,5 tỷ",54 m²,4 phòng,3 phòng,4 tầng,Sổ đỏ/ Sổ hồng,Đầy đủ,24/09/2025,04/10/2025,Tin thường,44093279,"3,4 m",4 m,,
"Dự án The London - Vinhomes Ocean Park, Đường Lý Thánh Tông, Xã Dương Xá, Gia Lâm, Hà Nội","4,49 tỷ",69 m²,2 phòng,2 phòng,,Hợp đồng mua bán,Cơ bản,30/09/2025,10/10/2025,Tin thường,44150757,,,,
"Phường Xuân Khanh, Sơn Tây, Hà Nội","1,8 tỷ",50 m²,,,,Sổ đỏ/ Sổ hồng,,30/09/2025,30/10/2025,Tin thường,44150752,5 m,,,Đông - Nam
"Xã Vạn Phúc, Thanh Trì, Hà Nội",Thỏa thuận,56 m²,,,,Sổ đỏ cc,,25/09/2025,05/10/2025,Tin thường,44106060,"5,8 m",,,
"Phố Láng Hạ, Phường Láng Hạ, Đống Đa, Hà Nội",22 tỷ,35 m²,4 phòng,5 phòng,6 tầng,Sổ đỏ/ Sổ hồng,Đầy đủ,07/10/2025,17/10/2025,Tin thường,43446443,4 m,20 m,,
"Tứ Hiệp, Thanh Trì, Hà Nội","6,5 tỷ",48 m²,4 phòng,3 phòng,5 tầng,Sổ đỏ/ Sổ hồng,Cơ bản,25/09/2025,05/10/2025,Tin thường,44106052,4 m,"2,5 m",,
"Đường Trần Phú, Phường Văn Quán, Hà Đông, Hà Nội","13,4 tỷ",64 m²,4 phòng,4 phòng,5 tầng,Sổ đỏ/ Sổ hồng,Đầy đủ,25/09/2025,05/10/2025,Tin thường,44105718,,6 m,,
"Đường Trần Thái Tông, Phường Dịch Vọng, Cầu Giấy, Hà Nội","7,8 tỷ",33 m²,4 phòng,4 phòng,5 tầng,,,25/09/2025,25/10/2025,Tin thường,44102895,,,,
"Đường Trường Lâm, Phường Đức Giang, Long Biên, Hà Nội",9 tỷ,40 m²,,,,Sổ đỏ/ Sổ hồng,,18/09/2025,18/10/2025,Tin thường,44051045,"5,5 m",3 m,,
"Westa, 104, Đường Trần Phú, Phường Mỗ Lao, Hà Đông, Hà Nội","4,2 tỷ",65 m²,2 phòng,2 phòng,,Hợp đồng mua bán,Đầy đủ,25/09/2025,05/10/2025,Tin thường,44001086,,,Đông - Nam,Tây - Nam
"Thái Hà, Láng Hạ, Đống Đa, Hà Nội",12 tỷ,48 m²,6 phòng,,5 tầng,Sổ đỏ/ Sổ hồng,,25/09/2025,05/10/2025,Tin thường,43645940,"3,5 m",2 m,,
"Đường Cổ Dương, Xã Tiên Dương, Đông Anh, Hà Nội","4,3 tỷ",45 m²,,,,Sổ đỏ/ Sổ hồng,,05/10/2025,15/10/2025,Tin thường,44106047,"4,1 m","2,5 m",,
"Đường Hàm Nghi, Phường Mỹ Đình 2, Nam Từ Liêm, Hà Nội","13,5 tỷ",40 m²,6 phòng,5 phòng,6 tầng,,,03/10/2025,13/10/2025,Tin thường,44089387,,,,
"Đường Nguyễn Trãi, Phường Thanh Xuân Trung, Thanh Xuân, Hà Nội","3,4 tỷ",80 m²,3 phòng,1 phòng,,Sổ đỏ/ Sổ hồng,Đầy đủ,01/10/2025,11/10/2025,Tin thường,44158348,,,,
"Xã Bích Hòa, Thanh Oai, Hà Nội","2,25 tỷ",30 m²,4 phòng,,4 tầng,Sổ đỏ/ Sổ hồng,,01/10/2025,11/10/2025,Tin thường,43890994,,7 m,,
"Đường Mỹ Đình 1, Phường Mỹ Đình 1, Nam Từ Liêm, Hà Nội","38,6 tỷ",203 m²,6 phòng,6 phòng,4 tầng,Sổ đỏ/ Sổ hồng,Cơ bản,04/10/2025,14/10/2025,Tin thường,43915067,"8,5 m",15 m,,
"Đường Quang Trung, Phường Quang Trung, Hà Đông, Hà Nội","6,2 tỷ",35 m²,3 phòng,3 phòng,4 tầng,Sổ đỏ/ Sổ hồng,Cơ bản,24/09/2025,04/10/2025,Tin thường,41242265,,,,Nam
"The Manor - Hà Nội, Mễ Trì, Mỹ Đình 1, Nam Từ Liêm, Hà Nội",Thỏa thuận,380 m²,5 phòng,3 phòng,,Sổ đỏ/ Sổ hồng,Đầy đủ,01/10/2025,11/10/2025,Tin thường,43983084,,,,
"Ngõ 40, Đường Xuân La, Phường Xuân La, Tây Hồ, Hà Nội",39 tỷ,98 m²,5 phòng,7 phòng,7 tầng,Sổ đỏ/ Sổ hồng,Đầy đủ nội thất cao cấp. Thang máy xịn.,17/10/2025,24/10/2025,Tin VIP Bạc,43749486,8 m,15 m,,
"Phố Bạch Mai, Phường Bạch Mai, Hai Bà Trưng, Hà Nội",33 tỷ,100 m²,,,6 tầng,Sổ đỏ/ Sổ hồng,Đầy đủ,01/10/2025,11/10/2025,Tin thường,43820345,,,,
"Đường Xuân La, Phường Xuân La, Tây Hồ, Hà Nội","23,9 tỷ",65 m²,,,,Sổ đỏ/ Sổ hồng,Đầy đủ,10/10/2025,20/10/2025,Tin thường,43789600,,,,
"Xã Bích Hòa, Thanh Oai, Hà Nội","3,75 tỷ",48 m²,,,,Sổ đỏ/ Sổ hồng,,17/10/2025,01/11/2025,Tin thường,44047814,,,,
"Đường Phúc La - Văn Phú, Phường Phúc La, Hà Đông, Hà Nội",Thỏa thuận,40 m²,,,,Sổ đỏ/ Sổ hồng,,01/10/2025,11/10/2025,Tin thường,44060827,4 m,,,
"Đường Trương Định, Phường Tương Mai, Hoàng Mai, Hà Nội","29,5 tỷ",71 m²,5 phòng,5 phòng,7 tầng,Sổ đỏ/ Sổ hồng,Đầy đủ,27/09/2025,07/10/2025,Tin thường,43898587,"4,2 m",8 m,Bắc,Bắc
"Dự án Nam Trung Yên, Đường Phạm Hùng, Phường Trung Hòa, Cầu Giấy, Hà Nội","4,25 tỷ",50 m²,2 phòng,1 phòng,,,Nội thất đầy đủ.,12/10/2025,22/10/2025,Tin thường,44132494,,,,
"Đường Bờ Sông Sét, Phường Tân Mai, Hoàng Mai, Hà Nội",Thỏa thuận,35 m²,4 phòng,4 phòng,6 tầng,Sổ đỏ/ Sổ hồng,Cơ bản,20/10/2025,04/11/2025,Tin thường,43262071,"3,6 m",15 m,,
"Đường Vương Thừa Vũ, Phường Khương Mai, Thanh Xuân, Hà Nội","13,8 tỷ",42 m²,3 phòng,5 phòng,5 tầng,Sổ đỏ/ Sổ hồng,Đầy đủ,29/09/2025,09/10/2025,Tin thường,44011968,,,,
"Đường Cổ Nhuế, Phường Cổ Nhuế 2, Bắc Từ Liêm, Hà Nội","7,3 tỷ",36 m²,3 phòng,4 phòng,4 tầng,Sổ đỏ/ Sổ hồng,Cơ bản,29/09/2025,29/10/2025,Tin thường,44141104,"3,6 m","2,8 m",,
"Ngõ 50, Đường Nguyễn Hữu Thọ, Phường Đại Kim, Hoàng Mai, Hà Nội",169 tỷ,336 m²,15 phòng,15 phòng,10 tầng,Sổ đỏ/ Sổ hồng,Đầy đủ,18/10/2025,02/11/2025,Tin thường,44140140,15 m,15 m,,
"Đường Nguyễn Thượng Hiền, Thị trấn Vân Đình, Ứng Hòa, Hà Nội","2,85 tỷ",40 m²,,,,Sổ đỏ/ Sổ hồng,,28/09/2025,13/10/2025,Tin thường,43612602,"3,5 m",16 m,,Tây - Bắc
"Dự án Tòa Tháp Thiên Niên Kỷ, Đường Quang Trung, Phường Quang Trung, Hà Đông, Hà Nội","5,2 tỷ",61 m²,2 phòng,1 phòng,,Sổ đỏ/ Sổ hồng,Cơ bản,21/10/2025,05/11/2025,Tin thường,44058305,,,,
"Geleximco Lê Trọng Tấn, Đường Lê Trọng Tấn, Phường Dương Nội, Hà Đông, Hà Nội",106 triệu/m²,680 m²,10 phòng,10 phòng,4 tầng,Sổ đỏ/ Sổ hồng,Đầy đủ,22/10/2025,06/11/2025,Tin thường,43135093,36 m,20 m,,
"Dự án Đồng Phát Park View Tower, Đường Vĩnh Hoàng, Phường Vĩnh Hưng, Hoàng Mai, Hà Nội","5,64 tỷ",88 m²,3 phòng,2 phòng,,Sổ đỏ/ Sổ hồng.,Đầy đủ.,27/09/2025,07/10/2025,Tin thường,44025334,,,,
"Dự án Vinhomes Wonder City, Xã Tân Hội, Đan Phượng, Hà Nội",133 triệu/m²,288 m²,,,,,,25/09/2025,02/10/2025,Tin thường,44108390,8 m,,,
"Dự án The Matrix One, Đường Lê Quang Đạo, Phường Mễ Trì, Nam Từ Liêm, Hà Nội",13 tỷ,130 m²,3 phòng,2 phòng,,Hợp đồng mua bán,Cơ bản,25/09/2025,02/10/2025,Tin thường,43957203,,,Đông - Nam,Tây - Bắc
"Dự án Geleximco Lê Trọng Tấn - Hoài Đức, Đường Lê Trọng Tấn, Xã La Phù, Hoài Đức, Hà Nội",Thỏa thuận,160 m²,,,4 tầng,Sổ đỏ.,,11/10/2025,21/10/2025,Tin thường,44107769,8 m,,,
"Imperial Plaza, 360, Đường Giải Phóng, Phường Phương Liệt, Thanh Xuân, Hà Nội",89 triệu/m²,73 m²,2 phòng,2 phòng,,,Đầy đủ,25/09/2025,02/10/2025,Tin thường,43979302,,,,
"Đường Giang Văn Minh, Phường Giảng Võ, Ba Đình, Hà Nội",27 tỷ,110 m²,,,3 tầng,Sổ đỏ/ Sổ hồng,,25/09/2025,02/10/2025,Tin thường,44107514,6 m,,,
"Dự án The Matrix One Premium, Đường Lê Quang Đạo, Phường Mễ Trì, Nam Từ Liêm, Hà Nội",Thỏa thuận,106 m²,3 phòng,,,,,25/09/2025,02/10/2025,Tin thường,43967395,,,,
"Dự án Louis City, Đường 70, Phường Đại Mỗ, Nam Từ Liêm, Hà Nội",24 tỷ,100 m²,,,6 tầng,,,17/10/2025,01/11/2025,Tin VIP Vàng,43691908,5 m,12 m,,
"Dự án Trung Hòa Nhân Chính, Phố Hoàng Đạo Thúy, Phường Trung Hòa, Cầu Giấy, Hà Nội","10,37 tỷ","152,5 m²",3 phòng,3 phòng,,Sổ đỏ/ Sổ hồng,,07/10/2025,14/10/2025,Tin thường,44034747,,,,
"Dự án Geleximco Lê Trọng Tấn, Đường Lê Trọng Tấn, Phường Dương Nội, Hà Đông, Hà Nội","23,5 tỷ",123 m²,,,4 tầng,Sổ đỏ.,Hoàn thiện nội thất đẹp.,14/10/2025,21/10/2025,Tin thường,43933704,7 m,,,Tây - Bắc
,,,,,,,,,,,,,,,
"Dự án Louis City Đại Mỗ, Đường 70, Phường Đại Mỗ, Nam Từ Liêm, Hà Nội","30,4 tỷ",100 m²,5 phòng,5 phòng,6 tầng,Sổ đỏ,Full nội thất,21/10/2025,05/11/2025,Tin thường,43884865,6 m,15 m,,
"Đường Xuân La, Phường Xuân La, Tây Hồ, Hà Nội",Thỏa thuận,62 m²,4 phòng,4 phòng,4 tầng,Sổ đỏ/ Sổ hồng,Đầy đủ,11/10/2025,21/10/2025,Tin thường,44131821,"6,3 m",6 m,Tây,Tây
"Dự án Hà Nội Melody Residences, Đường Bằng Liệt, Phường Hoàng Liệt, Hoàng Mai, Hà Nội",Thỏa thuận,"74,5 m²",2 phòng,2 phòng,,,"Bàn giao nội thất cơ bản cao cấp: Sàn, trần, thiết bị vệ sinh, tủ bếp, bàn đá, chậu rửa, nóng lạnh, khóa từ, đầu chờ điều hòa.",19/10/2025,03/11/2025,Tin thường,43166920,,,Đông - Nam,Tây - Bắc
"Đường Đặng Thai Mai, Phường Quảng An, Tây Hồ, Hà Nội",26 tỷ,80 m²,,,6 tầng,Sổ đỏ.,"Nội thất đẹp, sang xịn mịn, thang máy xịn nhập khẩu.",27/09/2025,07/10/2025,Tin thường,43428681,14 m,"5,5 m",,
"Dự án Hà Nội Melody Residences, Đường Bằng Liệt, Phường Hoàng Liệt, Hoàng Mai, Hà Nội",69 triệu/m²,100 m²,3 phòng,2 phòng,,,"Bàn giao nội thất cơ bản cao cấp: Sàn, trần, thiết bị vệ sinh, tủ bếp, bàn đá, chậu rửa, nóng lạnh, khóa từ, đầu chờ điều hòa.",15/10/2025,30/10/2025,Tin thường,43173754,,,Đông - Bắc,Tây - Nam
"Dự án KĐT Văn Quán, Phường Phúc La, Hà Đông, Hà Nội","28,5 tỷ",120 m²,,,,Sổ đỏ/ Sổ hồng,,21/10/2025,05/11/2025,Tin thường,41487774,,,,
"Dự án KĐT Linh Đàm, Phường Đại Kim, Hoàng Mai, Hà Nội","3,78 tỷ",49 m²,2 phòng,2 phòng,,Sổ đỏ/ Sổ hồng,,09/10/2025,19/10/2025,Tin thường,43957338,,,,
"Dự án Làng Việt Kiều Châu Âu Euroland, Phường Mỗ Lao, Hà Đông, Hà Nội","23,5 tỷ",85 m²,4 phòng,4 phòng,4 tầng,Sổ đỏ/ Sổ hồng,,28/09/2025,08/10/2025,Tin thường,43897926,5 m,15 m,,
"Đường Xuân Đỉnh, Phường Xuân Đỉnh, Bắc Từ Liêm, Hà Nội","7,8 tỷ",31 m²,3 phòng,,5 tầng,Sổ đỏ/ Sổ hồng,Đầy đủ,28/09/2025,08/10/2025,Tin thường,44131808,,,,
"Vinhomes Ocean Park Gia Lâm, Dương Xá, Gia Lâm, Hà Nội","9,2 tỷ",38 m²,,,,Sổ đỏ/ Sổ hồng,,10/10/2025,20/10/2025,Tin thường,44131809,5 m,10 m,,
"Dự án SDU 143 Trần Phú, Đường Trần Phú, Phường Văn Quán, Hà Đông, Hà Nội","4,6 tỷ",69 m²,2 phòng,2 phòng,,Sổ đỏ/ Sổ hồng,,09/10/2025,19/10/2025,Tin thường,43319735,,,,
"Phường Văn Miếu - Quốc Tử Giám, Đống Đa, Hà Nội","3,85 tỷ",16 m²,,,,,,23/09/2025,03/10/2025,Tin thường,44088502,,,,
"Đường Nguyễn Văn Cừ, Phường Bồ Đề, Long Biên, Hà Nội","21,5 tỷ",51 m²,3 phòng,3 phòng,6 tầng,Sổ đỏ/ Sổ hồng,Đầy đủ,23/09/2025,03/10/2025,Tin thường,44088498,"11,3 m",4 m,Tây,Tây
"Đường 21, Xã Cổ Đông, Sơn Tây, Hà Nội",29 triệu/m²,125 m²,,,,Sổ đỏ/ Sổ hồng,,23/09/2025,03/10/2025,Tin thường,43956355,5 m,8 m,,
"Dự án The One Complex, Đường Định Công, Phường Thịnh Liệt, Hoàng Mai, Hà Nội",Thỏa thuận,80 m²,,,,,,23/09/2025,03/10/2025,Tin thường,43985308,,,,
"Đường Trích Sài, Phường Bưởi, Tây Hồ, Hà Nội",19 tỷ,45 m²,3 phòng,4 phòng,5 tầng,Sổ đỏ/ Sổ hồng,Đầy đủ,23/09/2025,03/10/2025,Tin thường,44087558,"4,2 m",,,
"Đường Đội Nhân, Phường Vĩnh Phúc, Ba Đình, Hà Nội","24,5 tỷ",40 m²,,,,Sổ đỏ/ Sổ hồng,,17/09/2025,02/10/2025,Tin thường,44039966,"4,6 m",,,
"Xã Tân Minh, Sóc Sơn, Hà Nội",24 triệu/m²,80 m²,,,,Sổ đỏ/ Sổ hồng,,16/10/2025,31/10/2025,Tin thường,43985669,6 m,5 m,,Đông - Nam
"Phố Phùng Chí Kiên, Phường Nghĩa Đô, Cầu Giấy, Hà Nội","8,8 tỷ",35 m²,3 phòng,3 phòng,5 tầng,Sổ đỏ/ Sổ hồng,,23/09/2025,03/10/2025,Tin thường,44088482,"3,5 m",,,
"Đường Tỉnh lộ 417, Xã Xuân Đình, Phúc Thọ, Hà Nội","1,28 tỷ",51 m²,,,,Sổ đỏ/ Sổ hồng,,03/10/2025,13/10/2025,Tin thường,44088481,"6,46 m",3 m,,
"Đường Bắc Biên, Phường Ngọc Thụy, Long Biên, Hà Nội",Thỏa thuận,61 m²,4 phòng,,5 tầng,Sổ đỏ/ Sổ hồng,Đầy đủ,26/09/2025,06/10/2025,Tin thường,43244625,"4,2 m",4 m,,
"Vinhomes Ocean Park Gia Lâm, Xã Dương Xá, Gia Lâm, Hà Nội","4,25 tỷ",61 m²,2 phòng,2 phòng,,Hợp đồng mua bán,,26/09/2025,06/10/2025,Tin thường,44016749,,,Tây - Bắc,Đông - Nam
"Đường Hoàng Quốc Việt, Phường Nghĩa Đô, Cầu Giấy, Hà Nội","42,5 tỷ",78 m²,,,4 tầng,Sổ đỏ/ Sổ hồng.,Đầy đủ,26/09/2025,06/10/2025,Tin thường,44023215,"6,5 m",,,
"Đường Ô Đồng Lâm, Phường Phương Liên, Đống Đa, Hà Nội","41,9 tỷ",127 m²,,,,,,26/09/2025,06/10/2025,Tin thường,44117697,,,,
"Đường Cửa Bắc, Phường Quán Thánh, Ba Đình, Hà Nội",165 tỷ,150 m²,,,15 tầng,Sổ đỏ,Nt,14/10/2025,24/10/2025,Tin thường,43061828,"6,5 m",,,
"Đường Giải Phóng, Phường Thịnh Liệt, Hoàng Mai, Hà Nội","24,3 tỷ",60 m²,,,7 tầng,,,26/09/2025,06/10/2025,Tin thường,43998590,7 m,,,
"Thạch Bàn, Thạch Bàn, Long Biên, Hà Nội","10,5 tỷ",45 m²,3 phòng,5 phòng,6 tầng,Sổ đỏ/ Sổ hồng,Đầy đủ,17/10/2025,01/11/2025,Tin thường,44121556,4 m,4 m,,
"Phường Khương Mai, Thanh Xuân, Hà Nội",22 tỷ,86 m²,6 phòng,4 phòng,5 tầng,Sổ đỏ/ Sổ hồng,Cơ bản,26/09/2025,06/10/2025,Tin thường,44121555,"5,2 m",4 m,,
"Xã Hòa Thạch, Quốc Oai, Hà Nội","3,1 tỷ",150 m²,,,,Sổ đỏ/ Sổ hồng,,26/09/2025,06/10/2025,Tin thường,43813283,"9,3 m",6 m,,Tây - Nam
"Đường Lạc Long Quân, Phường Thụy Khuê, Tây Hồ, Hà Nội","12,3 tỷ",45 m²,4 phòng,4 phòng,4 tầng,Sổ đỏ/ Sổ hồng,Đầy đủ,26/09/2025,06/10/2025,Tin thường,44121554,4 m,5 m,,
"Đường Vũ Xuân Thiều, Phường Sài Đồng, Long Biên, Hà Nội","9,6 tỷ",72 m²,,,,Sổ đỏ/ Sổ hồng,,26/09/2025,11/10/2025,Tin thường,44122653,"3,1 m",5 m,,
"Đường Xuân Đỉnh, Phường Xuân Đỉnh, Bắc Từ Liêm, Hà Nội","38,9 tỷ",148 m²,6 phòng,6 phòng,7 tầng,Sổ đỏ/ Sổ hồng,Cơ bản,30/09/2025,10/10/2025,Tin thường,42323275,8 m,6 m,,
"Dự án Sky Park Residence, Đường Tôn Thất Thuyết, Phường Dịch Vọng Hậu, Cầu Giấy, Hà Nội",120 triệu/m²,"128,6 m²",3 phòng,2 phòng,,Sổ đỏ/ Sổ hồng,Nội thất cơ bản cđt.,22/10/2025,06/11/2025,Tin thường,43568045,,,Nam,Bắc
"Phố Sài Đồng, Phường Sài Đồng, Long Biên, Hà Nội",12 tỷ,48 m²,3 phòng,6 phòng,6 tầng,Sổ đỏ,Đầy đủ,11/10/2025,21/10/2025,Tin thường,43001387,6 m,5 m,,
"Đường Nguyễn Văn Linh, Phường Thạch Bàn, Long Biên, Hà Nội","6,5 tỷ",50 m²,3 phòng,4 phòng,5 tầng,Sổ đỏ/ Sổ hồng,Full nội thất.,08/10/2025,18/10/2025,Tin thường,43499809,5 m,"3,5 m",,Đông - Bắc
,,,,,,,,,,,,,,,
"Dự án The Link 345-CT1, Phường Đông Ngạc, Bắc Từ Liêm, Hà Nội",18 tỷ,182 m²,4 phòng,3 phòng,,Sổ đỏ/ Sổ hồng,Đầy đủ,30/09/2025,10/10/2025,Tin thường,43970796,,,Bắc,Nam
"Thôn Ninh Dương, Đường Bình Minh, Xã Thanh Cao, Thanh Oai, Hà Nội","4,1 tỷ","42,7 m²",3 phòng,3 phòng,3 tầng,Sổ đỏ/ Sổ hồng,,30/09/2025,10/10/2025,Tin thường,44148384,,3 m,,Nam
"Hei Tower Điện Lực, Phố Ngụy Như Kon Tum, Phường Nhân Chính, Thanh Xuân, Hà Nội",Thỏa thuận,75 m²,2 phòng,2 phòng,,Sổ đỏ/ Sổ hồng,Đầy đủ,21/10/2025,05/11/2025,Tin thường,43979305,,,Đông - Bắc,Tây - Nam
"Đường Nhật Tảo, Phường Đông Ngạc, Bắc Từ Liêm, Hà Nội","11,5 tỷ",59 m²,6 phòng,5 phòng,6 tầng,Sổ đỏ/ Sổ hồng,Nội thất đẹp,30/09/2025,10/10/2025,Tin thường,41207957,4 m,3 m,Nam,Nam
"Dự án Rue De Charme, Đường Nguyễn Xiển, Xã Tân Triều, Thanh Trì, Hà Nội",37 tỷ,124 m²,,,,,,16/10/2025,31/10/2025,Tin thường,40648358,8 m,,,
"Phố Trần Cung, Phường Cổ Nhuế 1, Bắc Từ Liêm, Hà Nội","6,3 tỷ",36 m²,,,4 tầng,Sổ đỏ/ Sổ hồng,,25/09/2025,05/10/2025,Tin thường,43556541,,,,
"Đường Nguyễn Hoàng, Phường Mỹ Đình 2, Nam Từ Liêm, Hà Nội","9,5 tỷ",42 m²,4 phòng,4 phòng,4 tầng,Sổ đỏ/ Sổ hồng,,23/09/2025,03/10/2025,Tin thường,44089221,,,,
"Dự án The Nine, Đường Phạm Văn Đồng, Phường Mai Dịch, Cầu Giấy, Hà Nội",Thỏa thuận,142 m²,3 phòng,2 phòng,,Sổ đỏ/ Sổ hồng,Đầy đủ,21/10/2025,05/11/2025,Tin thường,42036074,,,,
"Đường Huy Du, Phường Cầu Diễn, Nam Từ Liêm, Hà Nội",34 tỷ,142 m²,,,,Sổ đỏ/ Sổ hồng,,23/09/2025,03/10/2025,Tin thường,43913064,"8,2 m",7 m,,
,,,,,,,,,,,,,,,
"Đường Nguyễn Cơ Thạch, Phường Cầu Diễn, Nam Từ Liêm, Hà Nội",15 tỷ,40 m²,3 phòng,3 phòng,7 tầng,Sổ đỏ/ Sổ hồng,,23/09/2025,03/10/2025,Tin thường,43977461,"4,5 m",,,
"Dự án Eastern Park, Đường Vũ Đình Tụng, Phường Thạch Bàn, Long Biên, Hà Nội","31,5 tỷ",160 m²,,,4 tầng,Sổ đỏ/ Sổ hồng.,,12/10/2025,22/10/2025,Tin thường,40559105,,,,
,,,,,,,,,,,,,,,
"Đường Đội Cấn, Phường Đội Cấn, Ba Đình, Hà Nội","9,89 tỷ","43,6 m²",4 phòng,5 phòng,5 tầng,Sổ đỏ/ Sổ hồng,Đầy đủ,25/09/2025,05/10/2025,Tin thường,41203957,4 m,"2,5 m",,
"Dự án Vinhomes Ocean Park Gia Lâm, Đường Sao Biển 1, Xã Dương Xá, Gia Lâm, Hà Nội","18,5 tỷ",70 m²,,,5 tầng,Sổ đỏ/ Sổ hồng,Không nội thất,14/10/2025,24/10/2025,Tin thường,44004499,5 m,52 m,Tây - Bắc,Tây - Bắc
"Phố Xã Đàn, Phường Ô Chợ Dừa, Đống Đa, Hà Nội",169 tỷ,150 m²,,,8 tầng,,,14/10/2025,24/10/2025,Tin thường,42165472,7 m,,,
"Đường Láng, Phường Láng Hạ, Đống Đa, Hà Nội",10 tỷ,78 m²,,,,Sổ đỏ/ Sổ hồng,,12/10/2025,22/10/2025,Tin thường,44140333,"4,4 m",,,
"Đường Ngọc Lâm, Phường Bồ Đề, Long Biên, Hà Nội","18,2 tỷ",79 m²,4 phòng,6 phòng,7 tầng,Sổ đỏ/ Sổ hồng,Đầy đủ,29/09/2025,09/10/2025,Tin thường,44140616,5 m,7 m,,
"Đường Linh Đàm, Phường Hoàng Liệt, Hoàng Mai, Hà Nội",13 tỷ,60 m²,4 phòng,4 phòng,5 tầng,Sổ đỏ/ Sổ hồng,Đầy đủ.,20/10/2025,04/11/2025,Tin thường,42617649,5 m,8 m,,
"Dự án KĐT Phú Lương, Phường Phú Lương, Hà Đông, Hà Nội",140 triệu/m²,400 m²,6 phòng,7 phòng,4 tầng,Sổ đỏ/ Sổ hồng,Đầy đủ,10/10/2025,20/10/2025,Tin thường,42953842,22 m,18 m,,
,,,,,,,,,,,,,,,
"Phố Đỗ Quang, Phường Trung Hòa, Cầu Giấy, Hà Nội","17,9 tỷ",41 m²,3 phòng,4 phòng,5 tầng,Sổ đỏ/ Sổ hồng,Cơ bản,29/09/2025,09/10/2025,Tin thường,43272395,"4,1 m",6 m,,
"Xã Cự Khê, Thanh Oai, Hà Nội","2,99 tỷ",70 m²,2 phòng,2 phòng,,Hợp đồng mua bán,Đầy đủ,29/09/2025,09/10/2025,Tin thường,44140322,,,Tây - Bắc,Đông - Nam
"Đường Tân Mai, Phường Tân Mai, Hoàng Mai, Hà Nội",15 tỷ,60 m²,6 phòng,5 phòng,5 tầng,Sổ đỏ/ Sổ hồng,Cơ bản,20/10/2025,04/11/2025,Tin thường,42273999,4 m,20 m,,
"Đường Sáp Mai, Xã Võng La, Đông Anh, Hà Nội",85 triệu/m²,"66,8 m²",,,,Sổ đỏ/ Sổ hồng,,01/10/2025,11/10/2025,Tin thường,43700176,4 m,,,
"Đường Xuân La, Phường Xuân La, Tây Hồ, Hà Nội","8,3 tỷ",40 m²,3 phòng,4 phòng,5 tầng,Sổ đỏ/ Sổ hồng,Đầy đủ,24/09/2025,09/10/2025,Tin thường,44092698,,,,
"Xã Bích Hòa, Huyện Thanh Oai, Hà Nội","3,8 tỷ",30 m²,,,,Sổ đỏ/ Sổ hồng,,25/09/2025,05/10/2025,Tin thường,44109744,,,,
"Dự án Heritage West Lake, Đường Lạc Long Quân, Phường Phú Thượng, Tây Hồ, Hà Nội",Thỏa thuận,94 m²,2 phòng,2 phòng,,,Đầy đủ,17/10/2025,01/11/2025,Tin thường,40176019,,,,
"Đường Phú Thượng, Phường Phú Thượng, Quận Tây Hồ, Hà Nội","8,7 tỷ",52 m²,3 phòng,4 phòng,5 tầng,Sổ đỏ/ Sổ hồng,Đầy đủ,28/09/2025,08/10/2025,Tin thường,44021652,,,,
"Đường Minh Khai, Phường Vĩnh Tuy, Hai Bà Trưng, Hà Nội","20,5 tỷ",120 m²,,,6 tầng,Sổ đỏ/ Sổ hồng,Cơ bản,12/10/2025,22/10/2025,Tin thường,43910609,5 m,5 m,,
"Đường 21B, Xã Bích Hòa, Thanh Oai, Hà Nội","3,65 tỷ",40 m²,,,,Sổ đỏ/ Sổ hồng,Đầy đủ,25/09/2025,05/10/2025,Tin thường,44109695,,,,
"Ha Do Park View, Duy Tân, Dịch Vọng, Cầu Giấy, Hà Nội",11 tỷ,123 m²,3 phòng,2 phòng,,Sổ đỏ/ Sổ hồng,,01/10/2025,11/10/2025,Tin thường,43977679,,,,
"Ngõ 210, Đường Hoàng Quốc Việt, Phường Nghĩa Đô, Cầu Giấy, Hà Nội",25 tỷ,75 m²,7 phòng,8 phòng,6 tầng,Sổ đỏ/ Sổ hồng,Đầy đủ,23/09/2025,03/10/2025,Tin thường,43976026,,,,
"Xã Bích Hòa, Thanh Oai, Hà Nội","3,65 tỷ",31 m²,4 phòng,,4 tầng,Sổ đỏ/ Sổ hồng,,07/10/2025,17/10/2025,Tin thường,44072588,,,,
"Dự án Times City, Đường Minh Khai, Phường Vĩnh Tuy, Hai Bà Trưng, Hà Nội","8,6 tỷ",95 m²,3 phòng,2 phòng,,Sổ đỏ/ Sổ hồng,Đầy đủ,08/10/2025,18/10/2025,Tin thường,43560468,,,Đông - Nam,Bắc
"Đường Quốc lộ 21A(Quốc lộ 21), Xã Phú Cát, Quốc Oai, Hà Nội","4,65 tỷ",420 m²,5 phòng,2 phòng,2 tầng,Sổ đỏ chính chủ,Cơ bản,25/09/2025,02/10/2025,Tin thường,44103310,6 m,,,Đông - Bắc
"The Queen, 360, Đường Giải Phóng, Phường Phương Liệt, Thanh Xuân, Hà Nội",Thỏa thuận,"72,9 m²",2 phòng,,,Sổ đỏ,,24/09/2025,09/10/2025,Tin thường,44100107,,,,
"An Tiến, Mỹ Đức, Hà Nội","1,6 tỷ",100 m²,,,,Sổ đỏ/ Sổ hồng,,24/09/2025,04/10/2025,Tin thường,44097883,8 m,,,
"Phường Bồ Đề, Long Biên, Hà Nội",Thỏa thuận,100 m²,,,7 tầng,,,24/09/2025,09/10/2025,Tin thường,44097015,"5,75 m",,,
"Dự án Imperia Signature Cổ Loa, Xã Đông Hội, Đông Anh, Hà Nội",Thỏa thuận,150 m²,1 phòng,2 phòng,2 tầng,Sổ đỏ/ Sổ hồng,Không nội thất,24/09/2025,04/10/2025,Tin thường,44096708,10 m,30 m,Tây - Bắc,Đông - Nam
"Đường 420, Xã Bình Yên, Thạch Thất, Hà Nội",26 triệu/m²,83 m²,,,,Sổ đỏ/ Sổ hồng,,24/09/2025,04/10/2025,Tin thường,44095321,6 m,7 m,,
"KĐT Tây Hồ Tây - Starlake Hà Nội, Xuân La, Tây Hồ, Hà Nội",Thỏa thuận,320 m²,,,3 tầng,Sổ đỏ/ Sổ hồng,Cơ bản,08/10/2025,23/10/2025,Tin VIP Vàng,43473328,15 m,30 m,Nam,Nam
"Dự án The One Complex, Đường Định Công, Phường Thịnh Liệt, Hoàng Mai, Hà Nội",Thỏa thuận,96 m²,3 phòng,,,Hợp đồng mua bán,,23/09/2025,03/10/2025,Tin thường,44087745,,,Đông - Nam,
"Vinhomes D'Capitale, Trần Duy Hưng, Trung Hòa, Cầu Giấy, Hà Nội",Thỏa thuận,85 m²,3 phòng,2 phòng,,Sổ đỏ/ Sổ hồng,Đầy đủ,23/09/2025,03/10/2025,Tin thường,43743210,,,,
"KĐT Văn Quán, Phường Phúc La, Hà Đông, Hà Nội","19,5 tỷ",90 m²,5 phòng,5 phòng,5 tầng,Sổ đỏ/ Sổ hồng,,28/09/2025,08/10/2025,Tin thường,43964081,"4,5 m",,,
"Khu đô thị Geleximco - Lê Trọng Tấn, Lê Trọng Tấn, Dương Nội, Hà Đông, Hà Nội",Thỏa thuận,150 m²,,,,Sổ đỏ/ Sổ hồng,Không nội thất,15/10/2025,25/10/2025,Tin thường,43847452,,,,
"Xã Yên Bài, Ba Vì, Hà Nội",Thỏa thuận,206 m²,,,,Sổ đỏ/ Sổ hồng,,21/10/2025,05/11/2025,Tin thường,44131804,11 m,7 m,,
"Dự án KĐT Văn Quán, Đường Nguyễn Khuyến, Phường Phúc La, Hà Đông, Hà Nội","34,8 tỷ",110 m²,5 phòng,4 phòng,4 tầng,Sổ đỏ,Full nội thất,09/10/2025,19/10/2025,Tin thường,38199272,5 m,,,
"Phố Trần Bình, Phường Mai Dịch, Cầu Giấy, Hà Nội",20 tỷ,59 m²,7 phòng,5 phòng,5 tầng,,,28/09/2025,08/10/2025,Tin thường,44131557,4 m,8 m,,
"Dự án Chung cư The Senique Hanoi , Xã Dương Xá, Gia Lâm, Hà Nội",78 triệu/m²,117 m²,,,,Hợp đồng mua bán,,28/09/2025,08/10/2025,Tin thường,44131797,,,,
"N01-T7 Ngoại Giao Đoàn, Đường Nguyễn Văn Huyên, Phường Xuân Tảo, Bắc Từ Liêm, Hà Nội",Thỏa thuận,126 m²,,,,,,28/09/2025,08/10/2025,Tin thường,44131796,,,,
"Đường Liên Xã, Xã Nam Phương Tiến, Chương Mỹ, Hà Nội","2,7 tỷ",125 m²,,,,Sổ đỏ/ Sổ hồng,,04/10/2025,14/10/2025,Tin thường,44096561,6 m,"4,5 m",,Đông - Nam
"Đường Phúc Lợi, Phường Phúc Lợi, Long Biên, Hà Nội","12,8 tỷ",90 m²,6 phòng,4 phòng,5 tầng,Sổ đỏ/ Sổ hồng,Đầy đủ,28/09/2025,08/10/2025,Tin thường,42781251,,,,
"Mỗ Lao, Đường Mỗ Lao, Phường Mỗ Lao, Hà Đông, Hà Nội","27,5 tỷ",99 m²,5 phòng,5 phòng,5 tầng,Sổ đỏ/ Sổ hồng,Đầy đủ,22/10/2025,06/11/2025,Tin thường,43962892,11 m,,,
"Đường Nguyễn Hoàng, Phường Mỹ Đình 2, Nam Từ Liêm, Hà Nội",43 tỷ,76 m²,,,6 tầng,"+ Sổ đỏ vuông vắn đẹp, cất két, sẵn sàng giao dịch.",,23/09/2025,03/10/2025,Tin thường,44088479,5 m,,,
"Đường Thụy Phương, Phường Thụy Phương, Bắc Từ Liêm, Hà Nội","6,65 tỷ",42 m²,,,,Sổ đỏ/ Sổ hồng,,23/09/2025,03/10/2025,Tin thường,43645448,"5,8 m",,,
"Đường Hòe Thị, Phường Phương Canh, Nam Từ Liêm, Hà Nội",Thỏa thuận,48 m²,11 phòng,,7 tầng,Sổ đỏ/ Sổ hồng,Đầy đủ,23/09/2025,03/10/2025,Tin thường,44086118,"4,4 m",,,
"Đường Phúc Lợi, Phường Phúc Lợi, Long Biên, Hà Nội","9,3 tỷ",81 m²,,,,,,23/09/2025,03/10/2025,Tin thường,44088468,,,,
"Nam La Khê, Phường La Khê, Hà Đông, Hà Nội",17 tỷ,55 m²,,,7 tầng,Sổ đỏ/ Sổ hồng,Đầy đủ,23/09/2025,03/10/2025,Tin thường,44088460,"5,2 m","5,8 m",,
"Đường Kim Liên, Phường Kim Liên, Đống Đa, Hà Nội",Thỏa thuận,60 m²,,,,Sổ đỏ/ Sổ hồng,,04/10/2025,14/10/2025,Tin thường,44088456,,,,
"Khai Sơn City, Đường Nguyễn Gia Bồng, Phường Ngọc Thụy, Long Biên, Hà Nội","7,55 tỷ",120 m²,3 phòng,3 phòng,,Sổ đỏ/ Sổ hồng,"Đầy đủ nội thất full, bao gồm: Sofa, giường, tủ bếp, tủ lạnh, máy giặt.",23/09/2025,03/10/2025,Tin thường,43781957,,,,
"Phú Gia Residence, số 3, Đường Nguyễn Huy Tưởng, Phường Thanh Xuân Trung, Thanh Xuân, Hà Nội","8,5 tỷ",102 m²,3 phòng,2 phòng,,Sổ đỏ/ Sổ hồng,"Đầy đủ nội thất cao cấp, sàn gỗ, trần cao, cửa kính rộng.",23/09/2025,03/10/2025,Tin thường,44087292,,,Đông - Nam,
"Đường Kim Giang, Phường Thịnh Liệt, Hoàng Mai, Hà Nội","7,98 tỷ",40 m²,4 phòng,,4 tầng,Sổ đỏ/ Sổ hồng,Đầy đủ,23/09/2025,23/10/2025,Tin thường,44088437,"3,6 m",3 m,,
"Đường Trúc Bạch, Phường Trúc Bạch, Ba Đình, Hà Nội","35,5 tỷ",51 m²,,,4 tầng,,,06/10/2025,16/10/2025,Tin thường,44088102,"4,5 m",,,
"Phố Khương Hạ, Phường Khương Đình, Quận Thanh Xuân, Hà Nội","9,5 tỷ",35 m²,3 phòng,4 phòng,5 tầng,Sổ đỏ/ Sổ hồng,Cơ bản,24/09/2025,04/10/2025,Tin thường,44093954,"7,5 m",,,
"Đường Khương Trung, Phường Khương Trung, Thanh Xuân, Hà Nội","8,3 tỷ",30 m²,3 phòng,4 phòng,5 tầng,Sổ đỏ/ Sổ hồng,Cơ bản,24/09/2025,04/10/2025,Tin thường,44093911,"3,6 m",,,
"Đường Khương Đình, Phường Khương Đình, Thanh Xuân, Hà Nội","8,7 tỷ",34 m²,4 phòng,5 phòng,6 tầng,Sổ đỏ/ Sổ hồng,"Cơ bản được trang bị điều hòa, tủ lạnh, giường...",24/09/2025,04/10/2025,Tin thường,44093852,"3,5 m",,,
"Dự án KĐT Văn Phú, Đường Lê Trọng Tấn, Phường Phú La, Hà Đông, Hà Nội",Thỏa thuận,100 m²,4 phòng,,5 tầng,Sổ đỏ/ Sổ hồng,,30/09/2025,10/10/2025,Tin thường,44147325,5 m,12 m,,
"Long Biên Central, Đường Vũ Đức Thận, Phường Việt Hưng, Long Biên, Hà Nội",Thỏa thuận,103 m²,3 phòng,2 phòng,,Sổ đỏ/ Sổ hồng,Đầy đủ,30/09/2025,30/10/2025,Tin thường,43752416,,,,Đông - Nam
"đường Mỹ Đình, Phường Mỹ Đình 1, Nam Từ Liêm, Hà Nội","17,6 tỷ",69 m²,14 phòng,15 phòng,6 tầng,Sổ đỏ/ Sổ hồng,Đầy đủ,30/09/2025,10/10/2025,Tin thường,44150713,10 m,,Bắc,Nam
"Phố Trung Kính, Phường Yên Hòa, Cầu Giấy, Hà Nội","29,5 tỷ",105 m²,,,6 tầng,Sổ đỏ,Đầy đủ,17/10/2025,01/11/2025,Tin thường,44148894,,6 m,,
"Đường 35, Xã Bắc Sơn, Huyện Sóc Sơn, Hà Nội","12,9 tỷ",3.490 m²,,,,Sổ đỏ/ Sổ hồng,Cơ bản,30/09/2025,10/10/2025,Tin thường,43781265,100 m,5 m,,
"Đường Nhật Tảo, Phường Đông Ngạc, Bắc Từ Liêm, Hà Nội","11,6 tỷ",75 m²,,,,Sổ đỏ/ Sổ hồng,,19/10/2025,03/11/2025,Tin thường,43202263,"4,5 m",4 m,,
"Đường Tân Xuân, Phường Xuân Đỉnh, Bắc Từ Liêm, Hà Nội",28 tỷ,120 m²,,,,Sổ đỏ/ Sổ hồng,,16/10/2025,31/10/2025,Tin thường,42896445,"7,1 m",10 m,,
"Đường Thụy Khuê, Phường Thụy Khuê, Tây Hồ, Hà Nội","92,8 tỷ",160 m²,8 phòng,16 phòng,9 tầng,Sổ đỏ/ Sổ hồng,Đầy đủ,25/09/2025,05/10/2025,Tin thường,43453233,"6,2 m",10 m,,
"Dự án Happy Land Đông Anh, Thị trấn Đông Anh, Đông Anh, Hà Nội",Thỏa thuận,80 m²,5 phòng,6 phòng,,Sổ đỏ/ Sổ hồng.,,22/10/2025,06/11/2025,Tin thường,36577099,,,,
"Green Stars, Phạm Văn Đồng, Cổ Nhuế 1, Bắc Từ Liêm, Hà Nội",Thỏa thuận,66 m²,2 phòng,2 phòng,,Sổ đỏ/ Sổ hồng,Đầy đủ,25/09/2025,05/10/2025,Tin thường,43981552,,,Đông - Nam,Tây - Bắc
"Đường Đại Cát, Phường Liên Mạc, Bắc Từ Liêm, Hà Nội","5,95 tỷ",35 m²,4 phòng,4 phòng,5 tầng,Sổ đỏ/ Sổ hồng,Đầy đủ,09/10/2025,19/10/2025,Tin thường,42911165,"3,3 m",4 m,,
"Phường Dịch Vọng, Cầu Giấy, Hà Nội",Thỏa thuận,106 m²,5 phòng,5 phòng,5 tầng,Sổ đỏ/ Sổ hồng,Đầy đủ,25/09/2025,05/10/2025,Tin thường,44106006,6 m,6 m,,
"Xã Tứ Hiệp, Thanh Trì, Hà Nội",13 tỷ,63 m²,,,,Sổ đỏ,,25/09/2025,10/10/2025,Tin thường,44106000,4 m,,,
"Dự án Resco Cổ Nhuế, Đường Phạm Văn Đồng, Phường Cổ Nhuế 2, Bắc Từ Liêm, Hà Nội","6,7 tỷ",118 m²,3 phòng,2 phòng,,Sổ đỏ/ Sổ hồng.,Đầy đủ,25/09/2025,05/10/2025,Tin thường,44105993,,,Đông - Nam,Tây - Bắc
"Dự án NOXH Đồng Mô, Đường Trần Hòa, Phường Đại Kim, Hoàng Mai, Hà Nội","5,15 tỷ",70 m²,2 phòng,2 phòng,,Sổ đỏ/ Sổ hồng,Cơ bản,25/09/2025,05/10/2025,Tin thường,44105995,,,Tây,Đông
"Thôn Bắc Thượng, Đường Bắc Thượng, Xã Quang Tiến, Sóc Sơn, Hà Nội",38 triệu/m²,98 m²,,,,Sổ đỏ/ Sổ hồng,,25/09/2025,05/10/2025,Tin thường,44105623,"5,35 m",7 m,,Bắc
"Dự án D’. El Dorado II, Đường Võ Chí Công, Phường Xuân La, Tây Hồ, Hà Nội","5,8 tỷ",60 m²,2 phòng,1 phòng,,Sổ đỏ/ Sổ hồng,Đầy đủ,16/10/2025,31/10/2025,Tin thường,43466211,,,,
"Xã Mai Lâm, Đông Anh, Hà Nội","9,6 tỷ",56 m²,,,,Sổ đỏ/ Sổ hồng,,29/09/2025,09/10/2025,Tin thường,44140693,"3,5 m",10 m,,
"Đường Tân Mai, Phường Tân Mai, Hoàng Mai, Hà Nội",15 tỷ,60 m²,6 phòng,4 phòng,5 tầng,Sổ đỏ/ Sổ hồng,Đầy đủ,20/10/2025,04/11/2025,Tin thường,42274324,4 m,20 m,,
"Phố Thái Thịnh, Phường Thịnh Quang, Đống Đa, Hà Nội",240 tỷ,410 m²,,,10 tầng,Sổ đỏ/ Sổ hồng,,14/10/2025,24/10/2025,Tin thường,44141096,12 m,35 m,,
"Đường Giải Phóng, Phường Thịnh Liệt, Hoàng Mai, Hà Nội",16 tỷ,75 m²,4 phòng,,4 tầng,Sổ đỏ/ Sổ hồng.,,20/10/2025,04/11/2025,Tin thường,41025854,5 m,10 m,,
"Đường Đền Lừ, Phường Tân Mai, Hoàng Mai, Hà Nội",18 tỷ,55 m²,6 phòng,6 phòng,7 tầng,Sổ đỏ/ Sổ hồng,Cơ bản,20/10/2025,04/11/2025,Tin thường,43261257,"4,5 m",10 m,,
"Dự án C14 - Bộ Công An, Đường Tố Hữu, Phường Trung Văn, Nam Từ Liêm, Hà Nội","5,1 tỷ",76 m²,2 phòng,2 phòng,,Sổ đỏ/ Sổ hồng,Đầy đủ,25/09/2025,05/10/2025,Tin thường,44111347,,,Đông - Nam,Tây - Bắc
"Đường Tân Mai, Phường Tân Mai, Hoàng Mai, Hà Nội",9 tỷ,45 m²,6 phòng,5 phòng,6 tầng,Sổ đỏ/ Sổ hồng,Đầy đủ,20/10/2025,04/11/2025,Tin thường,43310551,"4,2 m",8 m,,
"Dự án Times City, Đường Minh Khai, Phường Vĩnh Tuy, Hai Bà Trưng, Hà Nội","10,1 tỷ",98 m²,3 phòng,3 phòng,,,,29/09/2025,09/10/2025,Tin thường,44132808,,,,
"Mỹ Đình, Mỹ Đình 1, Nam Từ Liêm, Hà Nội",Thỏa thuận,75 m²,19 phòng,19 phòng,,Sổ đỏ/ Sổ hồng,Đầy đủ,29/09/2025,09/10/2025,Tin thường,44141084,,,,
"Đường Nguyễn An Ninh, Phường Tương Mai, Hoàng Mai, Hà Nội",Thỏa thuận,80 m²,8 phòng,6 phòng,7 tầng,Sổ đỏ/ Sổ hồng,,29/09/2025,09/10/2025,Tin thường,43261372,5 m,15 m,,
"Phố Yên Lạc, Phường Vĩnh Tuy, Hai Bà Trưng, Hà Nội","15,5 tỷ",60 m²,,,6 tầng,Sổ đỏ/ Sổ hồng,Cơ bản,22/10/2025,06/11/2025,Tin thường,43623245,"4,5 m",,,
"Thôn Yên Vinh, Xã Thanh Lâm, Mê Linh, Hà Nội","4,7 tỷ",104 m²,2 phòng,2 phòng,2 tầng,Sổ đỏ/ Sổ hồng,,01/10/2025,11/10/2025,Tin thường,42704040,6 m,5 m,,Đông - Bắc
"Eco Lake View, Đại Từ, Đại Kim, Hoàng Mai, Hà Nội","8,9 tỷ",115 m²,3 phòng,2 phòng,,Sổ đỏ/ Sổ hồng,Đầy đủ,23/09/2025,03/10/2025,Tin thường,44089390,,,Đông - Nam,Tây - Bắc
"Khu nhà ở 90 Nguyễn Tuân, Nguyễn Tuân, Thanh Xuân Trung, Thanh Xuân, Hà Nội",7 tỷ,71 m²,2 phòng,2 phòng,,Sổ đỏ/ Sổ hồng,,29/09/2025,09/10/2025,Tin thường,44140977,,,,
"Thôn Gà, Xã Cổ Loa, Đông Anh, Hà Nội",57 triệu/m²,93 m²,,,,Sổ đỏ/ Sổ hồng.,,01/10/2025,11/10/2025,Tin thường,43547476,13 m,"3,5 m",,
"Đường Cầu Giấy, Phường Dịch Vọng, Cầu Giấy, Hà Nội","7,7 tỷ",28 m²,3 phòng,4 phòng,5 tầng,Sổ đỏ/ Sổ hồng,Đầy đủ,28/09/2025,08/10/2025,Tin thường,44132624,"6,5 m",,,
"Xã Dục Tú, Đông Anh, Hà Nội","10,4 tỷ",80 m²,,,,Sổ đỏ,,13/10/2025,28/10/2025,Tin thường,44129689,5 m,8 m,,
"Phường Xuân La, Tây Hồ, Hà Nội",37 tỷ,120 m²,,,,Sổ đỏ/ Sổ hồng,,01/10/2025,11/10/2025,Tin thường,44158332,8 m,10 m,,Đông
"Đường Trường Chinh, Phường Khương Thượng, Đống Đa, Hà Nội","8,4 tỷ",43 m²,4 phòng,3 phòng,5 tầng,Sổ đỏ/ Sổ hồng,,28/09/2025,08/10/2025,Tin thường,44132590,"4,2 m",,,
"Đường Vương Thừa Vũ, Phường Khương Mai, Thanh Xuân, Hà Nội","9,2 tỷ",39 m²,4 phòng,3 phòng,4 tầng,Sổ đỏ/ Sổ hồng,Cơ bản,25/09/2025,05/10/2025,Tin thường,44094022,"3,6 m",,,
"Đồng Vàng, Xã Phú Cát, Quốc Oai, Hà Nội",31 triệu/m²,352 m²,,,,Sổ đỏ/ Sổ hồng,,26/09/2025,06/10/2025,Tin thường,43884718,9 m,12 m,,Đông - Nam
"Phố Phạm Tuấn Tài, Phường Nghĩa Tân, Cầu Giấy, Hà Nội",27 tỷ,75 m²,,,5 tầng,Sổ đỏ/ Sổ hồng,Đầy đủ,23/09/2025,03/10/2025,Tin thường,43554070,6 m,,,
"Phường Dịch Vọng Hậu, Cầu Giấy, Hà Nội",99 tỷ,180 m²,,,9 tầng,Sổ đỏ/ Sổ hồng,Đầy đủ,04/10/2025,14/10/2025,Tin thường,43513250,10 m,30 m,,
"Phố Nguyễn Đổng Chi, Phường Cầu Diễn, Nam Từ Liêm, Hà Nội","13,6 tỷ",45 m²,,,,Sổ đỏ/ Sổ hồng,Đầy đủ,26/09/2025,06/10/2025,Tin thường,43913110,"3,7 m",5 m,,
"Đường Cổ Linh, Phường Long Biên, Long Biên, Hà Nội","5,3 tỷ",34 m²,3 phòng,4 phòng,5 tầng,Sổ đỏ/ Sổ hồng,Đầy đủ,07/10/2025,17/10/2025,Tin thường,42789488,4 m,3 m,,
"Đường Nguyễn Hoàng, Phường Mỹ Đình 2, Nam Từ Liêm, Hà Nội",42 tỷ,85 m²,,,7 tầng,Sổ đỏ,,07/10/2025,22/10/2025,Tin thường,41745035,5 m,,,
"Phường Dịch Vọng Hậu, Cầu Giấy, Hà Nội",65 tỷ,130 m²,,,7 tầng,Sổ đỏ/ Sổ hồng,,17/10/2025,01/11/2025,Tin thường,41758982,"8,1 m",,,
"Phố Nghĩa Đô, Phường Nghĩa Đô, Cầu Giấy, Hà Nội",Thỏa thuận,79 m²,,,4 tầng,Sổ đỏ/ Sổ hồng,,07/10/2025,17/10/2025,Tin thường,44121551,,,,
"Xã Đông La, Hoài Đức, Hà Nội","3,7 tỷ",32 m²,,,5 tầng,Sổ đỏ,"Ội thất có đầy đủ đồ cơ bản, tủ bếp, thiết bị vệ sinh, hệ thống cửa, máy bơm, bồn nước.",09/10/2025,19/10/2025,Tin thường,44000064,,,,
"Rose Town, Đường Ngọc Hồi, Phường Hoàng Liệt, Quận Hoàng Mai, Hà Nội",6 tỷ,82 m²,2 phòng,2 phòng,,Sổ đỏ/ Sổ hồng,Đầy đủ,26/09/2025,06/10/2025,Tin thường,44121549,,,,
"Đường Trung Phụng, Phường Thổ Quan, Đống Đa, Hà Nội","79,5 tỷ",101 m²,,,9 tầng,Sổ đỏ/ Sổ hồng,,18/10/2025,17/11/2025,Tin thường,44131792,"6,6 m",,,
"Đường La Tinh, Xã Đông La, Hoài Đức, Hà Nội","4,12 tỷ","32,5 m²",3 phòng,4 phòng,4 tầng,Sổ đỏ/ Sổ hồng,Đầy đủ,15/10/2025,25/10/2025,Tin thường,43518220,,,,
"Dự án Eurowindow Twin Parks, Thị trấn Trâu Quỳ, Gia Lâm, Hà Nội","15,8 tỷ",75 m²,,,5 tầng,Sổ đỏ/ Sổ hồng,,16/10/2025,31/10/2025,Tin thường,43953517,,,Đông - Nam,
"Đường Yên Phúc, Phường Biên Giang, Hà Đông, Hà Nội","5,85 tỷ","41,5 m²",5 phòng,4 phòng,5 tầng,Sổ đỏ/ Sổ hồng,,15/10/2025,25/10/2025,Tin thường,43828184,,,,
"Đường An Phú, Phường Dương Nội, Hà Đông, Hà Nội",Thỏa thuận,50 m²,,,,,,20/10/2025,04/11/2025,Tin thường,31697338,"11,5 m","11,5 m",,Đông - Bắc
"Phường Yên Nghĩa, Hà Đông, Hà Nội","4,65 tỷ",90 m²,4 phòng,3 phòng,3 tầng,Sổ đỏ/ Sổ hồng,Cơ bản,28/09/2025,08/10/2025,Tin thường,43362609,,,,
"Phường Yên Nghĩa, Hà Đông, Hà Nội",Thỏa thuận,50 m²,,,,Sổ đỏ/ Sổ hồng,,20/10/2025,04/11/2025,Tin thường,43068087,4 m,,,Tây - Bắc
"Đường Yên Lộ, Phường Yên Nghĩa, Hà Đông, Hà Nội","4,15 tỷ",32 m²,3 phòng,3 phòng,5 tầng,Sổ đỏ/ Sổ hồng,Cơ bản,15/10/2025,25/10/2025,Tin thường,42297440,,,,
"Đường Quốc lộ 6, Xã Phụng Châu, Chương Mỹ, Hà Nội","3,4 tỷ",66 m²,4 phòng,3 phòng,3 tầng,Sổ đỏ/ Sổ hồng,Đầy đủ,15/10/2025,25/10/2025,Tin thường,43362215,,,,
,,,,,,,,,,,,,,,
"Phú Thịnh Green Park, Tô Hiệu, Hà Cầu, Hà Đông, Hà Nội",Thỏa thuận,90 m²,,,,,,09/10/2025,19/10/2025,Tin thường,44088429,,,,
"Xã Yên Bài, Ba Vì, Hà Nội",Thỏa thuận,290 m²,3 phòng,3 phòng,2 tầng,Sổ đỏ/ Sổ hồng,Đầy đủ,14/10/2025,24/10/2025,Tin thường,40652572,,,,
"Khu đô thị Phú Cát City, Thạch Hòa, Thạch Thất, Hà Nội",4 tỷ,80 m²,2 phòng,2 phòng,,Sổ đỏ/ Sổ hồng,Đầy đủ,23/09/2025,08/10/2025,Tin thường,43951863,,,Đông - Bắc,Đông - Nam
"Đường Định Công Thượng, Phường Định Công, Hoàng Mai, Hà Nội","10,15 tỷ",38 m²,5 phòng,6 phòng,6 tầng,Sổ đỏ/ Sổ hồng,Đầy đủ,23/09/2025,23/10/2025,Tin thường,44088421,,,,
"Bình Minh Garden, Đức Giang, Đức Giang, Long Biên, Hà Nội","18,5 tỷ",79 m²,,,,Sổ đỏ/ Sổ hồng,Đầy đủ,23/09/2025,03/10/2025,Tin thường,44088418,"4,5 m",17 m,,Đông - Bắc
"Phố Vũ Tông Phan, Phường Khương Đình, Thanh Xuân, Hà Nội","13,36 tỷ",45 m²,6 phòng,4 phòng,6 tầng,Sổ đỏ/ Sổ hồng,Đầy đủ,23/09/2025,23/10/2025,Tin thường,44087238,12 m,"4,5 m",,Tây
"Dự án Sơn Đồng Center, Đường 422, Xã Sơn Đồng, Hoài Đức, Hà Nội",Thỏa thuận,91 m²,4 phòng,4 phòng,5 tầng,Sổ đỏ/ Sổ hồng,Không nội thất,14/10/2025,24/10/2025,Tin thường,39762634,,,,
"Dự án Jade Lake Residence, Phường Tây Tựu, Bắc Từ Liêm, Hà Nội",Thỏa thuận,102 m²,,,8 tầng,Hợp đồng mua bán,,09/10/2025,19/10/2025,Tin thường,43188048,6 m,60 m,,
"Hinode Royal Park, Đường Quốc lộ 32, Xã Di Trạch, Hoài Đức, Hà Nội","17,8 tỷ",100 m²,6 phòng,6 phòng,4 tầng,Sổ đỏ/ Sổ hồng,,23/09/2025,03/10/2025,Tin thường,44088412,5 m,30 m,,
"Đường Phú Mỹ, Phường Mỹ Đình 1, Nam Từ Liêm, Hà Nội","16,5 tỷ",72 m²,,,,Sổ đỏ/ Sổ hồng,,23/09/2025,03/10/2025,Tin thường,44080371,5 m,,,
"Đường Vệ Hồ, Phường Nhật Tân, Tây Hồ, Hà Nội",Thỏa thuận,400 m²,6 phòng,6 phòng,6 tầng,Sổ đỏ/ Sổ hồng,Đầy đủ,20/10/2025,04/11/2025,Tin thường,44012143,15 m,40 m,,Đông - Nam
"Dự án Vinhomes Ocean Park Gia Lâm, Xã Dương Xá, Gia Lâm, Hà Nội",17 tỷ,"67,5 m²",4 phòng,4 phòng,5 tầng,Sổ đỏ/ Sổ hồng,Cơ bản,02/10/2025,12/10/2025,Tin thường,44075820,,13 m,Nam,Nam
"Dự án Vinhomes Smart City , Phường Tây Mỗ, Nam Từ Liêm, Hà Nội",11 tỷ,63 m²,,,,Sổ đỏ/ Sổ hồng,,22/10/2025,01/11/2025,Tin VIP Kim Cương,42097503,,,,
"The Diamond Residence, Đường Lê Văn Lương, Phường Nhân Chính, Thanh Xuân, Hà Nội",130 triệu/m²,107 m²,3 phòng,2 phòng,,Sổ đỏ/ Sổ hồng,Đầy đủ,22/09/2025,07/10/2025,Tin thường,44073281,,,,
"Dự án Đông Dương Residence, Đường Quốc lộ 32, Xã Đức Thượng, Hoài Đức, Hà Nội",10 tỷ,80 m²,7 phòng,4 phòng,5 tầng,Sổ đỏ/ Sổ hồng,Cơ bản,22/10/2025,06/11/2025,Tin VIP Bạc,44070597,5 m,24 m,Đông - Nam,Đông - Nam
"Xã Cổ Đông, Sơn Tây, Hà Nội",29 triệu/m²,100 m²,,,,Sổ đỏ/ Sổ hồng,,18/09/2025,03/10/2025,Tin thường,44050380,5 m,8 m,,
"Dự án Green Diamond 93 Láng Hạ, Phố Láng Hạ, Phường Láng Hạ, Đống Đa, Hà Nội",Thỏa thuận,86 m²,2 phòng,,,Sổ đỏ,Full,14/10/2025,29/10/2025,Tin VIP Vàng,42650757,,,,
"Dự án Vinhomes Ocean Park Gia Lâm, Xã Dương Xá, Gia Lâm, Hà Nội","3,4 tỷ",59 m²,2 phòng,1 phòng,,Sổ đỏ/ Sổ hồng,Đầy đủ,17/10/2025,24/10/2025,Tin VIP Kim Cương,36178786,,,Đông - Nam,Tây - Bắc
"Dự án The Nelson Private Residences, Phố Láng Hạ, Phường Thành Công, Ba Đình, Hà Nội",Thỏa thuận,106 m²,3 phòng,2 phòng,,Hợp đồng mua bán,"Nội thất nhập khẩu cao cấp đến từ các thương hiệu chấu Âu: Điều hoà âm trần, bếp, nhà vệ sinh, thiết bị liền tường đầy đủ tiêu chuẩn cao.",19/10/2025,03/11/2025,Tin VIP Bạc,41924361,,,Đông - Bắc,Tây - Nam
"Đường Du Nội, Xã Mai Lâm, Đông Anh, Hà Nội","7,5 tỷ",62 m²,,,4 tầng,Sổ đỏ chính chủ.,"Nội thất đẹp cao cấp, để lại toàn bộ.",19/09/2025,04/10/2025,Tin thường,43084400,"4,2 m",6 m,,
"Đường Tứ Liên, Phường Tứ Liên, Tây Hồ, Hà Nội","8,5 tỷ",4.000 m²,2 phòng,2 phòng,1 tầng,Mua bán vi bằng,Không nội thất,20/10/2025,04/11/2025,Tin thường,43328879,50 m,5 m,Tây - Nam,Tây - Nam
"Dự án HUD Me Linh Central, Xã Thanh Lâm, Mê Linh, Hà Nội",21 tỷ,270 m²,,,,,,06/10/2025,16/10/2025,Tin thường,44100573,15 m,,,Tây - Nam
"Đường Trần Duy Hưng, Phường Trung Hòa, Cầu Giấy, Hà Nội","13,3 tỷ",49 m²,3 phòng,4 phòng,5 tầng,Sổ đỏ/ Sổ hồng,Đầy đủ,24/09/2025,04/10/2025,Tin thường,43502286,5 m,,,
"Đường Tây Trà, Phường Lĩnh Nam, Hoàng Mai, Hà Nội",Thỏa thuận,42 m²,5 phòng,6 phòng,7 tầng,Sổ đỏ/ Sổ hồng,Cơ bản,20/10/2025,04/11/2025,Tin thường,43262097,5 m,15 m,,
"Đường Đền Lừ, Phường Hoàng Văn Thụ, Hoàng Mai, Hà Nội",17 tỷ,55 m²,5 phòng,5 phòng,7 tầng,Sổ đỏ/ Sổ hồng,Đầy đủ,20/10/2025,04/11/2025,Tin thường,43261448,,8 m,,
"Đường Ngô Thì Nhậm, Phường La Khê, Hà Đông, Hà Nội",Thỏa thuận,55 m²,4 phòng,,4 tầng,Sổ đỏ/ Sổ hồng,,29/09/2025,09/10/2025,Tin thường,44049778,,,,
"Đường Đê Quai, Phường Nhật Tân, Tây Hồ, Hà Nội","31,5 tỷ",114 m²,2 phòng,2 phòng,2 tầng,Sổ đỏ/ Sổ hồng,Không nội thất,20/10/2025,04/11/2025,Tin thường,42094890,"5,8 m",8 m,Đông - Bắc,Đông - Bắc
"Đường Kim Đồng, Phường Giáp Bát, Hoàng Mai, Hà Nội",16 tỷ,60 m²,5 phòng,4 phòng,5 tầng,Sổ đỏ/ Sổ hồng,Đầy đủ,20/10/2025,04/11/2025,Tin thường,42733633,5 m,15 m,,
"Đường Trương Định, Phường Trương Định, Hai Bà Trưng, Hà Nội",Thỏa thuận,53 m²,12 phòng,,7 tầng,Sổ đỏ/ Sổ hồng,Đầy đủ,29/09/2025,09/10/2025,Tin thường,43973797,,,Đông - Nam,Đông - Nam
"đường Mỹ Đình, Phường Mỹ Đình 1, Nam Từ Liêm, Hà Nội","8,2 tỷ",34 m²,6 phòng,6 phòng,6 tầng,Sổ đỏ/ Sổ hồng,Đầy đủ,29/09/2025,29/10/2025,Tin thường,44141062,,3 m,,
"Đường Ngãi Cầu, Xã An Khánh, Hoài Đức, Hà Nội","6,3 tỷ",62 m²,,,,Sổ đỏ/ Sổ hồng,,25/09/2025,05/10/2025,Tin thường,44105979,"5,65 m",4 m,,
"Mandarin Garden, Hoàng Minh Giám, Trung Hòa, Cầu Giấy, Hà Nội",Thỏa thuận,114 m²,3 phòng,2 phòng,,Sổ đỏ/ Sổ hồng,Đầy đủ,22/10/2025,06/11/2025,Tin thường,43477257,,,,
"An Dương, Yên Phụ, Tây Hồ, Hà Nội","1,4 tỷ",38 m²,,,3 tầng,Vi bằng.,,25/09/2025,25/10/2025,Tin thường,44105510,4 m,10 m,,
"Phố Trung Kính, Phường Trung Hòa, Cầu Giấy, Hà Nội","22,7 tỷ",75 m²,6 phòng,4 phòng,4 tầng,Sổ đỏ/ Sổ hồng,Đầy đủ,12/10/2025,22/10/2025,Tin thường,43723487,"4,6 m","5,5 m",,
"Phường Xuân Đỉnh, Bắc Từ Liêm, Hà Nội","34,5 tỷ",99 m²,28 phòng,30 phòng,7 tầng,Sổ đỏ/ Sổ hồng,Đầy đủ,25/09/2025,05/10/2025,Tin thường,44105970,,,Tây,Nam
,,,,,,,,,,,,,,,
"Đường Cầu Giấy, Phường Dịch Vọng, Cầu Giấy, Hà Nội","8,8 tỷ",30 m²,3 phòng,,4 tầng,Sổ đỏ/ Sổ hồng,,25/09/2025,25/10/2025,Tin thường,44105967,4 m,"2,5 m",,
"Mon City, Hàm Nghi, Mỹ Đình 2, Nam Từ Liêm, Hà Nội","6,47 tỷ","61,5 m²",2 phòng,2 phòng,,Sổ đỏ/ Sổ hồng,,25/09/2025,05/10/2025,Tin thường,44105960,,,,
"Đường Khương Trung, Phường Khương Trung, Thanh Xuân, Hà Nội","6,25 tỷ",30 m²,,,,Sổ đỏ/ Sổ hồng,Đầy đủ,25/09/2025,10/10/2025,Tin thường,44105961,,,,
"Dự án Sông Hồng Park View, Phố Thái Hà, Phường Láng Hạ, Đống Đa, Hà Nội",Thỏa thuận,83 m²,2 phòng,2 phòng,,Sổ đỏ/ Sổ hồng,Đầy đủ,15/10/2025,30/10/2025,Tin thường,44017811,,,Đông - Bắc,Tây - Nam
"Đường Âu Cơ, Phường Quảng An, Tây Hồ, Hà Nội","10,5 tỷ",38 m²,4 phòng,4 phòng,5 tầng,Sổ đỏ/ Sổ hồng,Cơ bản,24/09/2025,24/10/2025,Tin thường,44099779,7 m,,,
"Dự án Vinhomes Riverside, Đường Hoa Sữa 8, Phường Phúc Lợi, Long Biên, Hà Nội",150 tỷ,600 m²,5 phòng,,,Sổ đỏ.,Hoàn thiện nội thất luxury.,10/10/2025,20/10/2025,Tin thường,40660543,13 m,,,Đông - Nam
"Đường Âu Cơ, Phường Quảng An, Tây Hồ, Hà Nội",13 tỷ,55 m²,7 phòng,5 phòng,5 tầng,Sổ đỏ/ Sổ hồng,Cơ bản,30/09/2025,30/10/2025,Tin thường,44150706,4 m,3 m,,
"Phường Phúc Lợi, Long Biên, Hà Nội","9,4 tỷ",68 m²,,,,Sổ đỏ/ Sổ hồng.,,11/10/2025,21/10/2025,Tin thường,43017978,6 m,6 m,,
"Đường La Nội, Phường Dương Nội, Hà Đông, Hà Nội","4,9 tỷ",31 m²,3 phòng,4 phòng,4 tầng,Sổ đỏ/ Sổ hồng,Cơ bản,30/09/2025,10/10/2025,Tin thường,44150705,,,,
"Đường Yên Nghĩa, Phường Yên Nghĩa, Hà Đông, Hà Nội","3,55 tỷ",33 m²,3 phòng,3 phòng,4 tầng,Sổ đỏ/ Sổ hồng,Cơ bản,16/10/2025,31/10/2025,Tin thường,43579528,,,,
"Dự án Vinhomes Ocean Park Gia Lâm, Xã Dương Xá, Gia Lâm, Hà Nội","4,75 tỷ",80 m²,3 phòng,2 phòng,,Sổ đỏ/ Sổ hồng,Nội thất đầy đủ.,30/09/2025,10/10/2025,Tin thường,44150698,,,,
"Đường Lê Lợi, Phường Hà Cầu, Hà Đông, Hà Nội",18 tỷ,60 m²,4 phòng,3 phòng,4 tầng,Sổ đỏ/ Sổ hồng,Đầy đủ,30/09/2025,10/10/2025,Tin thường,44150695,4 m,16 m,,
"Phường Phúc Xá, Ba Đình, Hà Nội","15,5 tỷ",61 m²,7 phòng,7 phòng,6 tầng,Sổ đỏ/ Sổ hồng,,30/09/2025,10/10/2025,Tin thường,44064766,,,,
"Đường Ngọc Thụy, Phường Ngọc Thụy, Long Biên, Hà Nội","8,29 tỷ","66,3 m²",,,,Sổ đỏ/ Sổ hồng,,30/09/2025,10/10/2025,Tin thường,44150694,5 m,"2,7 m",,Đông - Bắc
"Phố Bạch Mai, Phường Bạch Mai, Hai Bà Trưng, Hà Nội","8,2 tỷ",33 m²,3 phòng,3 phòng,4 tầng,Sổ đỏ/ Sổ hồng,Đầy đủ,30/09/2025,10/10/2025,Tin thường,44152749,"3,3 m",,,
"Xã Yên Bài, Ba Vì, Hà Nội",Thỏa thuận,350 m²,,,,Sổ đỏ/ Sổ hồng,,01/10/2025,16/10/2025,Tin thường,44158329,15 m,6 m,,Đông - Nam
"Dự án Five Star Kim Giang, Đường Kim Giang, Phường Hạ Đình, Thanh Xuân, Hà Nội","7,1 tỷ",85 m²,2 phòng,2 phòng,,Sổ đỏ/ Sổ hồng,Đầy đủ,01/10/2025,11/10/2025,Tin thường,44064444,,,Bắc,Nam
"Đường Trương Định, Phường Trương Định, Hai Bà Trưng, Hà Nội","9,3 tỷ",41 m²,3 phòng,2 phòng,3 tầng,Sổ đỏ/ Sổ hồng,Cơ bản,30/09/2025,10/10/2025,Tin thường,44152889,"4,5 m",,,
"Đường Nguyễn Sơn, Phường Bồ Đề, Long Biên, Hà Nội","8,85 tỷ",41 m²,4 phòng,3 phòng,4 tầng,Sổ đỏ/ Sổ hồng,Đầy đủ,30/09/2025,10/10/2025,Tin thường,44153378,"3,1 m",,,
"Đường Bùi Xương Trạch, Phường Khương Trung, Thanh Xuân, Hà Nội","8,25 tỷ",30 m²,4 phòng,5 phòng,6 tầng,Sổ đỏ/ Sổ hồng,Đầy đủ,01/10/2025,11/10/2025,Tin thường,44153446,"3,7 m",,,
"Dự án Geleximco Lê Trọng Tấn, Đường Lê Trọng Tấn, Phường Dương Nội, Hà Đông, Hà Nội",126 triệu/m²,295 m²,5 phòng,4 phòng,3 tầng,Sổ đỏ/ Sổ hồng,Không nội thất,30/09/2025,30/10/2025,Tin thường,43332317,20 m,"20,5 m",Đông - Nam,Đông - Nam
"Dự án Bohemia Residence, Đường Nguyễn Huy Tưởng, Phường Thanh Xuân Trung, Thanh Xuân, Hà Nội","7,5 tỷ",90 m²,2 phòng,2 phòng,,Sổ đỏ/ Sổ hồng,"Đầy đủ bao gồm điều hòa, giường, tủ lạnh...",23/09/2025,03/10/2025,Tin thường,44089034,,,Tây - Nam,Đông - Bắc
"Đường Võ Thị Sáu, Phường Thanh Nhàn, Hai Bà Trưng, Hà Nội",14 tỷ,85 m²,,,3 tầng,Sổ đỏ/ Sổ hồng,Cơ bản,11/10/2025,21/10/2025,Tin thường,43810141,6 m,6 m,,
"Dự án Eurowindow Multi Complex, Đường Trần Duy Hưng, Phường Trung Hòa, Cầu Giấy, Hà Nội",85 triệu/m²,145 m²,,,,Sổ đỏ/ Sổ hồng,Đầy đủ,01/10/2025,11/10/2025,Tin thường,44158327,,,Tây - Nam,Đông - Bắc
"Dự án Hà Nội Homeland, Phường Thượng Thanh, Long Biên, Hà Nội","4,85 tỷ",69 m²,2 phòng,2 phòng,,,,22/09/2025,07/10/2025,Tin thường,44077432,,,Tây - Bắc,Đông - Nam
"Đường Thạch Bàn, Phường Thạch Bàn, Long Biên, Hà Nội",Thỏa thuận,35 m²,,,,Sổ đỏ,,26/09/2025,11/10/2025,Tin thường,44121545,5 m,,,
"Phường Yên Nghĩa, Quận Hà Đông, Hà Nội",16 tỷ,55 m²,12 phòng,,7 tầng,Sổ đỏ/ Sổ hồng,Đầy đủ,26/09/2025,06/10/2025,Tin thường,44121544,5 m,,,Tây - Nam
"Phố Thái Hà, Phường Trung Liệt, Đống Đa, Hà Nội",21 tỷ,52 m²,,,6 tầng,Sổ đỏ,Nội thất cơ bản,23/09/2025,03/10/2025,Tin thường,43987124,"4,3 m",,,
"Đình Thôn, Mỹ Đình 1, Nam Từ Liêm, Hà Nội",12 tỷ,70 m²,,,,,,15/09/2025,15/10/2025,Tin thường,44020464,8 m,,,
"Đường Kim Đồng, Phường Giáp Bát, Hoàng Mai, Hà Nội","19,5 tỷ",50 m²,,4 phòng,5 tầng,Sổ đỏ,,14/10/2025,24/10/2025,Tin thường,43787699,4 m,,,
"HPC Landmark 105, La Khê, Hà Đông, Hà Nội","7,4 tỷ",112 m²,3 phòng,2 phòng,,Sổ đỏ/ Sổ hồng,Đầy đủ,26/09/2025,06/10/2025,Tin thường,44121538,,,,
"Đường Âu Cơ, Phường Quảng An, Tây Hồ, Hà Nội","3,5 tỷ",40 m²,3 phòng,3 phòng,3 tầng,Hợp đồng mua bán,Đầy đủ,25/09/2025,05/10/2025,Tin thường,44101629,10 m,2 m,,
"Phố Xã Đàn, Phường Nam Đồng, Đống Đa, Hà Nội","35,5 tỷ",70 m²,,,,Sổ đỏ,K,14/10/2025,24/10/2025,Tin thường,43460455,5 m,,,
"Xã Tiên Dược, Sóc Sơn, Hà Nội",Thỏa thuận,100 m²,,,,Sổ đỏ/ Sổ hồng,,16/10/2025,31/10/2025,Tin thường,44121536,5 m,15 m,,
"Xã Yên Trung, Thạch Thất, Hà Nội",Thỏa thuận,393 m²,,,,Sổ đỏ/ Sổ hồng,,21/10/2025,05/11/2025,Tin thường,44131781,10 m,10 m,,
"An Khánh, Hoài Đức, Hà Nội","6,7 tỷ",48 m²,4 phòng,5 phòng,6 tầng,Sổ đỏ/ Sổ hồng,Đầy đủ,28/09/2025,08/10/2025,Tin thường,43959254,,4 m,,
"Phan Đăng Lưu, Yên Viên, Gia Lâm, Hà Nội","3,37 tỷ","66,3 m²",,,,Sổ đỏ/ Sổ hồng,,10/10/2025,25/10/2025,Tin thường,43995914,8 m,"2,5 m",,
"Đường Nguyễn Trãi, Phường Thanh Xuân Trung, Thanh Xuân, Hà Nội",110 tỷ,1.650 m²,10 phòng,5 phòng,,Sổ đỏ/ Sổ hồng,Đầy đủ,23/09/2025,08/10/2025,Tin thường,44086982,168 m,20 m,,
"Xã Phú Cát, Quốc Oai, Hà Nội","3,5 tỷ","110,9 m²",,,,Sổ đỏ/ Sổ hồng,,25/09/2025,05/10/2025,Tin thường,44106222,9 m,10 m,,
"Vinhomes Metropolis - Liễu Giai, Liễu Giai, Ngọc Khánh, Ba Đình, Hà Nội","15,5 tỷ",73 m²,2 phòng,2 phòng,,Sổ đỏ/ Sổ hồng,Đầy đủ,24/09/2025,04/10/2025,Tin thường,43996949,,,Tây - Nam,Đông - Bắc
"Vinhomes Metropolis - Liễu Giai, Liễu Giai, Ngọc Khánh, Ba Đình, Hà Nội",22 tỷ,101 m²,3 phòng,2 phòng,,Sổ đỏ/ Sổ hồng,Đầy đủ,05/10/2025,15/10/2025,Tin thường,43991113,,,Tây - Bắc,Đông - Bắc
"Xã Cổ Loa, Đông Anh, Hà Nội",92 triệu/m²,"51,6 m²",,,,Sổ đỏ/ Sổ hồng,,28/09/2025,08/10/2025,Tin thường,44041650,"4,22 m","3,5 m",,Tây - Nam
"Vinhomes Metropolis - Liễu Giai, 29, Phố Liễu Giai, Phường Ngọc Khánh, Ba Đình, Hà Nội",14 tỷ,72 m²,2 phòng,2 phòng,,Sổ đỏ/ Sổ hồng,"Nội thất đầy đủ với điều hòa, tủ lạnh và các trang thiết bị tiện nghi khác.",05/10/2025,15/10/2025,Tin thường,44012273,,,Tây - Bắc,Đông - Nam
"Đường Mậu Lương, Phường Kiến Hưng, Hà Đông, Hà Nội",11 tỷ,60 m²,,,,Sổ đỏ,,03/10/2025,13/10/2025,Tin thường,39091772,5 m,,,
"Dự án Melorita Hòa Lạc, Xã Yên Bình, Thạch Thất, Hà Nội","8,93 tỷ",406 m²,,,,Sổ đỏ/ Sổ hồng,,04/10/2025,14/10/2025,Tin thường,41926154,20 m,"9,5 m",,Đông - Bắc
"Dự án Sapphire Palace, Phố Chính Kinh, Phường Thanh Xuân Trung, Thanh Xuân, Hà Nội","6,8 tỷ",90 m²,2 phòng,2 phòng,,Sổ đỏ,Full nội thất.,23/09/2025,03/10/2025,Tin thường,30920499,,,,
"Phố Vạn Phúc, Xã Vạn Phúc, Thanh Trì, Hà Nội","4,68 tỷ","55,8 m²",,,,Sổ đỏ/ Sổ hồng,,23/09/2025,03/10/2025,Tin thường,44088396,,6 m,,
"Đường Ngọc Thụy, Phường Ngọc Thụy, Long Biên, Hà Nội","14,6 tỷ",100 m²,,,,Sổ đỏ/ Sổ hồng,,03/10/2025,13/10/2025,Tin thường,44088394,5 m,12 m,,
"Dự án Arden Park, Đường Cổ Linh, Phường Thạch Bàn, Long Biên, Hà Nội",25 tỷ,144 m²,5 phòng,5 phòng,3 tầng,Sổ đỏ/ Sổ hồng,"Đầy đủ nội thất cơ bản như điều hòa, tủ lạnh...",21/10/2025,05/11/2025,Tin thường,43971880,8 m,8 m,,
"Thanh Hoa, Xã Nam Sơn, Sóc Sơn, Hà Nội","5,5 tỷ",1.340 m²,,,,Hợp đồng mua bán,,23/09/2025,03/10/2025,Tin thường,44087177,51 m,6 m,,
"Phố Trấn Vũ, Phường Trúc Bạch, Ba Đình, Hà Nội",55 tỷ,134 m²,,,,,,06/10/2025,16/10/2025,Tin thường,44087955,10 m,,,
"Đường Phú Mãn, Xã Phú Mãn, Quốc Oai, Hà Nội","1,5 tỷ",75 m²,,,,Sổ đỏ/ Sổ hồng.,,23/09/2025,03/10/2025,Tin thường,40884481,8 m,14 m,,
"Dự án Roman Plaza, Đường Tố Hữu, Phường Đại Mỗ, Nam Từ Liêm, Hà Nội","8,4 tỷ",100 m²,3 phòng,2 phòng,,Sổ đỏ.,NTCB.,23/09/2025,03/10/2025,Tin thường,31008966,,,Đông - Nam,Tây - Bắc
"Dự án KĐT Trung Yên, Đường Xuân Quỳnh, Phường Yên Hòa, Cầu Giấy, Hà Nội",Thỏa thuận,78 m²,4 phòng,3 phòng,5 tầng,Sổ đỏ/ Sổ hồng,,23/09/2025,03/10/2025,Tin thường,43901073,"6,8 m",,,
"Số 170, Phố Hồng Mai, Phường Bạch Mai, Hai Bà Trưng, Hà Nội","1,89 tỷ",18 m²,1 phòng,1 phòng,,Sổ đỏ,Đầy đủ,19/09/2025,04/10/2025,Tin thường,44057228,,,,
"Dự án Vinhomes Wonder City, Xã Tân Hội, Đan Phượng, Hà Nội",150 triệu/m²,88 m²,,,,,,19/09/2025,04/10/2025,Tin thường,42442462,,,,
"Dự án The One Complex, Đường Định Công, Phường Thịnh Liệt, Hoàng Mai, Hà Nội",Thỏa thuận,90 m²,,,,,,19/09/2025,04/10/2025,Tin thường,44055133,,,,
"Xã Đắc Sở, Hoài Đức, Hà Nội",18 triệu/m²,1.877 m²,,,,,,18/09/2025,03/10/2025,Tin thường,43591150,,,,
"Vinhomes Skylake, Phạm Hùng, Mỹ Đình 1, Nam Từ Liêm, Hà Nội","18,5 tỷ",138 m²,,,,,,06/10/2025,21/10/2025,Tin thường,43992808,,,,
"Đường Trích Sài, Phường Bưởi, Tây Hồ, Hà Nội",Thỏa thuận,"42,8 m²",3 phòng,5 phòng,5 tầng,Sổ đỏ/ Sổ hồng,Đầy đủ,18/09/2025,03/10/2025,Tin thường,43995646,,4 m,,
"Dự án The Zei Mỹ Đình, Đường Lê Đức Thọ, Phường Mỹ Đình 2, Nam Từ Liêm, Hà Nội",22 tỷ,185 m²,3 phòng,2 phòng,,Sổ đỏ/ Sổ hồng,Đầy đủ,17/09/2025,02/10/2025,Tin thường,44041645,,,Nam,Nam
"Times City, Minh Khai, Vĩnh Tuy, Hai Bà Trưng, Hà Nội",6 tỷ,53 m²,1 phòng,1 phòng,,Sổ đỏ/ Sổ hồng,Đầy đủ,17/09/2025,02/10/2025,Tin thường,44039674,,,Đông - Nam,Bắc
"Dự án Jade Square, Đường Nguyễn Đình Tứ, Phường Xuân Đỉnh, Bắc Từ Liêm, Hà Nội",6 tỷ,72 m²,2 phòng,2 phòng,,Sổ đỏ/ Sổ hồng,Cơ bản.,17/09/2025,02/10/2025,Tin thường,43911790,,,,Đông - Nam
"Dự án The Matrix One, Đường Lê Quang Đạo, Phường Mễ Trì, Nam Từ Liêm, Hà Nội",Thỏa thuận,"84,9 m²",2 phòng,2 phòng,,Hợp đồng mua bán,Cơ bản,02/10/2025,09/10/2025,Tin thường,44163200,,,,
"Đường Võ Chí Công, Phường Nghĩa Đô, Cầu Giấy, Hà Nội",Thỏa thuận,60 m²,8 phòng,6 phòng,6 tầng,Sổ đỏ/ Sổ hồng,Đầy đủ,25/09/2025,05/10/2025,Tin thường,44105957,5 m,5 m,,
"Fafilm - VNT Tower, Đường Nguyễn Trãi, Phường Khương Trung, Quận Thanh Xuân, Hà Nội","7,5 tỷ",95 m²,2 phòng,2 phòng,,Sổ đỏ/ Sổ hồng,,25/09/2025,25/10/2025,Tin thường,44105959,,,,
"Đường Lai Xá, Xã Kim Chung, Hoài Đức, Hà Nội","4,75 tỷ",36 m²,4 phòng,4 phòng,4 tầng,Sổ đỏ/ Sổ hồng,Cơ bản,20/10/2025,04/11/2025,Tin thường,43294068,,"2,5 m",,
"Dự án Ecolife Tây Hồ, Phường Xuân La, Tây Hồ, Hà Nội","7,5 tỷ",110 m²,3 phòng,2 phòng,,Sổ đỏ/ Sổ hồng,Đầy đủ,16/10/2025,31/10/2025,Tin thường,43207110,,,Đông,Tây
"Đường Tây Sơn, Phường Trung Liệt, Đống Đa, Hà Nội",15 tỷ,50 m²,4 phòng,4 phòng,4 tầng,Sổ đỏ/ Sổ hồng,,25/09/2025,05/10/2025,Tin thường,44105948,4 m,"4,5 m",,
"Tráng Việt, Mê Linh, Hà Nội",Thỏa thuận,84 m²,,,,Sổ đỏ/ Sổ hồng,,10/10/2025,20/10/2025,Tin thường,44105937,5 m,"3,5 m",,
"Dự án Lancaster Luminaire, Đường Láng, Phường Láng Thượng, Đống Đa, Hà Nội",9 tỷ,118 m²,3 phòng,2 phòng,,Sổ đỏ/ Sổ hồng,Đầy đủ,16/10/2025,31/10/2025,Tin thường,43167290,,,Đông - Bắc,Tây - Nam
"Phố Vũ Tông Phan, Phường Thượng Đình, Thanh Xuân, Hà Nội",13 tỷ,71 m²,,,3 tầng,Sổ đỏ/ Sổ hồng,,25/09/2025,05/10/2025,Tin thường,44105405,"3,6 m",,,
"Phố Bạch Mai, Phường Bạch Mai, Hai Bà Trưng, Hà Nội","3,6 tỷ",17 m²,2 phòng,2 phòng,2 tầng,Sổ đỏ/ Sổ hồng,Đầy đủ,24/09/2025,04/10/2025,Tin thường,44099296,,,,
"Dự án Vinhomes Riverside, Phường Phúc Lợi, Long Biên, Hà Nội",61 tỷ,180 m²,,,4 tầng,Sổ đỏ/ Sổ hồng,,25/09/2025,10/10/2025,Tin thường,44105237,,,,
"Thạch Bàn, Phường Thạch Bàn, Long Biên, Hà Nội","7,7 tỷ",52 m²,,,,,,30/09/2025,30/10/2025,Tin thường,44150692,,,,
"Dự án An Hưng, Đường Tố Hữu, Phường La Khê, Hà Đông, Hà Nội",Thỏa thuận,"82,5 m²",,,,Sổ đỏ,,30/09/2025,10/10/2025,Tin thường,33325564,,,,
"Dự án Vinhomes Ocean Park Gia Lâm, Xã Dương Xá, Gia Lâm, Hà Nội","4,2 tỷ",70 m²,2 phòng,2 phòng,,Sổ đỏ/ Sổ hồng,Đầy đủ.,30/09/2025,10/10/2025,Tin thường,44150687,,,,
"Đường Hồ Văn Chương, Phường Văn Chương, Đống Đa, Hà Nội",15 tỷ,60 m²,10 phòng,10 phòng,7 tầng,Sổ đỏ/ Sổ hồng,Đầy đủ,30/09/2025,10/10/2025,Tin thường,43438343,4 m,2 m,,Tây - Nam
"Dự án An Hưng, Đường Tố Hữu, Phường La Khê, Hà Đông, Hà Nội",Thỏa thuận,140 m²,,,4 tầng,,,11/10/2025,21/10/2025,Tin thường,38992156,,23 m,,
"622, Đường Minh Khai, Phường Minh Khai, Hai Bà Trưng, Hà Nội","52,6 tỷ",86 m²,,,5 tầng,Sổ đỏ/ Sổ hồng,,30/09/2025,10/10/2025,Tin thường,44150679,5 m,,,
"Dự án Bắc Hà Fodacon, Đường Nguyễn Trãi, Phường Mỗ Lao, Hà Đông, Hà Nội","6,8 tỷ",72 m²,2 phòng,2 phòng,,Sổ đỏ/ Sổ hồng,Cơ bản,11/10/2025,21/10/2025,Tin thường,43893921,,,,
"Đường Đội Cấn, Phường Liễu Giai, Ba Đình, Hà Nội",41 tỷ,155 m²,,,,,,26/09/2025,06/10/2025,Tin thường,44120538,7 m,,,
"Đường Xuân La, Phường Xuân Đỉnh, Bắc Từ Liêm, Hà Nội",29 tỷ,90 m²,,,6 tầng,Sổ đỏ/ Sổ hồng,,11/10/2025,21/10/2025,Tin thường,44086086,5 m,8 m,,
"Đường Đội Cấn, Phường Ngọc Hà, Ba Đình, Hà Nội","24,5 tỷ",77 m²,,,,,,26/09/2025,06/10/2025,Tin thường,44120509,8 m,,,
"The Golden Palm Lê Văn Lương, 21, Đường Lê Văn Lương, Phường Nhân Chính, Thanh Xuân, Hà Nội","9,8 tỷ",119 m²,3 phòng,2 phòng,,Sổ đỏ/ Sổ hồng,Đầy đủ,16/10/2025,31/10/2025,Tin thường,43674036,,,Đông - Nam,Tây - Bắc
"Dự án Văn Khê, Phường La Khê, Hà Đông, Hà Nội",34 tỷ,"184,8 m²",4 phòng,4 phòng,3 tầng,Sổ đỏ/ Sổ hồng,Cơ bản,19/09/2025,19/10/2025,Tin thường,44053698,"11,2 m",5 m,,Đông - Bắc
"Dự án Thăng Long Number One, Phường Trung Hòa, Cầu Giấy, Hà Nội",14 tỷ,162 m²,4 phòng,3 phòng,,Sổ đỏ/ Sổ hồng,Đầy đủ,30/09/2025,10/10/2025,Tin thường,44055847,,,Tây - Bắc,Đông - Nam
"Khu nhà ở 90 Nguyễn Tuân, Nguyễn Tuân, Thanh Xuân Trung, Thanh Xuân, Hà Nội","8,8 tỷ",90 m²,3 phòng,2 phòng,,Sổ đỏ/ Sổ hồng,Đầy đủ,23/09/2025,03/10/2025,Tin thường,44089471,,,Đông - Nam,Tây - Bắc
"Ecolife Capitol, Tố Hữu, Trung Văn, Nam Từ Liêm, Hà Nội","7,9 tỷ",103 m²,3 phòng,2 phòng,,Sổ đỏ/ Sổ hồng,Đầy đủ,15/10/2025,25/10/2025,Tin thường,43987515,,,Tây - Nam,Đông - Bắc
"Thăng Long Number One, Trung Hòa, Cầu Giấy, Hà Nội","9,2 tỷ",117 m²,3 phòng,2 phòng,,Sổ đỏ/ Sổ hồng,Đầy đủ,22/09/2025,02/10/2025,Tin thường,43798488,,,Tây - Bắc,Đông - Nam
"Phường Long Biên, Long Biên, Hà Nội","7,8 tỷ",39 m²,4 phòng,3 phòng,4 tầng,Sổ đỏ/ Sổ hồng,Đầy đủ,01/10/2025,11/10/2025,Tin thường,43936830,4 m,4 m,Tây - Bắc,Tây - Bắc
"Golden Palace, Mễ Trì, Mễ Trì, Nam Từ Liêm, Hà Nội",Thỏa thuận,120 m²,3 phòng,2 phòng,,Sổ đỏ/ Sổ hồng,Đầy đủ,06/10/2025,16/10/2025,Tin thường,44107833,,,Đông,Bắc
"Eco Green City, Nguyễn Xiển, Tân Triều, Thanh Trì, Hà Nội","7,8 tỷ",95 m²,3 phòng,2 phòng,,Sổ đỏ/ Sổ hồng,Đầy đủ,15/10/2025,25/10/2025,Tin thường,43892731,,,Đông - Nam,Tây - Bắc
"Dự án Lumiere EverGreen Smart City, Phường Tây Mỗ, Nam Từ Liêm, Hà Nội","7,72 tỷ",81 m²,3 phòng,2 phòng,,Hợp đồng mua bán,Cơ bản,01/10/2025,11/10/2025,Tin thường,44158318,,,,
"Đường Nguyễn Khánh Toàn, Phường Dịch Vọng Hậu, Cầu Giấy, Hà Nội","17,6 tỷ",58 m²,,,,Sổ đỏ/ Sổ hồng,,08/10/2025,18/10/2025,Tin thường,43364762,,,,
"Phố Ngũ Xã, Phường Trúc Bạch, Ba Đình, Hà Nội",42 tỷ,65 m²,,,6 tầng,,,06/10/2025,16/10/2025,Tin thường,44088344,"4,5 m",,,
"Đường Trần Duy Hưng, Phường Trung Hòa, Cầu Giấy, Hà Nội","7,4 tỷ",30 m²,2 phòng,,3 tầng,Sổ đỏ/ Sổ hồng,Đầy đủ,23/09/2025,23/10/2025,Tin thường,44087937,"3,2 m","2,5 m",Đông - Nam,Tây - Nam
"Dự án 89 Phùng Hưng, Phố Phùng Hưng, Phường Phúc La, Hà Đông, Hà Nội","4,35 tỷ","58,78 m²",2 phòng,2 phòng,,,,23/09/2025,03/10/2025,Tin thường,44088340,,,Đông - Nam,Tây - Bắc
"Đường Trích Sài, Phường Bưởi, Tây Hồ, Hà Nội","50,5 tỷ",65 m²,4 phòng,3 phòng,5 tầng,Sổ đỏ/ Sổ hồng,,23/09/2025,03/10/2025,Tin thường,44088329,5 m,7 m,,
"Đường Phúc Lợi, Phường Phúc Lợi, Long Biên, Hà Nội","17,95 tỷ",105 m²,,,,Sổ đỏ/ Sổ hồng,,23/09/2025,03/10/2025,Tin thường,44088339,,,,
"Đường Dương Khuê, Phường Dịch Vọng, Cầu Giấy, Hà Nội",95 tỷ,250 m²,,,9 tầng,Sổ đỏ/ Sổ hồng,,23/09/2025,03/10/2025,Tin thường,43733403,"9,5 m",,,
,,,,,,,,,,,,,,,
"Sông Hồng Park View, Phố Thái Hà, Phường Láng Hạ, Đống Đa, Hà Nội",11 tỷ,158 m²,3 phòng,2 phòng,,Sổ đỏ/ Sổ hồng,Đầy đủ,09/09/2025,09/10/2025,Tin thường,43970155,,,Đông - Nam,Tây - Bắc
"Đường Trần Thái Tông, Phường Dịch Vọng, Cầu Giấy, Hà Nội",95 tỷ,180 m²,,,8 tầng,Sổ đỏ,"Nội thất cao cấp, đầy đủ tiện nghi.",23/09/2025,03/10/2025,Tin thường,43763966,"8,5 m",8 m,,
"Mipec Rubik 360, Xuân Thủy, Dịch Vọng Hậu, Cầu Giấy, Hà Nội","10,1 tỷ",85 m²,2 phòng,2 phòng,,Sổ đỏ/ Sổ hồng,Đầy đủ,05/10/2025,15/10/2025,Tin thường,44107095,,,Đông - Bắc,Tây - Nam
"Bồ Đề, Long Biên, Hà Nội","6,2 tỷ",33 m²,3 phòng,4 phòng,4 tầng,Sổ đỏ/ Sổ hồng,Cơ bản,25/09/2025,10/10/2025,Tin thường,44106763,"3,8 m",3 m,Đông - Nam,Đông - Nam
"Đường Đội Cấn, Phường Đội Cấn, Ba Đình, Hà Nội","6,3 tỷ",36 m²,3 phòng,3 phòng,3 tầng,Sổ đỏ/ Sổ hồng,Cơ bản,07/10/2025,17/10/2025,Tin thường,44120568,4 m,,,
"Đường Hàng Than, Phường Nguyễn Trung Trực, Ba Đình, Hà Nội","5,5 tỷ",22 m²,2 phòng,3 phòng,5 tầng,Sổ đỏ/ Sổ hồng,Cơ bản,25/09/2025,05/10/2025,Tin thường,44106041,,,,
"Goldmark City, Hồ Tùng Mậu, Phú Diễn, Bắc Từ Liêm, Hà Nội",7 tỷ,79 m²,2 phòng,2 phòng,,Sổ đỏ/ Sổ hồng,Đầy đủ,28/09/2025,08/10/2025,Tin thường,43888726,,,Tây - Bắc,Đông - Nam
"Hinode Royal Park, Đường Quốc lộ 32, Xã Di Trạch, Hoài Đức, Hà Nội","19,5 tỷ",103 m²,,,,Sổ đỏ/ Sổ hồng,,28/09/2025,08/10/2025,Tin thường,44131751,5 m,33 m,,
"PCC1 Triều Khúc, Đường Triều Khúc, Phường Thanh Xuân Bắc, Thanh Xuân, Hà Nội","5,35 tỷ",62 m²,2 phòng,2 phòng,,,Cơ bản,25/09/2025,05/10/2025,Tin thường,44109582,,,,
"Dự án Imperia Smart City, Đường Đại lộ Thăng Long, Phường Tây Mỗ, Nam Từ Liêm, Hà Nội.","4,02 tỷ",59 m²,2 phòng,1 phòng,,Sổ đỏ/ Sổ hồng,"Đầy đủ Căn hộ đã đầy đủ tủ bếp, điều hòa, nóng lạnh, tủ quần áo, bàn ăn, sofa, giường đệm, tủ lạnh, máy giặt.",19/10/2025,03/11/2025,Tin thường,40604003,,,,
"Đường Nguyễn Khuyến, Phường Văn Quán, Hà Đông, Hà Nội","17,3 tỷ",72 m²,4 phòng,4 phòng,4 tầng,Sổ đỏ/ Sổ hồng,Đầy đủ,11/09/2025,11/10/2025,Tin thường,43989977,4 m,7 m,Đông - Nam,Đông - Nam
"Đường Mậu Lương, Phường Kiến Hưng, Hà Đông, Hà Nội","7,6 tỷ",38 m²,3 phòng,4 phòng,,,,11/09/2025,11/10/2025,Tin thường,43989642,"4,8 m",3 m,Tây - Bắc,Tây - Bắc
"Phố Khâm Thiên, Phường Khâm Thiên, Đống Đa, Hà Nội","4,5 tỷ",41 m²,3 phòng,4 phòng,4 tầng,Sổ đỏ/ Sổ hồng,Cơ bản,07/10/2025,17/10/2025,Tin thường,42862449,"3,5 m",3 m,,
"Phố Lò Đúc, Phường Lê Đại Hành, Hai Bà Trưng, Hà Nội",160 tỷ,304 m²,,,4 tầng,Có sổ,Nội thất,26/09/2025,06/10/2025,Tin thường,41199314,"5,9 m",,,
"Đường Ngọc Thụy, Phường Ngọc Thụy, Long Biên, Hà Nội",14 tỷ,47 m²,3 phòng,,6 tầng,Sổ đỏ/ Sổ hồng,,26/09/2025,06/10/2025,Tin thường,42909815,"4,6 m",5 m,,
"Phố Vũ Tông Phan, Phường Khương Đình, Thanh Xuân, Hà Nội","24,9 tỷ",100 m²,4 phòng,3 phòng,3 tầng,Sổ đỏ/ Sổ hồng,Đầy đủ,26/09/2025,11/10/2025,Tin thường,44121531,5 m,,,
"Đường Văn Minh, Xã Di Trạch, Hoài Đức, Hà Nội","5,5 tỷ",35 m²,5 phòng,4 phòng,4 tầng,Sổ đỏ/ Sổ hồng,Đầy đủ,26/09/2025,06/10/2025,Tin thường,44121522,,,,
"Đường Bùi Xương Trạch, Phường Khương Đình, Thanh Xuân, Hà Nội","8,3 tỷ",40 m²,5 phòng,4 phòng,4 tầng,,,26/09/2025,06/10/2025,Tin thường,44121517,,3 m,,
"Masteri Water Front, Đường Ngọc Trai, Xã Đa Tốn, Gia Lâm, Hà Nội","6,2 tỷ",63 m²,,,,Hợp đồng mua bán,Cơ bản,13/10/2025,28/10/2025,Tin VIP Bạc,44098031,,,Đông - Nam,
"Phường Khương Thượng, Đống Đa, Hà Nội","29,3 tỷ",90 m²,23 phòng,24 phòng,8 tầng,Sổ đỏ/ Sổ hồng,,25/09/2025,05/10/2025,Tin thường,44106648,"7,2 m",,,
"Dự án KĐT Linh Đàm, Phường Đại Kim, Hoàng Mai, Hà Nội","29,5 tỷ",85 m²,5 phòng,6 phòng,6 tầng,Sổ đỏ/ Sổ hồng,Đầy đủ,22/09/2025,02/10/2025,Tin thường,44065219,"5,6 m",5 m,,
"Đường Hồ Tùng Mậu, Phường Mai Dịch, Quận Cầu Giấy, Hà Nội",8 tỷ,38 m²,4 phòng,2 phòng,4 tầng,Sổ đỏ/ Sổ hồng,Cơ bản,26/09/2025,26/10/2025,Tin thường,44121513,,,,
"Dự án KĐT Xa La, Phố Phùng Hưng, Phường Phúc La, Hà Đông, Hà Nội",Thỏa thuận,54 m²,1 phòng,1 phòng,,Sổ đỏ/ Sổ hồng,Đầy đủ,11/10/2025,21/10/2025,Tin thường,40064794,,,Tây - Bắc,Đông - Nam
"Đường Bờ Sông Sét, Phường Thịnh Liệt, Hoàng Mai, Hà Nội",Thỏa thuận,65 m²,,,5 tầng,Sổ đỏ/ Sổ hồng.,Cơ bản.,20/10/2025,04/11/2025,Tin thường,41020332,5 m,10 m,,Tây - Nam
"Dự án Ciputra Hà Nội, Đường Lạc Long Quân, Phường Phú Thượng, Tây Hồ, Hà Nội","22,9 tỷ",198 m²,,,,,,09/10/2025,19/10/2025,Tin thường,23824780,,,,Tây - Nam
"Ngõ 603, Đường Lạc Long Quân, Phường Xuân La, Tây Hồ, Hà Nội",40 tỷ,110 m²,,,,Sổ đỏ/ Sổ hồng,,21/10/2025,05/11/2025,Tin thường,43242371,"5,5 m",5 m,,Tây - Bắc
"Đường Hoàng Mai, Phường Hoàng Văn Thụ, Hoàng Mai, Hà Nội",70 tỷ,214 m²,,,,Sổ đỏ/ Sổ hồng,,29/09/2025,09/10/2025,Tin thường,44141052,18 m,,,
"Khu đô thị mới Xa La, Phùng Hưng, Phúc La, Hà Đông, Hà Nội",Thỏa thuận,72 m²,3 phòng,2 phòng,,Sổ đỏ/ Sổ hồng,Đầy đủ,29/09/2025,09/10/2025,Tin thường,44054099,,,Đông - Nam,Tây - Bắc
"Phường Tứ Liên, Tây Hồ, Hà Nội",16 tỷ,97 m²,,,,Sổ đỏ/ Sổ hồng,,20/10/2025,04/11/2025,Tin thường,43411854,"5,05 m",2 m,,Đông - Nam
"Dự án Ciputra Hà Nội, Phường Phú Thượng, Tây Hồ, Hà Nội",60 tỷ,180 m²,5 phòng,5 phòng,4 tầng,Sổ đỏ/ Sổ hồng,Cơ bản,19/10/2025,03/11/2025,Tin thường,42741382,9 m,30 m,,
"Xuân Phương Residence, Đường Trịnh Văn Bô, Phường Phương Canh, Nam Từ Liêm, Hà Nội",Thỏa thuận,60 m²,2 phòng,1 phòng,,Sổ đỏ/ Sổ hồng,Đầy đủ,25/09/2025,05/10/2025,Tin thường,43995719,,,Tây - Bắc,Đông - Nam
"HUD Me Linh Central, Thanh Lâm, Mê Linh, Hà Nội",Thỏa thuận,160 m²,,,,,,26/09/2025,06/10/2025,Tin thường,44115025,,,,
"Phố Hàng Bạc, Phường Hàng Bạc, Hoàn Kiếm, Hà Nội",110 tỷ,150 m²,,,,Sổ đỏ/ Sổ hồng,,01/10/2025,08/10/2025,Tin thường,43872440,5 m,,,
"Đường Võng Thị, Phường Bưởi, Tây Hồ, Hà Nội","12,6 tỷ",50 m²,4 phòng,5 phòng,6 tầng,Sổ đỏ/ Sổ hồng,Đầy đủ,01/10/2025,08/10/2025,Tin thường,44163016,3 m,3 m,Tây - Nam,Tây - Nam
"Đường Nghi Tàm, Phường Yên Phụ, Tây Hồ, Hà Nội","18,6 tỷ",145 m²,,,,Sổ đỏ/ Sổ hồng,,21/10/2025,05/11/2025,Tin VIP Bạc,44156031,,3 m,,
"Dự án Thanh Hà Mường Thanh, Phường Kiến Hưng, Hà Đông, Hà Nội",100 triệu/m²,100 m²,,,,Hợp đồng mua bán,,12/10/2025,27/10/2025,Tin VIP Bạc,43533821,5 m,14 m,,Nam
"Imperia Sky Garden, 423, Đường Minh Khai, Phường Vĩnh Tuy, Hai Bà Trưng, Hà Nội",6 tỷ,"74,83 m²",2 phòng,2 phòng,,,,16/10/2025,23/10/2025,Tin VIP Vàng,25522422,,,Tây - Nam,Đông - Bắc
"Dự án Ciputra Hà Nội, Đường Lạc Long Quân, Phường Phú Thượng, Tây Hồ, Hà Nội",350 triệu/m²,126 m²,,,,Sổ đỏ/ Sổ hồng,,05/10/2025,20/10/2025,Tin thường,42775873,10 m,30 m,Đông - Nam,
"Dự án Thanh Hà Mường Thanh, Phường Kiến Hưng, Hà Đông, Hà Nội","8,5 tỷ",100 m²,,,,Hợp đồng mua bán,,17/10/2025,24/10/2025,Tin VIP Vàng,43518498,5 m,14 m,,Nam
"Đường Đại lộ Thăng Long, Xã Phú Cát, Quốc Oai, Hà Nội","5,1 tỷ",150 m²,,,,Sổ đỏ/ Sổ hồng,,01/10/2025,08/10/2025,Tin thường,44161992,7 m,12 m,,Tây - Nam
"Đường Lê Đức Thọ, Phường Mỹ Đình 2, Nam Từ Liêm, Hà Nội","6,1 tỷ",85 m²,3 phòng,2 phòng,,Sổ đỏ/ Sổ hồng,,01/10/2025,08/10/2025,Tin thường,44161731,,,Bắc,Nam
"Dự án La Casta Văn Phú, Đường Lê Trọng Tấn, Phường Phú La, Hà Đông, Hà Nội","18,5 tỷ",83 m²,6 phòng,6 phòng,5 tầng,Sổ đỏ/ Sổ hồng,Không nội thất,01/10/2025,08/10/2025,Tin thường,44161697,5 m,19 m,,
"Dự án Roman Plaza, Đường Tố Hữu, Phường Đại Mỗ, Nam Từ Liêm, Hà Nội","6,3 tỷ",70 m²,2 phòng,2 phòng,,Sổ đỏ/ Sổ hồng.,Đầy đủ.,20/10/2025,04/11/2025,Tin thường,44105930,,,Đông - Nam,Tây - Bắc
"Đường Minh Khai, Phường Minh Khai, Hai Bà Trưng, Hà Nội","11,2 tỷ",47 m²,3 phòng,3 phòng,3 tầng,Sổ đỏ/ Sổ hồng,Đầy đủ,05/10/2025,15/10/2025,Tin thường,44101541,"3,7 m",15 m,,
"Đường Trương Định, Phường Trương Định, Hai Bà Trưng, Hà Nội",29 tỷ,100 m²,7 phòng,9 phòng,8 tầng,Sổ đỏ/ Sổ hồng,Đầy đủ,25/09/2025,10/10/2025,Tin thường,44105921,,,,
"Đường Xuân Thủy, Phường Dịch Vọng Hậu, Cầu Giấy, Hà Nội","10,5 tỷ",42 m²,4 phòng,,4 tầng,Sổ đỏ/ Sổ hồng,Đầy đủ,25/09/2025,05/10/2025,Tin thường,44105922,,"2,5 m",,
"Thái Lai, Xã Minh Trí, Sóc Sơn, Hà Nội","21,5 triệu/m²",90 m²,,,,Sổ đỏ/ Sổ hồng,7. 7.,25/09/2025,05/10/2025,Tin thường,44105308,"4,48 m",7 m,,
"Đông Dương Residence, Quốc lộ 32, Đức Thượng, Hoài Đức, Hà Nội",Thỏa thuận,80 m²,6 phòng,5 phòng,5 tầng,Sổ đỏ/ Sổ hồng,Không nội thất,06/10/2025,16/10/2025,Tin thường,43827914,5 m,24 m,Đông - Bắc,Đông - Bắc
"KĐT Xa La, Phố Phùng Hưng, Phường Phúc La, Hà Đông, Hà Nội","12,6 tỷ",43 m²,1 phòng,1 phòng,1 tầng,Sổ đỏ/ Sổ hồng,Cơ bản,25/09/2025,05/10/2025,Tin thường,44105912,10 m,12 m,,
"Phố Xã Đàn, Phường Kim Liên, Đống Đa, Hà Nội","8,78 tỷ",60 m²,,,4 tầng,Sổ đỏ/ Sổ hồng,,09/10/2025,19/10/2025,Tin thường,43957967,5 m,,,
"Phố Cự Lộc, Phường Nhân Chính, Thanh Xuân, Hà Nội","1,1 tỷ",55 m²,2 phòng,1 phòng,,Sổ đỏ/ Sổ hồng,Đầy đủ,25/09/2025,10/10/2025,Tin thường,39558259,,,,
"Dự án KĐT Định Công, Đường Trần Nguyên Đán, Phường Định Công, Hoàng Mai, Hà Nội","25,5 tỷ",79 m²,4 phòng,4 phòng,5 tầng,Sổ đỏ/ Sổ hồng.,Đầy đủ.,09/10/2025,19/10/2025,Tin thường,42403687,"4,8 m",5 m,,
"Đường Đồng Bèn, Xã Đông Xuân, Quốc Oai, Hà Nội",Thỏa thuận,"1.080,1 m²",,,,Sổ đỏ/ Sổ hồng,,01/10/2025,11/10/2025,Tin thường,44158317,,,,
"Hei Tower, Ngụy Như Kon Tum, Nhân Chính, Thanh Xuân, Hà Nội","7,6 tỷ",90 m²,2 phòng,2 phòng,,Sổ đỏ/ Sổ hồng,Đầy đủ,30/09/2025,10/10/2025,Tin thường,44146836,,,Đông - Bắc,Tây - Nam
"Xã Vạn Phúc, Thanh Trì, Hà Nội","4,65 tỷ",75 m²,3 phòng,2 phòng,3 tầng,Sổ đỏ/ Sổ hồng,,01/10/2025,11/10/2025,Tin thường,44158315,7 m,4 m,,Tây - Bắc
"Dự án Eco Dream, Xã Tân Triều, Thanh Trì, Hà Nội","6,9 tỷ",95 m²,3 phòng,2 phòng,,Sổ đỏ/ Sổ hồng,Đầy đủ,01/10/2025,11/10/2025,Tin thường,44158310,,,Tây - Nam,Đông - Bắc
"Đường Văn Phú, Phường Phú La, Hà Đông, Hà Nội","5,8 tỷ",33 m²,2 phòng,2 phòng,2 tầng,Sổ đỏ/ Sổ hồng,Đầy đủ,20/10/2025,04/11/2025,Tin thường,44158304,4 m,2 m,,Đông - Nam
,,,,,,,,,,,,,,,
"Golden Westlake, 151, Đường Thụy Khuê, Phường Thụy Khuê, Tây Hồ, Hà Nội","11,6 tỷ",113 m²,2 phòng,2 phòng,,Sổ đỏ/ Sổ hồng,Đầy đủ,09/10/2025,19/10/2025,Tin thường,41694457,,,,
"Đường Minh Khai, Phường Thanh Lương, Hai Bà Trưng, Hà Nội","7,25 tỷ",31 m²,4 phòng,4 phòng,5 tầng,Sổ đỏ/ Sổ hồng,Đầy đủ,20/09/2025,05/10/2025,Tin thường,43914320,"3,8 m","2,5 m",Đông,Nam
"Đường Long Biên 1, Phường Long Biên, Long Biên, Hà Nội",53 tỷ,250 m²,,,,Sổ đỏ/ Sổ hồng,,20/09/2025,20/10/2025,Tin thường,43913046,13 m,4 m,,Đông - Nam
"Đường Kim Ngưu, Phường Thanh Lương, Hai Bà Trưng, Hà Nội","16,3 tỷ",45 m²,3 phòng,4 phòng,4 tầng,Sổ đỏ/ Sổ hồng,Đầy đủ,20/09/2025,05/10/2025,Tin thường,43914232,"2,7 m",10 m,Tây,Tây
"Phố Thái Hà, Phường Láng Hạ, Đống Đa, Hà Nội",20 tỷ,100 m²,,,,,,12/10/2025,22/10/2025,Tin thường,43974227,"6,2 m",,,
"Đường Trường Chinh, Phường Khương Thượng, Đống Đa, Hà Nội",15 tỷ,50 m²,,,3 tầng,Sổ đỏ/ Sổ hồng,,26/09/2025,06/10/2025,Tin thường,44033679,"4,5 m",6 m,,
"Đường Khuất Duy Tiến, Phường Thanh Xuân Bắc, Thanh Xuân, Hà Nội",24 tỷ,110 m²,,,4 tầng,,,23/09/2025,03/10/2025,Tin thường,43625077,5 m,6 m,,
"Đường Nguyễn Trãi, Phường Nhân Chính, Thanh Xuân, Hà Nội",14 tỷ,70 m²,,,3 tầng,Sổ đỏ/ Sổ hồng,,23/09/2025,03/10/2025,Tin thường,43736216,"6,8 m",,,
"Vinhomes Metropolis - Liễu Giai, Số 29, Phố Liễu Giai, Phường Ngọc Khánh, Ba Đình, Hà Nội",92 tỷ,360 m²,,,,Sổ đỏ/ Sổ hồng,,11/10/2025,21/10/2025,Tin thường,43132763,,,,
"Phố Giảng Võ, Phường Giảng Võ, Ba Đình, Hà Nội",65 tỷ,140 m²,,,,- Sổ đỏ chính chủ vuông đẹp sẵn sàng giao dịch.,,11/10/2025,21/10/2025,Tin thường,43090452,12 m,8 m,,
"Đường Nguyễn Ngọc Nại, Phường Khương Mai, Thanh Xuân, Hà Nội",18 tỷ,80 m²,,,,Sổ đỏ/ Sổ hồng,,23/09/2025,03/10/2025,Tin thường,43101344,7 m,5 m,,
"Đường Phúc Xá, Phường Phúc Xá, Ba Đình, Hà Nội",8 tỷ,40 m²,3 phòng,,5 tầng,Sổ đỏ/ Sổ hồng,,11/10/2025,21/10/2025,Tin thường,42323283,4 m,4 m,,
"Ngõ 56, Đường Lê Quang Đạo, Phường Phú Đô, Nam Từ Liêm, Hà Nội",38 tỷ,120 m²,,,,Sổ đỏ/ Sổ hồng,,11/10/2025,21/10/2025,Tin thường,43076858,11 m,12 m,,
"Đường Nguyễn Xiển, Phường Hạ Đình, Thanh Xuân, Hà Nội",55 tỷ,170 m²,,,10 tầng,Sổ đỏ/ Sổ hồng,,11/10/2025,21/10/2025,Tin thường,42468285,6 m,10 m,,
"Dự án Vinhomes Ocean Park Gia Lâm, Xã Dương Xá, Gia Lâm, Hà Nội","4,35 tỷ",63 m²,,,,Sổ đỏ/ Sổ hồng,Đầy đủ,23/09/2025,23/10/2025,Tin thường,44088325,,,Đông - Bắc,Đông - Bắc
"The One Residence - Gamuda Garden, Trần Phú, Hoàng Mai, Hà Nội","7,45 tỷ",103 m²,,,,Sổ đỏ/ Sổ hồng,,04/10/2025,14/10/2025,Tin thường,43987423,,,,
"Thôn 6, Đường Phú Cát, Xã Phú Cát, Quốc Oai, Hà Nội",Thỏa thuận,346 m²,,,,Sổ đỏ/ Sổ hồng.,,14/10/2025,24/10/2025,Tin thường,40332544,17 m,5 m,,
"Phường Tây Mỗ, Nam Từ Liêm, Hà Nội",8 tỷ,68 m²,5 phòng,5 phòng,5 tầng,Sổ đỏ/ Sổ hồng,Đầy đủ,23/09/2025,03/10/2025,Tin thường,43156282,5 m,5 m,,
"Athena Complex Pháp Vân, Ngọc Hồi, Hoàng Liệt, Hoàng Mai, Hà Nội","4,5 tỷ",66 m²,2 phòng,2 phòng,,Hợp đồng mua bán,Cơ bản,23/09/2025,23/10/2025,Tin thường,44088282,,,,Tây
"Masteri Waterfront, Quốc Lộ 5B, Đa Tốn, Gia Lâm, Hà Nội","4,9 tỷ",62 m²,2 phòng,2 phòng,,Sổ đỏ/ Sổ hồng,Đầy đủ,23/09/2025,23/10/2025,Tin thường,44088307,,,,
"Ngõ 106, Đường Hoàng Quốc Việt, Phường Nghĩa Đô, Cầu Giấy, Hà Nội","18,5 tỷ",65 m²,,,6 tầng,Sổ đỏ/ Sổ hồng,,08/10/2025,18/10/2025,Tin thường,44088292,,,,
"N01-T2 Ngoại Giao Đoàn, Phường Xuân Tảo, Bắc Từ Liêm, Hà Nội",100 triệu/m²,132 m²,3 phòng,2 phòng,,Sổ đỏ/ Sổ hồng,Cơ bản,23/09/2025,03/10/2025,Tin thường,44088287,,,Nam,Bắc
"Đường Đặng Vũ Hỷ, Phường Thượng Thanh, Long Biên, Hà Nội","4,8 tỷ",36 m²,,,,Sổ đỏ/ Sổ hồng,,23/09/2025,03/10/2025,Tin thường,44087865,"6,5 m",,,
"Đường Quốc lộ 32, Xã Tân Lập, Đan Phượng, Hà Nội",159 triệu/m²,"68,4 m²",,,,Sổ đỏ/ Sổ hồng,,13/10/2025,23/10/2025,Tin thường,43780314,"5,7 m",9 m,,Đông - Bắc
"Hoàng Công, Kiến Hưng, Hà Đông, Hà Nội",12 tỷ,50 m²,,,,Sổ đỏ/ Sổ hồng,,11/09/2025,11/10/2025,Tin thường,43989392,"4,5 m",7 m,,Nam
"Phố Trần Quốc Hoàn, Phường Dịch Vọng Hậu, Cầu Giấy, Hà Nội",21 tỷ,58 m²,4 phòng,4 phòng,4 tầng,Sổ đỏ/ Sổ hồng,Đầy đủ,22/09/2025,02/10/2025,Tin thường,44012433,5 m,5 m,Nam,Nam
"Đường Xuân Diệu, Phường Quảng An, Tây Hồ, Hà Nội",28 tỷ,68 m²,8 phòng,10 phòng,9 tầng,Sổ đỏ/ Sổ hồng,Đầy đủ,22/09/2025,02/10/2025,Tin thường,44082171,5 m,3 m,Nam,Nam
"Phố Từ Hoa, Phường Quảng An, Tây Hồ, Hà Nội",36 tỷ,79 m²,3 phòng,3 phòng,3 tầng,Sổ đỏ/ Sổ hồng,Đầy đủ,26/09/2025,06/10/2025,Tin thường,44116510,"4,8 m",2 m,,
"Dự án Chung cư The Senique Hanoi , Xã Dương Xá, Gia Lâm, Hà Nội",Thỏa thuận,130 m²,,,,Hợp đồng mua bán,Nội thất bàn giao cao cấp từ chủ đầu tư (có thể tùy chọn hoàn thiện theo yêu cầu).,28/09/2025,08/10/2025,Tin thường,44128341,,,Đông - Nam,Đông - Nam
"Đường Xuân La, Phường Xuân La, Tây Hồ, Hà Nội",29 tỷ,95 m²,6 phòng,7 phòng,6 tầng,Sổ đỏ/ Sổ hồng,Đầy đủ,28/09/2025,08/10/2025,Tin thường,43720266,5 m,5 m,,
"Đường Trần Thái Tông, Phường Dịch Vọng Hậu, Cầu Giấy, Hà Nội",85 tỷ,140 m²,9 phòng,10 phòng,,Sổ đỏ/ Sổ hồng,Đầy đủ,28/09/2025,08/10/2025,Tin thường,43831870,7 m,8 m,,
"Phố Bạch Mai, Phường Cầu Dền, Hai Bà Trưng, Hà Nội",46 tỷ,130 m²,,,5 tầng,Sổ đỏ/ Sổ hồng,,28/09/2025,08/10/2025,Tin thường,44131739,,,,
"Đường Xuân La, Phường Xuân La, Tây Hồ, Hà Nội","27,9 tỷ",88 m²,8 phòng,10 phòng,7 tầng,Sổ đỏ/ Sổ hồng,Đầy đủ,28/09/2025,08/10/2025,Tin thường,43927909,5 m,4 m,,Đông
"Đường Lạc Long Quân, Phường Nhật Tân, Tây Hồ, Hà Nội","23,6 tỷ",70 m²,10 phòng,10 phòng,7 tầng,Sổ đỏ/ Sổ hồng,Đầy đủ,28/09/2025,08/10/2025,Tin thường,43927146,"4,5 m",3 m,Nam,
"Đường Âu Cơ, Phường Quảng An, Tây Hồ, Hà Nội",330 tỷ,1.000 m²,1 phòng,2 phòng,1 tầng,Sổ đỏ/ Sổ hồng,Không nội thất,21/10/2025,05/11/2025,Tin thường,44044481,"17,5 m",6 m,Đông - Bắc,Đông - Bắc
"Khu công nghiệp Bắc Phú Cát - Hà Nội, Phú Cát, Quốc Oai, Hà Nội",Thỏa thuận,150 m²,,,,Sổ đỏ/ Sổ hồng,,29/09/2025,09/10/2025,Tin thường,44140764,,,,
"Đường An Dương Vương, Phường Phú Thượng, Tây Hồ, Hà Nội",30 tỷ,187 m²,,,,Sổ đỏ/ Sổ hồng,,20/10/2025,04/11/2025,Tin thường,43400658,8 m,4 m,,Tây
"Dự án Thành Phố Giao Lưu, Đường Phạm Văn Đồng, Phường Cổ Nhuế 1, Bắc Từ Liêm, Hà Nội",87 tỷ,234 m²,,,4 tầng,Sổ đỏ/ Sổ hồng,Đầy đủ,29/09/2025,09/10/2025,Tin thường,44041979,,25 m,,Đông - Nam
"Đường Đại lộ Thăng Long, Xã Vân Côn, Hoài Đức, Hà Nội",Thỏa thuận,40 m²,,,,Sổ đỏ/ Sổ hồng,,19/10/2025,03/11/2025,Tin thường,37339775,3 m,13 m,,
"The Garden Hills - 99 Trần Bình, Phố Trần Bình, Phường Mỹ Đình 2, Nam Từ Liêm, Hà Nội",6 tỷ,70 m²,2 phòng,2 phòng,,Sổ đỏ/ Sổ hồng,Đầy đủ,29/09/2025,09/10/2025,Tin thường,44078322,,,,
"Dự án Thanh Hà Mường Thanh, Phường Kiến Hưng, Hà Đông, Hà Nội",32 tỷ,127 m²,5 phòng,4 phòng,5 tầng,Hợp đồng mua bán,Đầy đủ,21/09/2025,06/10/2025,Tin thường,42781738,,30 m,,
"Đường DH04, Xã Vân Côn, Hoài Đức, Hà Nội",Thỏa thuận,"56,4 m²",,,,Sổ đỏ/ Sổ hồng,,09/10/2025,19/10/2025,Tin thường,43341607,"3,8 m",5 m,,Đông - Nam
"Xã Vân Hà, Đông Anh, Hà Nội",55 triệu/m²,400 m²,,,,Sổ đỏ/ Sổ hồng,Cơ bản,02/10/2025,01/11/2025,Tin thường,43921125,17 m,3 m,,Đông - Nam
"TMC Smart Home, Nguyễn Đình Tứ, Xuân Đỉnh, Bắc Từ Liêm, Hà Nội",Thỏa thuận,72 m²,2 phòng,2 phòng,,Sổ đỏ/ Sổ hồng,,29/09/2025,14/10/2025,Tin thường,44136091,,,Đông - Nam,Đông
"Khu đô thị mới Đại Thanh, Tả Thanh Oai, Thanh Trì, Hà Nội","3,3 tỷ",60 m²,2 phòng,2 phòng,,Sổ đỏ/ Sổ hồng,Đầy đủ,26/09/2025,06/10/2025,Tin thường,44121509,,,Đông - Nam,Tây - Bắc
"Đường Ngọa Long, Phường Minh Khai, Bắc Từ Liêm, Hà Nội",13 tỷ,80 m²,,,,Sổ đỏ/ Sổ hồng,,08/10/2025,18/10/2025,Tin thường,43088277,8 m,4 m,,
"Đường Trương Định, Phường Giáp Bát, Hoàng Mai, Hà Nội",39 tỷ,130 m²,,,7 tầng,Sổ đỏ/ Sổ hồng,Đầy đủ,26/09/2025,06/10/2025,Tin thường,44121507,6 m,,,
"Phố Xốm, Phường Phú Lãm, Hà Đông, Hà Nội",33 tỷ,142 m²,,7 phòng,,Sổ đỏ/ Sổ hồng,Đầy đủ,26/09/2025,06/10/2025,Tin thường,44121506,,,,Tây - Bắc
"Đường Tu Hoàng, Phường Xuân Phương, Nam Từ Liêm, Hà Nội.",210 triệu/m²,41 m²,,,,Sổ đỏ/ Sổ hồng,,08/10/2025,18/10/2025,Tin thường,41402397,,,,
"Phường Phú Diễn, Bắc Từ Liêm, Hà Nội","8,8 tỷ",42 m²,4 phòng,,5 tầng,Sổ đỏ/ Sổ hồng,,21/10/2025,05/11/2025,Tin thường,44017889,,,,
"Phường Phương Canh, Quận Nam Từ Liêm, Hà Nội",156 triệu/m²,50 m²,,,,Sổ đỏ/ Sổ hồng,,21/10/2025,05/11/2025,Tin thường,44018115,,"2,5 m",,
"Đường Hoàng Quốc Việt, Phường Nghĩa Đô, Cầu Giấy, Hà Nội",33 tỷ,80 m²,6 phòng,7 phòng,6 tầng,Sổ đỏ/ Sổ hồng,Full,24/09/2025,09/10/2025,Tin thường,44102248,,,,
"Phố Xã Đàn, Phường Ô Chợ Dừa, Đống Đa, Hà Nội","18,5 tỷ",45 m²,4 phòng,4 phòng,5 tầng,Sổ đỏ/ Sổ hồng,Đầy đủ,26/09/2025,06/10/2025,Tin thường,43653161,5 m,15 m,,
"Đường Văn Trì, Phường Minh Khai, Quận Bắc Từ Liêm, Hà Nội",160 triệu/m²,40 m²,,,,Sổ đỏ/ Sổ hồng,,21/10/2025,05/11/2025,Tin thường,44018044,,,,
"Kita Capital Crown - Ciputra, Phường Phú Thượng, Quận Tây Hồ, Hà Nội","52,5 tỷ",140 m²,6 phòng,6 phòng,5 tầng,Sổ đỏ/ Sổ hồng,Không nội thất,15/10/2025,22/10/2025,Tin VIP Vàng,43917626,7 m,"17,5 m",Đông - Nam,Đông - Nam
"Dự án An Bình City, Đường Phạm Văn Đồng, Phường Cổ Nhuế 1, Bắc Từ Liêm, Hà Nội",7 tỷ,90 m²,3 phòng,2 phòng,,Sổ đỏ/ Sổ hồng,Đầy đủ,16/10/2025,23/10/2025,Tin VIP Vàng,39667628,,,Nam,Bắc
"KĐT Tây Hồ Tây - Starlake Hà Nội, Võ Chí Công, Xuân La, Tây Hồ, Hà Nội",Thỏa thuận,230 m²,,,,Sổ đỏ/ Sổ hồng,,17/10/2025,24/10/2025,Tin VIP Vàng,43803088,,,,
"Dự án Vinhomes Ocean Park Gia Lâm, Xã Dương Xá, Gia Lâm, Hà Nội","8,2 tỷ",65 m²,1 phòng,1 phòng,1 tầng,Sổ đỏ/ Sổ hồng,Không nội thất,22/10/2025,29/10/2025,Tin VIP Bạc,43896231,10 m,20 m,,
"KĐT Tây Hồ Tây - Starlake Hà Nội, Phường Xuân La, Tây Hồ, Hà Nội",Thỏa thuận,285 m²,,,,Sổ đỏ/ Sổ hồng,,14/10/2025,21/10/2025,Tin thường,43970223,,,,
"Dự án Lumière Orient Pearl, Thị trấn Trâu Quỳ, Gia Lâm, Hà Nội",Thỏa thuận,45 m²,1 phòng,1 phòng,,Sổ đỏ/ Sổ hồng,Đầy đủ,01/10/2025,08/10/2025,Tin thường,44160676,,,,
"Dự án Chung cư Han Jardin, Đường Nguyễn Văn Huyên, Phường Xuân Tảo, Bắc Từ Liêm, Hà Nội",Thỏa thuận,"101,2 m²",3 phòng,,,,Full nội thất cao cấp.,17/10/2025,24/10/2025,Tin VIP Vàng,40057625,,,,
"Kim Sơn, Sơn Tây, Hà Nội","1,8 tỷ",100 m²,,,,Sổ đỏ/ Sổ hồng,,13/10/2025,12/11/2025,Tin thường,44159569,6 m,,,
"Dự án Royal City, Đường Nguyễn Trãi, Phường Thượng Đình, Thanh Xuân, Hà Nội","12,5 tỷ",131 m²,3 phòng,2 phòng,,Sổ đỏ/ Sổ hồng,Đầy đủ,18/10/2025,25/10/2025,Tin VIP Vàng,43671230,,,,Đông - Nam
"Đường Định Công, Phường Định Công, Hoàng Mai, Hà Nội","8,85 tỷ",31 m²,5 phòng,4 phòng,6 tầng,Sổ đỏ/ Sổ hồng.,Đầy đủ,12/10/2025,19/10/2025,Tin thường,44094857,"3,3 m",2 m,,
"Đường Trần Khát Chân, Phường Thanh Lương, Hai Bà Trưng, Hà Nội","7,6 tỷ","33,5 m²",3 phòng,5 phòng,4 tầng,Sổ đỏ/ Sổ hồng,Đầy đủ,20/09/2025,05/10/2025,Tin thường,43966452,,"2,5 m",,
"đường Tây Mỗ, Phường Đại Mỗ, Nam Từ Liêm, Hà Nội","7,77 tỷ",74 m²,,,,Sổ đỏ/ Sổ hồng,,01/10/2025,11/10/2025,Tin thường,42498745,"4,6 m",3 m,,
"Phố Mạc Thị Bưởi, Phường Vĩnh Tuy, Hai Bà Trưng, Hà Nội","7,9 tỷ",30 m²,2 phòng,3 phòng,4 tầng,Sổ đỏ/ Sổ hồng,Cơ bản,20/09/2025,05/10/2025,Tin thường,43966254,6 m,"2,5 m",,
"Đường Nguyễn Khoái, Phường Thanh Trì, Hoàng Mai, Hà Nội","2,2 tỷ",20 m²,2 phòng,3 phòng,3 tầng,Sổ đỏ/ Sổ hồng,Không nội thất,01/10/2025,11/10/2025,Tin thường,43914152,"4,05 m","2,5 m",Đông - Nam,Đông - Nam
"Khu đô thị Chi Đông, Cao tốc Thăng Long Nội Bài, Chi Đông, Mê Linh, Hà Nội",60 triệu/m²,197 m²,6 phòng,4 phòng,,Sổ đỏ/ Sổ hồng,Không nội thất,25/09/2025,25/10/2025,Tin thường,44107926,7 m,7 m,Tây,Tây
"Gold Tower, 275, Đường Nguyễn Trãi, Phường Thanh Xuân Trung, Thanh Xuân, Hà Nội","10,6 tỷ",104 m²,3 phòng,2 phòng,,Sổ đỏ/ Sổ hồng,Đầy đủ,01/10/2025,11/10/2025,Tin thường,40889377,,,,
"Đường Trương Định, Phường Minh Khai, Hai Bà Trưng, Hà Nội","5,2 tỷ",20 m²,3 phòng,4 phòng,5 tầng,Sổ đỏ/ Sổ hồng,Cơ bản,01/10/2025,11/10/2025,Tin thường,44060469,"3,3 m","2,5 m",Nam,Nam
"Xã Tiên Dương, Đông Anh, Hà Nội",4 tỷ,60 m²,,,,Sổ đỏ/ Sổ hồng,,24/09/2025,09/10/2025,Tin thường,43961226,"5,2 m",6 m,,Bắc
"Đường Hồ Tùng Mậu, Phường Mai Dịch, Cầu Giấy, Hà Nội","10,8 tỷ",36 m²,4 phòng,,4 tầng,Sổ đỏ/ Sổ hồng,Trang bị full nội thất cao cấp,07/10/2025,14/10/2025,Tin thường,44149074,"3,8 m","2,5 m",Đông - Nam,Đông - Nam
"Dự án Imperia Sola Park, Phường Tây Mỗ, Nam Từ Liêm, Hà Nội","5,86 tỷ",76 m²,3 phòng,2 phòng,,Hợp đồng mua bán,,01/10/2025,11/10/2025,Tin thường,44158291,,,,
"Đường Xuân Đỉnh, Phường Xuân Đỉnh, Bắc Từ Liêm, Hà Nội",23 tỷ,85 m²,,,4 tầng,Sổ đỏ/ Sổ hồng,"Trang bị đầy đủ nội thất như điều hòa, tủ lạnh, giường...",11/10/2025,21/10/2025,Tin thường,41936396,5 m,6 m,,
"Đường Trần Quang Diệu, Phường Ô Chợ Dừa, Đống Đa, Hà Nội",20 tỷ,75 m²,,,7 tầng,Sổ đỏ/ Sổ hồng,,23/09/2025,03/10/2025,Tin thường,41752212,"4,8 m",5 m,,
"Phố Thái Thịnh, Phường Láng Hạ, Đống Đa, Hà Nội",21 tỷ,"81,3 m²",,,3 tầng,Sổ đỏ/ Sổ hồng,,26/09/2025,06/10/2025,Tin thường,41660239,"6,7 m",6 m,,
"Đường Nguyễn Đình Thi, Phường Thụy Khuê, Tây Hồ, Hà Nội",38 tỷ,150 m²,,,,Sổ đỏ/ Sổ hồng,,23/09/2025,03/10/2025,Tin thường,41714335,7 m,5 m,,
"Phường Kim Mã, Ba Đình, Hà Nội",53 tỷ,120 m²,,,,Sổ đỏ/ Sổ hồng,,23/09/2025,03/10/2025,Tin thường,41518569,10 m,,,
"Phố Tôn Đức Thắng, Phường Hàng Bột, Đống Đa, Hà Nội",60 tỷ,130 m²,,,5 tầng,Sổ đỏ/ Sổ hồng,,26/09/2025,06/10/2025,Tin thường,41480916,9 m,,,
"Xã Phú Cát, Quốc Oai, Hà Nội",Thỏa thuận,109 m²,,,,,,11/10/2025,21/10/2025,Tin thường,43957277,5 m,11 m,,
"Dự án Vinhomes Global Gate, Đường Cổ Loa, Xã Đông Hội, Đông Anh, Hà Nội",355 triệu/m²,80 m²,,,,Hợp đồng mua bán,,30/09/2025,30/10/2025,Tin thường,44150674,,,,Tây - Nam
"Dự án Louis City Hoàng Mai, Đường Tân Mai, Phường Hoàng Văn Thụ, Hoàng Mai, Hà Nội",29 tỷ,"93,8 m²",4 phòng,6 phòng,5 tầng,Sổ đỏ/ Sổ hồng,Cơ bản,30/09/2025,10/10/2025,Tin thường,43927137,5 m,12 m,Tây,Tây
"Dự án Vinhomes Ocean Park Gia Lâm, Xã Dương Xá, Gia Lâm, Hà Nội","3,72 tỷ",59 m²,2 phòng,1 phòng,,Sổ đỏ/ Sổ hồng,Đầy đủ.,30/09/2025,10/10/2025,Tin thường,44150672,,,,
"Đường 800A, Phường Nghĩa Đô, Cầu Giấy, Hà Nội",Thỏa thuận,220 m²,30 phòng,33 phòng,8 tầng,Sổ đỏ/ Sổ hồng,Đầy đủ,25/09/2025,05/10/2025,Tin thường,44105907,"9,7 m",,,
"Phố Đại La, Phường Minh Khai, Hai Bà Trưng, Hà Nội","8,6 tỷ",33 m²,4 phòng,4 phòng,5 tầng,Sổ đỏ/ Sổ hồng,Đầy đủ,25/09/2025,05/10/2025,Tin thường,44105905,"5,5 m",4 m,,
"Đường Thiết Bình, Xã Vân Hà, Đông Anh, Hà Nội","3,95 tỷ",61 m²,,,,Sổ đỏ/ Sổ hồng.,,10/10/2025,25/10/2025,Tin thường,42918293,"4,58 m","2,5 m",,
"Dự án Roman Plaza, Đường Tố Hữu, Phường Đại Mỗ, Nam Từ Liêm, Hà Nội","6,5 tỷ",70 m²,2 phòng,2 phòng,,Sổ đỏ/ Sổ hồng.,Full nội thất.,25/09/2025,05/10/2025,Tin thường,41921536,,,Đông - Bắc,Tây - Nam
"Phố 8/3, Phường Quỳnh Mai, Hai Bà Trưng, Hà Nội","12,9 tỷ",40 m²,4 phòng,4 phòng,5 tầng,Sổ đỏ chính chủ,Cơ bản,25/09/2025,05/10/2025,Tin thường,37780880,"3,5 m",4 m,,
"Dự án Eurowindow River Park, Đường 5, Xã Đông Hội, Đông Anh, Hà Nội","3,1 tỷ","67,6 m²",2 phòng,2 phòng,,Đang chờ sổ,,24/09/2025,04/10/2025,Tin thường,44097101,,,Đông - Nam,Tây - Bắc
"Dự án Westpoint - Nam đường 32, Thị trấn Trạm Trôi, Hoài Đức, Hà Nội",Thỏa thuận,75 m²,,,4 tầng,Hợp đồng mua bán,,25/09/2025,05/10/2025,Tin thường,43174945,6 m,,,Đông - Bắc
"đường Liên Mạc, Phường Liên Mạc, Bắc Từ Liêm, Hà Nội","5,15 tỷ",31 m²,5 phòng,3 phòng,5 tầng,Sổ đỏ/ Sổ hồng,,25/09/2025,05/10/2025,Tin thường,44105893,"4,3 m",2 m,,
"Phố Khương Hạ, Phường Khương Trung, Thanh Xuân, Hà Nội","7,15 tỷ",46 m²,3 phòng,,5 tầng,Sổ đỏ/ Sổ hồng,Đầy đủ,25/09/2025,05/10/2025,Tin thường,44105887,,,,
"Đường Cổ Linh, Phường Thạch Bàn, Long Biên, Hà Nội","12,8 tỷ",70 m²,,,,Sổ đỏ/ Sổ hồng,,25/09/2025,05/10/2025,Tin thường,43851159,5 m,4 m,,
,,,,,,,,,,,,,,,
"Đường An Dương Vương, Phường Phú Thượng, Tây Hồ, Hà Nội",Thỏa thuận,92 m²,3 phòng,4 phòng,4 tầng,Sổ đỏ/ Sổ hồng,Đầy đủ,28/09/2025,08/10/2025,Tin thường,44018988,5 m,3 m,Đông,Đông
"Đường Trích Sài, Phường Thụy Khuê, Tây Hồ, Hà Nội","11,4 tỷ",50 m²,7 phòng,5 phòng,5 tầng,Sổ đỏ/ Sổ hồng,Đầy đủ,28/09/2025,08/10/2025,Tin thường,43841391,4 m,3 m,Đông,Đông
"Đường Thạch Bàn, Phường Thạch Bàn, Long Biên, Hà Nội","7,2 tỷ",31 m²,2 phòng,2 phòng,5 tầng,Sổ đỏ/ Sổ hồng,,25/09/2025,25/10/2025,Tin thường,44106671,,"3,5 m",,
"Dự án Eurowindow River Park, Đường 5, Xã Đông Hội, Đông Anh, Hà Nội",27 tỷ,135 m²,,,,,,18/10/2025,02/11/2025,Tin thường,42602392,,,,Đông - Nam
"Đường Vành Đai 3.5, Xã Vân Canh, Hoài Đức, Hà Nội",Thỏa thuận,136 m²,,,,Sổ đỏ/ Sổ hồng,,11/10/2025,21/10/2025,Tin thường,43187140,22 m,24 m,,Đông - Bắc
"Đường An Trai, Xã Vân Canh, Hoài Đức, Hà Nội",Thỏa thuận,60 m²,,,,Sổ đỏ/ Sổ hồng,,28/09/2025,08/10/2025,Tin thường,41406958,"4,55 m","16,5 m",,Nam
"Đường Cổ Linh, Phường Thạch Bàn, Long Biên, Hà Nội","7,8 tỷ",30 m²,3 phòng,4 phòng,6 tầng,Sổ đỏ/ Sổ hồng,Đầy đủ,28/09/2025,08/10/2025,Tin thường,43625073,,,,Tây
"Đường Thạch Bàn, Phường Thạch Bàn, Long Biên, Hà Nội","8,2 tỷ","50,5 m²",,,,Sổ đỏ/ Sổ hồng,,08/10/2025,18/10/2025,Tin thường,43625018,8 m,,,
"Đỗ Thuận, Phường Cầu Dền, Hai Bà Trưng, Hà Nội","15,8 tỷ",57 m²,,,6 tầng,Sổ đỏ/ Sổ hồng,,28/09/2025,08/10/2025,Tin thường,43925698,,,,
"Đường Minh Khai, Phường Minh Khai, Hai Bà Trưng, Hà Nội","29,9 tỷ",89 m²,28 phòng,28 phòng,7 tầng,Sổ đỏ/ Sổ hồng,Đầy đủ,23/09/2025,03/10/2025,Tin thường,44069321,,,,
"Đường Mậu Lương, Phường Kiến Hưng, Hà Đông, Hà Nội","11,3 tỷ",50 m²,,,,Sổ đỏ/ Sổ hồng,,23/09/2025,03/10/2025,Tin thường,43049847,4 m,,,
"FLC Green Apartment, 18, Đường Phạm Hùng, Phường Mỹ Đình 2, Nam Từ Liêm, Hà Nội","64,5 triệu/m²",60 m²,2 phòng,2 phòng,,Hợp đồng mua bán,Đầy đủ,20/09/2025,20/10/2025,Tin thường,44062770,,,Đông - Nam,Tây - Bắc
"Đường Triệu Việt Vương, Phường Bùi Thị Xuân, Hai Bà Trưng, Hà Nội",195 tỷ,150 m²,,,11 tầng,Sổ đỏ/ Sổ hồng,,16/10/2025,31/10/2025,Tin thường,44088259,"6,5 m",,,
"Đường Lê Văn Lương, Phường Trung Hòa, Cầu Giấy, Hà Nội",20 tỷ,98 m²,22 phòng,22 phòng,,Sổ đỏ/ Sổ hồng,Đầy đủ,23/09/2025,03/10/2025,Tin thường,44078099,,,,
"Dự án KĐT Văn Quán, Đường Nguyễn Khuyến, Phường Phúc La, Hà Đông, Hà Nội","5,6 tỷ",96 m²,3 phòng,2 phòng,,Sổ đỏ/ Sổ hồng,,23/09/2025,03/10/2025,Tin thường,42411810,,,,
"Rainbow Building, Đường 19/5, Phường Văn Quán, Hà Đông, Hà Nội",75 triệu/m²,120 m²,3 phòng,2 phòng,,Sổ đỏ/ Sổ hồng,Đầy đủ,21/10/2025,05/11/2025,Tin thường,43532067,,,Đông - Bắc,Tây - Nam
"Dự án Imperia Signature Cổ Loa, Xã Đông Hội, Đông Anh, Hà Nội","3,67 tỷ","33,1 m²",1 phòng,1 phòng,,Sổ đỏ/ Sổ hồng,Cơ bản,23/09/2025,08/10/2025,Tin thường,44082075,,,Đông - Nam,Đông - Nam
"Rainbow Building, Đường 19/5, Phường Văn Quán, Quận Hà Đông, Hà Nội",23 tỷ,400 m²,6 phòng,,,Sổ đỏ/ Sổ hồng,Đầy đủ,21/10/2025,05/11/2025,Tin thường,43549394,,,Đông - Nam,Tây - Bắc
"Dự án Rainbow Building, Phường Văn Quán, Hà Đông, Hà Nội",Thỏa thuận,384 m²,,,,Sổ đỏ,,21/10/2025,05/11/2025,Tin thường,39486418,,,,
"Đường Hoàng Quốc Việt, Phường Cổ Nhuế 1, Bắc Từ Liêm, Hà Nội","9,3 tỷ",42 m²,4 phòng,4 phòng,4 tầng,Sổ đỏ/ Sổ hồng,,11/10/2025,21/10/2025,Tin thường,44141019,"3,5 m","2,5 m",,
"Đường Nguyễn Văn Huyên, Phường Quan Hoa, Cầu Giấy, Hà Nội","7,5 tỷ",100 m²,2 phòng,2 phòng,,Sổ đỏ/ Sổ hồng,Đầy đủ,02/10/2025,12/10/2025,Tin thường,43977375,,,,
"Đường Phùng Khoang, Phường Trung Văn, Nam Từ Liêm, Hà Nội",22 tỷ,73 m²,19 phòng,19 phòng,,Sổ đỏ/ Sổ hồng,Đầy đủ,29/09/2025,29/10/2025,Tin thường,44141010,,,,
"Đường Do Nha, Phường Tây Mỗ, Nam Từ Liêm, Hà Nội",5 tỷ,38 m²,,,,Sổ đỏ/ Sổ hồng,,29/09/2025,09/10/2025,Tin thường,44140971,6 m,"2,5 m",,
"Dự án Vinhomes Skylake, Đường Phạm Hùng, Phường Mỹ Đình 1, Nam Từ Liêm, Hà Nội",6 tỷ,45 m²,1 phòng,1 phòng,,Sổ đỏ/ Sổ hồng,Đầy đủ,13/10/2025,23/10/2025,Tin thường,44054842,,,Đông - Nam,Tây - Bắc
"Hong Kong Tower, 243A, Đường Đê La Thành, Phường Láng Thượng, Đống Đa, Hà Nội","10,4 tỷ",98 m²,2 phòng,2 phòng,,Sổ đỏ/ Sổ hồng,Đầy đủ,14/10/2025,24/10/2025,Tin thường,44042005,,,,
"Fafilm - VNT Tower, Nguyễn Trãi, Khương Trung, Thanh Xuân, Hà Nội",Thỏa thuận,96 m²,3 phòng,2 phòng,,Sổ đỏ/ Sổ hồng,Đầy đủ,29/09/2025,09/10/2025,Tin thường,44141001,,,Tây - Nam,Đông - Bắc
"Đường Lạc Long Quân, Phường Nhật Tân, Tây Hồ, Hà Nội",Thỏa thuận,100 m²,,,6 tầng,,,29/09/2025,09/10/2025,Tin thường,43773688,5 m,,,
"Đường Lạc Long Quân, Phường Xuân La, Tây Hồ, Hà Nội",6 tỷ,60 m²,,,,Sổ đỏ/ Sổ hồng,,04/10/2025,19/10/2025,Tin thường,44057574,"3,2 m",3 m,,Nam
"Đường Nguyễn Đình Chiểu, Phường Lê Đại Hành, Hai Bà Trưng, Hà Nội","77,9 tỷ",100 m²,,,,,,29/09/2025,09/10/2025,Tin thường,43436946,,,,
"Goldmark City, số 136, Đường Hồ Tùng Mậu, Phường Phú Diễn, Bắc Từ Liêm, Hà Nội","6,6 tỷ",86 m²,2 phòng,2 phòng,,Sổ đỏ/ Sổ hồng,Đầy đủ.,16/10/2025,23/10/2025,Tin VIP Vàng,39668261,,,Đông - Nam,Tây - Bắc
"Đường Đội Cấn, Phường Đội Cấn, Ba Đình, Hà Nội","62,5 tỷ",86 m²,12 phòng,12 phòng,10 tầng,Sổ đỏ/ Sổ hồng.,Cơ bản.,18/10/2025,25/10/2025,Tin VIP Vàng,42344171,"7,8 m",12 m,,
"Dự án Solasta Mansion, Đường Tố Hữu, Phường Dương Nội, Hà Đông, Hà Nội",28 tỷ,170 m²,,,,,,16/10/2025,31/10/2025,Tin thường,43605246,,"11,5 m",,Tây - Bắc
"Dự án Lumi Hanoi, Đường Đại lộ Thăng Long, Phường Tây Mỗ, Nam Từ Liêm, Hà Nội",Thỏa thuận,54 m²,2 phòng,,,,,21/10/2025,28/10/2025,Tin VIP Vàng,42984138,,,,
"Goldmark City, Hồ Tùng Mậu, Phú Diễn, Bắc Từ Liêm, Hà Nội","7,5 tỷ",139 m²,3 phòng,2 phòng,,Sổ đỏ/ Sổ hồng,Đầy đủ,11/10/2025,18/10/2025,Tin thường,42956073,,,Đông - Nam,Tây - Bắc
"The Sapphire 2 - Vinhomes Ocean Park, Đa Tốn, Gia Lâm, Hà Nội","3,9 tỷ",55 m²,2 phòng,1 phòng,,Sổ đỏ/ Sổ hồng,Đầy đủ,29/09/2025,06/10/2025,Tin thường,44139906,,,Đông - Nam,Đông - Nam
"Dự án Đông Dương Residence, Đường Quốc lộ 32, Xã Đức Thượng, Hoài Đức, Hà Nội","11,8 tỷ",80 m²,6 phòng,7 phòng,5 tầng,Sổ đỏ/ Sổ hồng,Không nội thất.,20/10/2025,27/10/2025,Tin VIP Vàng,44097550,5 m,12 m,Tây - Nam,Tây - Nam
"Dự án Celestine Westlake, Đường Võ Chí Công, Phường Phú Thượng, Tây Hồ, Hà Nội",152 triệu/m²,84 m²,2 phòng,2 phòng,,Sổ đỏ/ Sổ hồng,Đầy đủ,26/09/2025,03/10/2025,Tin thường,44115161,,,Tây - Bắc,Đông - Nam
"Noble Palace Tây Thăng Long, Tây Thăng Long, Tân Lập, Đan Phượng, Hà Nội",225 triệu/m²,50 m²,,,,Sổ đỏ/ Sổ hồng,Không nội thất,29/09/2025,06/10/2025,Tin thường,44139372,,,,
"The Diamond Residence, 25, Đường Lê Văn Lương, Phường Nhân Chính, Thanh Xuân, Hà Nội",Thỏa thuận,107 m²,3 phòng,2 phòng,,Sổ đỏ/ Sổ hồng,Đầy đủ,17/10/2025,01/11/2025,Tin thường,42104017,,,Đông - Nam,Tây - Bắc
"Đường Cầu Diễn, Phường Phú Diễn, Bắc Từ Liêm, Hà Nội",185 triệu/m²,40 m²,,,,Sổ đỏ/ Sổ hồng,,21/10/2025,05/11/2025,Tin thường,44018191,,,,
"Phố Hồng Tiến, Phường Bồ Đề, Long Biên, Hà Nội",175 tỷ,703 m²,,,,Sổ đỏ,Nt,26/09/2025,06/10/2025,Tin thường,43191048,5 m,,,
"Phường Phú Diễn, Bắc Từ Liêm, Hà Nội","8,8 tỷ",36 m²,3 phòng,4 phòng,5 tầng,Sổ đỏ/ Sổ hồng,,12/10/2025,22/10/2025,Tin thường,44025295,5 m,,,
"Bamboo Airways Tower, 265, Đường Cầu Giấy, Phường Dịch Vọng, Cầu Giấy, Hà Nội",Thỏa thuận,120 m²,3 phòng,2 phòng,,Sổ đỏ/ Sổ hồng,Đầy đủ,14/10/2025,24/10/2025,Tin thường,41113397,,,,
"Đường Hồ Tùng Mậu, Phường Mai Dịch, Cầu Giấy, Hà Nội",39 tỷ,70 m²,,,8 tầng,Sổ đỏ,Nội thất,26/09/2025,06/10/2025,Tin thường,44031364,5 m,,,
"Phố Xã Đàn, Phường Ô Chợ Dừa, Đống Đa, Hà Nội",18 tỷ,46 m²,4 phòng,4 phòng,5 tầng,Sổ đỏ/ Sổ hồng,,10/10/2025,20/10/2025,Tin thường,43806583,"4,5 m",,,
"Đường Nguyễn Xiển, Phường Hạ Đình, Thanh Xuân, Hà Nội",42 tỷ,106 m²,,14 phòng,8 tầng,Sổ đỏ,"Nội thất cao cấp xịn sò, thang máy nhập khẩu.",23/09/2025,03/10/2025,Tin thường,44083832,"8,8 m",,,
"Xã Đồng Quang, Quốc Oai, Hà Nội",Thỏa thuận,"211,3 m²",,,2 tầng,Sổ đỏ/ Sổ hồng,,26/09/2025,06/10/2025,Tin thường,42287113,,,,
"Phố Hàng Chuối, Phường Phạm Đình Hổ, Hai Bà Trưng, Hà Nội","39,5 tỷ",79 m²,,,7 tầng,Sổ đỏ,Nội thất cao cấp.,26/09/2025,06/10/2025,Tin thường,42089336,,,,
"Dự án HPC Landmark 105, Đường Văn Khê, Phường La Khê, Hà Đông, Hà Nội","9,1 tỷ","112,4 m²",3 phòng,2 phòng,,Sổ đỏ/ Sổ hồng,Full.,16/09/2025,16/10/2025,Tin thường,44028829,,,,Đông - Nam
"Đường Đê Trần Khát Chân, Phường Thanh Lương, Hai Bà Trưng, Hà Nội","4,8 tỷ",23 m²,3 phòng,4 phòng,4 tầng,Sổ đỏ/ Sổ hồng,Đầy đủ,01/10/2025,11/10/2025,Tin thường,44060547,"4,4 m",2 m,Tây - Bắc,Tây - Bắc
"Xã Bắc Hồng, Đông Anh, Hà Nội","4,35 tỷ",55 m²,,,,Sổ đỏ/ Sổ hồng,,24/09/2025,24/10/2025,Tin thường,44093520,5 m,"6,5 m",,Tây - Bắc
"Đường Tam Trinh, Phường Mai Động, Hoàng Mai, Hà Nội","7,3 tỷ",31 m²,4 phòng,5 phòng,6 tầng,Sổ đỏ/ Sổ hồng,Đầy đủ,20/09/2025,05/10/2025,Tin thường,43966337,"3,6 m","2,5 m",,
"Phường Phúc Lợi, Long Biên, Hà Nội","5,65 tỷ",36 m²,,,5 tầng,Sổ đỏ.,,01/10/2025,11/10/2025,Tin thường,43643592,6 m,,,
"Dự án An Bình Homeland, Đường Lê Trọng Tấn, Phường Dương Nội, Hà Đông, Hà Nội",85 triệu/m²,"68,6 m²",2 phòng,2 phòng,,Hợp đồng mua bán,Đầy đủ,01/10/2025,16/10/2025,Tin thường,44156434,,,Tây - Bắc,Tây - Nam
"Đa Tốn, Gia Lâm, Hà Nội","6,75 tỷ",68 m²,,,,Sổ đỏ/ Sổ hồng,,25/09/2025,05/10/2025,Tin thường,44112716,5 m,,,
"Đường Nguyễn Khắc Hiếu, Phường Trúc Bạch, Ba Đình, Hà Nội",160 tỷ,217 m²,,,12 tầng,Sổ đỏ/ Sổ hồng,Đầy đủ,16/10/2025,31/10/2025,Tin thường,44011349,"7,5 m",,,
"Đường Cửu Việt 1, Thị trấn Trâu Quỳ, Gia Lâm, Hà Nội",34 tỷ,174 m²,,,,Sổ đỏ/ Sổ hồng,,16/10/2025,31/10/2025,Tin thường,44003674,"8,1 m",,,
"Đường Nguyễn Mậu Tài, Thị trấn Trâu Quỳ, Gia Lâm, Hà Nội","17,9 tỷ",81 m²,,,4 tầng,Sổ đỏ/ Sổ hồng,,26/09/2025,06/10/2025,Tin thường,43980160,6 m,,,
"Đường Thanh Am, Phường Thượng Thanh, Long Biên, Hà Nội","29,6 tỷ",90 m²,,,,Sổ đỏ/ Sổ hồng,,16/10/2025,31/10/2025,Tin thường,43958239,,,,
"Đường Võ Thị Sáu, Phường Thanh Nhàn, Hai Bà Trưng, Hà Nội",4 tỷ,70 m²,2 phòng,1 phòng,,Sổ đỏ/ Sổ hồng,Cơ bản,25/09/2025,05/10/2025,Tin thường,41597238,,,,
"Đường Giải Phóng, Phường Hoàng Liệt, Hoàng Mai, Hà Nội","15,6 tỷ",63 m²,6 phòng,5 phòng,6 tầng,Sổ đỏ/ Sổ hồng,Đầy đủ,25/09/2025,05/10/2025,Tin thường,44002678,"4,3 m",5 m,,
"Phường Phúc Đồng, Long Biên, Hà Nội",17 tỷ,60 m²,4 phòng,4 phòng,5 tầng,Sổ đỏ/ Sổ hồng,Đầy đủ,06/10/2025,16/10/2025,Tin thường,43641980,4 m,12 m,,
"Phố Xã Đàn, Phường Ô Chợ Dừa, Đống Đa, Hà Nội","5,5 tỷ",36 m²,,,2 tầng,Sổ đỏ/ Sổ hồng,,21/09/2025,21/10/2025,Tin thường,44070042,,,,
"thôn Muỗi, Yên Bài, Ba Vì, Hà Nội","7,1 tỷ","416,8 m²",,,,Sổ đỏ/ Sổ hồng,,22/09/2025,07/10/2025,Tin thường,44074701,,,,
"Dự án KĐT Linh Đàm, Phường Đại Kim, Hoàng Mai, Hà Nội",65 tỷ,255 m²,,,4 tầng,Sổ đỏ/ Sổ hồng,Đầy đủ,11/10/2025,21/10/2025,Tin thường,44105875,"12,5 m",,,
"Dự án Khu tái định cư Xuân La, Phường Xuân La, Tây Hồ, Hà Nội","5,1 tỷ",68 m²,2 phòng,2 phòng,,,Nội thất cơ bản.,25/09/2025,05/10/2025,Tin thường,44100944,,,,
"Green Pearl 378 Minh Khai, Minh Khai, Vĩnh Tuy, Hai Bà Trưng, Hà Nội","30,5 tỷ",74 m²,,,3 tầng,Sổ đỏ/ Sổ hồng,,25/09/2025,10/10/2025,Tin thường,43901295,,,,Bắc
"Đường Kim Đồng, Phường Giáp Bát, Hoàng Mai, Hà Nội",29 tỷ,100 m²,6 phòng,8 phòng,7 tầng,Sổ đỏ/ Sổ hồng,,25/09/2025,05/10/2025,Tin thường,44105872,,,,
"The Sun Mễ Trì, Mễ Trì, Mễ Trì, Nam Từ Liêm, Hà Nội",Thỏa thuận,75 m²,2 phòng,2 phòng,,Sổ đỏ/ Sổ hồng,Đầy đủ,25/09/2025,05/10/2025,Tin thường,44105867,,,,Đông - Bắc
"Phường Phúc Lợi, Long Biên, Hà Nội","9,5 tỷ",70 m²,,,,Sổ đỏ/ Sổ hồng.,,22/10/2025,06/11/2025,Tin thường,42979560,5 m,7 m,,
"Đường Phúc Lợi, Phường Phúc Lợi, Long Biên, Hà Nội","9,4 tỷ",68 m²,,,,Sổ đỏ/ Sổ hồng,,22/10/2025,06/11/2025,Tin thường,43978106,"4,5 m",6 m,,
"Dự án Louis City Hoàng Mai, Đường Tân Mai, Phường Hoàng Văn Thụ, Hoàng Mai, Hà Nội",Thỏa thuận,"266,8 m²",4 phòng,6 phòng,5 tầng,Sổ đỏ/ Sổ hồng,Không nội thất,14/10/2025,24/10/2025,Tin thường,42849658,"11,8 m",12 m,Đông,Đông
"Đường Phúc Lợi, Phường Phúc Lợi, Long Biên, Hà Nội",150 triệu/m²,39 m²,,,,Sổ đỏ/ Sổ hồng.,,11/10/2025,21/10/2025,Tin thường,43977844,"4,72 m",3 m,,Tây - Bắc
"Phúc Lợi, Long Biên, Hà Nội.","6,5 tỷ",50 m²,,,,,,11/10/2025,21/10/2025,Tin thường,43971444,4 m,3 m,,Đông - Nam
"Vinhomes Ocean Park Gia Lâm, Dương Xá, Gia Lâm, Hà Nội","3,03 tỷ","43,6 m²",1 phòng,1 phòng,,Sổ đỏ/ Sổ hồng,Đầy đủ,30/09/2025,10/10/2025,Tin thường,44150658,,,,
"Louis City Hoàng Mai, Tân Mai, Hoàng Văn Thụ, Hoàng Mai, Hà Nội",Thỏa thuận,"193,6 m²",6 phòng,6 phòng,5 tầng,Sổ đỏ/ Sổ hồng,Không nội thất,14/10/2025,24/10/2025,Tin thường,43927734,,30 m,Nam,Nam
"Đường Phúc Lợi, Phường Phúc Lợi, Long Biên, Hà Nội",9 tỷ,54 m²,4 phòng,5 phòng,6 tầng,Sổ đỏ/ Sổ hồng,Đầy đủ,15/10/2025,30/10/2025,Tin thường,43978056,"3,8 m",4 m,,
"Đường Vân Canh, Xã Vân Canh, Hoài Đức, Hà Nội","5,1 tỷ",42 m²,3 phòng,3 phòng,,Sổ đỏ/ Sổ hồng,Đầy đủ,30/09/2025,10/10/2025,Tin thường,44150656,,,,
"Đường Thạch Bàn, Phường Thạch Bàn, Long Biên, Hà Nội","6,4 tỷ",40 m²,3 phòng,4 phòng,5 tầng,Sổ đỏ/ Sổ hồng,Đầy đủ,11/10/2025,21/10/2025,Tin thường,44066532,"4,2 m",4 m,,
"Xã Yên Trung, Huyện Thạch Thất, Hà Nội",16 triệu/m²,393 m²,,,,Sổ đỏ/ Sổ hồng,,21/10/2025,05/11/2025,Tin thường,44131720,10 m,12 m,,
"Đường Thạch Bàn, Phường Thạch Bàn, Long Biên, Hà Nội","6,1 tỷ",30 m²,3 phòng,4 phòng,5 tầng,Sổ đỏ/ Sổ hồng,,19/10/2025,03/11/2025,Tin thường,43624881,,,,
"Đường Giáp Hải, Xã Bát Tràng, Gia Lâm, Hà Nội","4,9 tỷ",31 m²,3 phòng,4 phòng,5 tầng,Sổ đỏ/ Sổ hồng,Đầy đủ,28/09/2025,08/10/2025,Tin thường,43166929,,,,Đông - Nam
"Đường Phố Trạm, Phường Long Biên, Long Biên, Hà Nội","6,7 tỷ",30 m²,3 phòng,4 phòng,5 tầng,Sổ đỏ/ Sổ hồng,Cơ bản,19/10/2025,03/11/2025,Tin thường,43139167,,,,
"KĐT Định Công, Phường Định Công, Hoàng Mai, Hà Nội","4,2 tỷ",58 m²,,,,Sổ đỏ/ Sổ hồng,Đầy đủ,26/09/2025,06/10/2025,Tin thường,44118323,,,,
"Đường Thạch Bàn, Phường Thạch Bàn, Long Biên, Hà Nội","10,1 tỷ",50 m²,5 phòng,5 phòng,6 tầng,Sổ đỏ/ Sổ hồng.,Đầy đủ.,19/10/2025,03/11/2025,Tin thường,40851000,,,,
"Thạch Bàn, Phường Thạch Bàn, Long Biên, Hà Nội","8,55 tỷ",42 m²,,,,Sổ đỏ/ Sổ hồng,,28/09/2025,08/10/2025,Tin thường,44131708,,,,
"Đường Thành Công, Phường Giảng Võ, Ba Đình, Hà Nội","5,2 tỷ",34 m²,2 phòng,2 phòng,,Sổ đỏ,Nội thất hài hòa.,21/10/2025,05/11/2025,Tin thường,44118332,,,,
"Đường Lê Trọng Tấn, Phường La Khê, Hà Đông, Hà Nội",9 tỷ,35 m²,3 phòng,4 phòng,5 tầng,Sổ đỏ/ Sổ hồng,Đầy đủ,28/09/2025,08/10/2025,Tin thường,44131705,6 m,4 m,,
"Đường Lê Trọng Tấn, Phường Khương Mai, Thanh Xuân, Hà Nội",360 triệu/m²,118 m²,,,3 tầng,Sổ đỏ,,21/10/2025,05/11/2025,Tin thường,44025931,6 m,,,
"Dự án Tân Việt Tower, Đường Quốc lộ 32, Xã Đức Thượng, Hoài Đức, Hà Nội",95 triệu/m²,100 m²,,,,Sổ đỏ/ Sổ hồng,Không nội thất,13/10/2025,23/10/2025,Tin thường,43468468,5 m,12 m,Đông - Bắc,Đông - Bắc
"Dự án Anland LakeView, Đường Ngô Thì Nhậm, Phường Dương Nội, Hà Đông, Hà Nội",110 triệu/m²,165 m²,,,3 tầng,Sổ đỏ/ Sổ hồng.,,21/10/2025,05/11/2025,Tin thường,32195718,"6,2 m",,,
"Diamond Park Plaza , 16, Phố Láng Hạ, Phường Thành Công, Ba Đình, Hà Nội","7,6 tỷ",57 m²,1 phòng,1 phòng,,Sổ đỏ/ Sổ hồng,Đầy đủ,23/09/2025,03/10/2025,Tin thường,44004810,,,Đông - Bắc,Tây - Nam
"New Skyline, Đường Nguyễn Khuyến, Phường Văn Quán, Quận Hà Đông, Hà Nội","10,7 tỷ",131 m²,3 phòng,2 phòng,,Sổ đỏ/ Sổ hồng,Đầy đủ,21/10/2025,05/11/2025,Tin thường,43988319,,,,
"Dự án Louis City, Đường 70, Phường Đại Mỗ, Nam Từ Liêm, Hà Nội.",31 tỷ,"108,5 m²",,,,,,23/09/2025,03/10/2025,Tin thường,37208449,,,,Đông - Nam
"Dự án Phú Thịnh Green Park, Đường Tô Hiệu, Phường Hà Cầu, Hà Đông, Hà Nội","5,7 tỷ",89 m²,3 phòng,2 phòng,,Hợp đồng mua bán,Đầy đủ,08/10/2025,18/10/2025,Tin thường,43463032,,,Đông - Nam,Tây - Nam
"Dự án Khu đô thị Vân Canh, Đường Trần Hữu Dực, Xã Vân Canh, Hoài Đức, Hà Nội",130 triệu/m²,"114,75 m²",,,,,,03/10/2025,13/10/2025,Tin thường,36968778,5 m,"12,5 m",,Tây - Bắc
"Dự án Khu đô thị Vân Canh, Xã Vân Canh, Hoài Đức, Hà Nội",Thỏa thuận,405 m²,,,,,,03/10/2025,13/10/2025,Tin thường,42650005,,,,Tây - Bắc
"Vinhomes Wonder City, Tân Hội, Đan Phượng, Hà Nội",Thỏa thuận,120 m²,4 phòng,4 phòng,4 tầng,Sổ đỏ/ Sổ hồng,Đầy đủ,15/10/2025,25/10/2025,Tin thường,44005452,8 m,15 m,,
"Dự án Khu đô thị Vân Canh, Xã Vân Canh, Hoài Đức, Hà Nội",Thỏa thuận,"276,5 m²",,,,,,08/10/2025,18/10/2025,Tin thường,24669671,,,,Nam
"Dự án An Bình Homeland, Phường Dương Nội, Hà Đông, Hà Nội",Thỏa thuận,65 m²,2 phòng,2 phòng,,Hợp đồng mua bán,Cơ bản,27/09/2025,07/10/2025,Tin thường,44125317,,,,Đông - Nam
"Đường Văn Quán, Phường Văn Quán, Hà Đông, Hà Nội",6 tỷ,35 m²,,,5 tầng,Sổ đỏ/ Sổ hồng,Đầy đủ,08/10/2025,18/10/2025,Tin thường,44082432,,,,
"Đường Dược Thượng, Xã Tiên Dược, Sóc Sơn, Hà Nội","4,65 tỷ",95 m²,,,,Sổ đỏ/ Sổ hồng,,01/10/2025,08/10/2025,Tin thường,44154150,"6,94 m",6 m,,Nam
"Phường Tây Mỗ, Nam Từ Liêm, Hà Nội","8,8 tỷ",60 m²,,,,Sổ đỏ/ Sổ hồng,,20/10/2025,30/10/2025,Tin VIP Vàng,44157112,4 m,4 m,,
"Dự án Vinhomes Ocean Park Gia Lâm, Xã Dương Xá, Gia Lâm, Hà Nội",18 tỷ,120 m²,,,4 tầng,,,04/10/2025,14/10/2025,Tin thường,44011914,8 m,20 m,,
"Xã Phú Mãn, Quốc Oai, Hà Nội","3,75 tỷ",220 m²,,,,Sổ đỏ/ Sổ hồng,,01/10/2025,08/10/2025,Tin thường,44156938,12 m,12 m,,
"Dự án Vinhomes Wonder City, Xã Tân Hội, Đan Phượng, Hà Nội",16 tỷ,96 m²,,,,Hợp đồng mua bán,Cơ bản,01/10/2025,11/10/2025,Tin thường,44156877,8 m,13 m,Đông - Nam,Đông - Nam
"Đường Lương Quy, Xã Xuân Nộn, Đông Anh, Hà Nội",75 triệu/m²,58 m²,,,,Sổ đỏ/ Sổ hồng,,01/10/2025,16/10/2025,Tin thường,44044401,4 m,7 m,,Đông - Nam
"Dự án Vinhomes Gardenia, Đường Hàm Nghi, Phường Cầu Diễn, Nam Từ Liêm, Hà Nội","8,1 tỷ",79 m²,2 phòng,2 phòng,,Sổ đỏ/ Sổ hồng,Đầy đủ,16/10/2025,23/10/2025,Tin VIP Vàng,42481202,,,Tây - Nam,Đông - Bắc
"Dự án Nhà ở cho CBCS Bộ Công an, 43 Đường Phạm Văn Đồng, Phường Cổ Nhuế 2, Bắc Từ Liêm, Hà Nội","5,2 tỷ",70 m²,2 phòng,2 phòng,,Sổ đỏ/ Sổ hồng,Đầy đủ,16/10/2025,23/10/2025,Tin VIP Vàng,43122431,,,Đông - Nam,Tây - Bắc
"Dự án AZ Lâm Viên Complex, Đường Nguyễn Phong Sắc, Phường Dịch Vọng Hậu, Cầu Giấy, Hà Nội","14,5 tỷ",192 m²,3 phòng,3 phòng,,,Để lại full nội thất.,29/09/2025,09/10/2025,Tin thường,44005988,,,,Đông
"Dự án Him Lam Vạn Phúc, Đường Tố Hữu, Phường Vạn Phúc, Hà Đông, Hà Nội",30 tỷ,91 m²,10 phòng,9 phòng,7 tầng,Sổ đỏ/ Sổ hồng,Cơ bản,16/10/2025,31/10/2025,Tin thường,33144755,"6,5 m",,,
"Dự án Green Park Tower, Đường Dương Đình Nghệ, Phường Yên Hòa, Cầu Giấy, Hà Nội","9,8 tỷ",104 m²,3 phòng,2 phòng,,,Để lại full NT mới.,24/09/2025,04/10/2025,Tin thường,44095965,,,,Đông - Bắc
"Dự án The Sun Mễ Trì, đường Mễ Trì, Phường Mễ Trì, Nam Từ Liêm, Hà Nội","6,5 tỷ",75 m²,2 phòng,2 phòng,,,,24/09/2025,04/10/2025,Tin thường,44100524,,,,Tây - Nam
"Đường Văn Cao, Phường Liễu Giai, Ba Đình, Hà Nội","8,7 tỷ",42 m²,,,5 tầng,Sổ đỏ/ Sổ hồng,,29/09/2025,09/10/2025,Tin thường,44140978,,,,
"Xã Dương Quang, Gia Lâm, Hà Nội","3,8 tỷ",80 m²,,,,Sổ đỏ/ Sổ hồng.,,21/10/2025,05/11/2025,Tin thường,44140975,"6,8 m",,,
"Dự án La Casta Văn Phú, Đường Lê Trọng Tấn, Phường La Khê, Hà Đông, Hà Nội",Thỏa thuận,117 m²,3 phòng,,,,Full.,16/10/2025,31/10/2025,Tin thường,34618583,,,Tây - Nam,Đông - Nam
"Dự án Solasta Mansion, Đường Tố Hữu, Phường Dương Nội, Hà Đông, Hà Nội","40,5 tỷ",170 m²,4 phòng,4 phòng,4 tầng,Sổ đỏ/ Sổ hồng,Đầy đủ,09/10/2025,19/10/2025,Tin thường,43213585,"8,5 m",6 m,,
"Đường Kim Giang, Phường Đại Kim, Hoàng Mai, Hà Nội","10,6 tỷ",66 m²,3 phòng,3 phòng,3 tầng,Sổ đỏ/ Sổ hồng,Đầy đủ,16/10/2025,31/10/2025,Tin thường,43899282,,,,
"Đường Trường Chinh, Phường Khương Thượng, Đống Đa, Hà Nội","7,7 tỷ",30 m²,,,,,,29/09/2025,09/10/2025,Tin thường,44140966,,,,
"Phường Nam Đồng, Đống Đa, Hà Nội","76,9 tỷ",120 m²,,,,Sổ đỏ,Cb,17/10/2025,01/11/2025,Tin thường,42567069,"4,5 m",,,
"Dự án Eco Green City, Đường Nguyễn Xiển, Xã Tân Triều, Thanh Trì, Hà Nội",6 tỷ,67 m²,2 phòng,2 phòng,,Sổ đỏ/ Sổ hồng,,24/09/2025,04/10/2025,Tin thường,44094945,,,,
"Đường Trần Thái Tông, Phường Dịch Vọng Hậu, Cầu Giấy, Hà Nội",183 tỷ,195 m²,,,11 tầng,Sổ đỏ,Nội thất,23/09/2025,03/10/2025,Tin thường,43824574,21 m,,,
"Đường Nguyễn Khang, Phường Trung Hòa, Cầu Giấy, Hà Nội","36,5 tỷ",135 m²,2 phòng,,3 tầng,Sổ đỏ chính chủ.,K,26/09/2025,06/10/2025,Tin thường,43701455,"4,5 m",,,
"Phố Hoàng Cầu, Phường Ô Chợ Dừa, Đống Đa, Hà Nội","16,9 tỷ","46,8 m²",4 phòng,3 phòng,4 tầng,Sổ đỏ/ Sổ hồng,Đầy đủ,23/09/2025,08/10/2025,Tin thường,44084790,"4,15 m",,,
"Đường 21B, Phường Phú Lương, Hà Đông, Hà Nội","5,18 tỷ",50 m²,,,,Sổ đỏ/ Sổ hồng,,26/09/2025,06/10/2025,Tin thường,44121485,5 m,3 m,,
"Dự án Sunshine Capital Tây Thăng Long, Đường Tây Thăng Long, Phường Tây Tựu, Bắc Từ Liêm, Hà Nội",61 tỷ,315 m²,5 phòng,5 phòng,3 tầng,Hợp đồng mua bán,Không nội thất,10/10/2025,25/10/2025,Tin thường,37832907,"17,5 m",60 m,Tây - Nam,Tây - Nam
"Dự án Sunshine Capital Tây Thăng Long, Phường Tây Tựu, Bắc Từ Liêm, Hà Nội",194 triệu/m²,315 m²,5 phòng,5 phòng,3 tầng,Hợp đồng mua bán,Không nội thất,10/09/2025,11/10/2025,Tin thường,37832894,"17,5 m",60 m,Đông - Bắc,Đông - Bắc
"Dự án Noble Palace Long Biên, Phường Phúc Đồng, Long Biên, Hà Nội",Thỏa thuận,150 m²,8 phòng,8 phòng,5 tầng,Hợp đồng mua bán,Không nội thất,11/09/2025,11/10/2025,Tin thường,40963003,"7,5 m",30 m,Đông - Nam,Đông - Nam
"Khu đô thị Đại Kim, Nghiêm Xuân Yêm, Đại Kim, Hoàng Mai, Hà Nội","26,5 tỷ",75 m²,4 phòng,4 phòng,5 tầng,Sổ đỏ/ Sổ hồng,Cơ bản,26/09/2025,06/10/2025,Tin thường,44121466,6 m,10 m,,
"Cự Khối, Cự Khối, Long Biên, Hà Nội","12,1 tỷ","67,3 m²",,,,Sổ đỏ/ Sổ hồng,,09/10/2025,19/10/2025,Tin thường,43431711,6 m,,,
"Đường Ngô Xuân Quảng, Thị trấn Trâu Quỳ, Gia Lâm, Hà Nội","22,9 tỷ",200 m²,,,,Sổ đỏ/ Sổ hồng,,09/10/2025,19/10/2025,Tin thường,43387373,"7,2 m",,,
"Đường Ỷ Lan, Xã Đặng Xá, Gia Lâm, Hà Nội","26,8 tỷ",364 m²,,,,Sổ đỏ/ Sổ hồng,,09/10/2025,19/10/2025,Tin thường,42779670,13 m,,,
"Phường Đại Kim, Hoàng Mai, Hà Nội","18,5 tỷ",50 m²,8 phòng,8 phòng,4 tầng,Sổ đỏ/ Sổ hồng,Đầy đủ,01/10/2025,11/10/2025,Tin thường,44158274,4 m,"12,5 m",,Đông - Nam
"Đường Hoàng Văn Thái, Phường Thanh Xuân Trung, Thanh Xuân, Hà Nội","21,3 tỷ",358 m²,16 phòng,16 phòng,7 tầng,Sổ đỏ/ Sổ hồng,Đầy đủ,01/10/2025,31/10/2025,Tin thường,43992864,,,Nam,Nam
"Phường Phúc Lợi, Long Biên, Hà Nội","4,3 tỷ",47 m²,,,,,,01/10/2025,11/10/2025,Tin thường,43835539,"3,8 m",,,
"Dự án 90 Nguyễn Tuân, Đường Nguyễn Tuân, Phường Thanh Xuân Trung, Thanh Xuân, Hà Nội",9 tỷ,92 m²,3 phòng,2 phòng,,Sổ đỏ/ Sổ hồng,Đầy đủ,18/10/2025,02/11/2025,Tin thường,39704824,,,Đông - Nam,Tây - Bắc
"Đường 21, Xã Phú Mãn, Quốc Oai, Hà Nội","3,55 tỷ",269 m²,,,,Sổ đỏ/ Sổ hồng,,10/10/2025,20/10/2025,Tin thường,44053565,10 m,7 m,,Tây - Bắc
"Phường Nghĩa Đô, Cầu Giấy, Hà Nội","14,9 tỷ",50 m²,,,6 tầng,Sổ đỏ/ Sổ hồng,,18/10/2025,02/11/2025,Tin thường,44158267,,8 m,,
"Đường 21, Xã Cổ Đông, Sơn Tây, Hà Nội",3 tỷ,100 m²,,,,Sổ đỏ/ Sổ hồng.,,29/09/2025,09/10/2025,Tin thường,43787219,6 m,6 m,,Đông - Nam
"The Legend Tower 109 Nguyễn Tuân, Nguyễn Tuân, Nhân Chính, Thanh Xuân, Hà Nội","9,6 tỷ",86 m²,3 phòng,2 phòng,,Sổ đỏ/ Sổ hồng,Đầy đủ,25/09/2025,05/10/2025,Tin thường,44105862,,,Đông - Nam,Tây - Bắc
"KĐT Mễ Trì Hạ, Đường Phạm Hùng, Phường Mễ Trì, Nam Từ Liêm, Hà Nội",69 tỷ,224 m²,5 phòng,5 phòng,5 tầng,Sổ đỏ/ Sổ hồng,Đầy đủ,25/09/2025,05/10/2025,Tin thường,42422470,12 m,20 m,Tây - Bắc,Tây - Bắc
"Dự án D’. El Dorado, đường Nguyễn Hoàng Tôn, Phường Phú Thượng, Tây Hồ, Hà Nội",9 tỷ,70 m²,2 phòng,2 phòng,,Hợp đồng mua bán,"Đầy đủ nội thất bao gồm điều hòa, tủ lạnh, giường, và nhiều đồ dùng tiện nghi khác.",25/09/2025,10/10/2025,Tin thường,43978688,,,Tây - Nam,Đông - Bắc
"Dự án KĐT La Khê, Phường La Khê, Hà Đông, Hà Nội",34 tỷ,"184,8 m²",4 phòng,4 phòng,3 tầng,Sổ đỏ/ Sổ hồng,Đầy đủ,21/10/2025,20/11/2025,Tin thường,44055175,"11,2 m",,,Đông - Nam
"MD Complex Mỹ Đình, Nguyễn Cơ Thạch, Cầu Diễn, Nam Từ Liêm, Hà Nội","8,5 tỷ",117 m²,3 phòng,2 phòng,,Sổ đỏ/ Sổ hồng,Đầy đủ,25/09/2025,05/10/2025,Tin thường,43935924,,,Đông - Bắc,Tây - Nam
"Đường Khương Đình, Phường Khương Đình, Thanh Xuân, Hà Nội","24,7 tỷ","39,1 m²",,,,Sổ đỏ/ Sổ hồng,Đầy đủ,25/09/2025,10/10/2025,Tin thường,44105846,,,,
"Xuân Mai Riverside, 150, Đường Thanh Bình, Phường Mỗ Lao, Hà Đông, Hà Nội","5,7 tỷ",90 m²,3 phòng,2 phòng,,Sẵn sổ.,"Điều hòa, giường, tủ lạnh.",25/09/2025,05/10/2025,Tin thường,44016603,,,,
"Dương Nội, Hà Đông, Hà Nội","5,42 tỷ",35 m²,3 phòng,4 phòng,5 tầng,Sổ đỏ/ Sổ hồng,Cơ bản,13/09/2025,13/10/2025,Tin thường,42821341,"3,5 m",3 m,,
"Xã Cẩm Lĩnh, Ba Vì, Hà Nội","1,15 tỷ",200 m²,,,,Sổ đỏ/ Sổ hồng,,22/09/2025,07/10/2025,Tin thường,44076736,,,,
"Phố Phạm Tuấn Tài, Phường Nghĩa Tân, Cầu Giấy, Hà Nội",25 tỷ,70 m²,4 phòng,5 phòng,5 tầng,Sổ đỏ/ Sổ hồng.,Đầy đủ,25/09/2025,05/10/2025,Tin thường,43554334,"5,9 m",10 m,,
"Phố Linh Lang, Phường Liễu Giai, Ba Đình, Hà Nội",38 tỷ,75 m²,6 phòng,6 phòng,6 tầng,Sổ đỏ vuông đẹp,,13/10/2025,23/10/2025,Tin thường,40454161,5 m,5 m,,
"Đường Huỳnh Thúc Kháng, Phường Láng Hạ, Đống Đa, Hà Nội","15,9 tỷ",40 m²,4 phòng,4 phòng,4 tầng,Sổ đỏ/ Sổ hồng,Đầy đủ,12/10/2025,22/10/2025,Tin thường,44150653,"3,9 m",6 m,Tây - Nam,Tây - Nam
"Dự án Sunshine City, Phường Đông Ngạc, Bắc Từ Liêm, Hà Nội",19 tỷ,195 m²,5 phòng,4 phòng,,Sổ đỏ/ Sổ hồng,Cơ bản,06/10/2025,16/10/2025,Tin thường,43959777,,,Bắc,Nam
"Dự án Vinhomes Ocean Park Gia Lâm, Xã Dương Xá, Gia Lâm, Hà Nội","2,25 tỷ",31 m²,1 phòng,1 phòng,,Sổ đỏ/ Sổ hồng,Đầy đủ,30/09/2025,10/10/2025,Tin thường,44150649,,,,
"Phường Giáp Bát, Quận Hoàng Mai, Hà Nội","9,7 tỷ",36 m²,4 phòng,5 phòng,6 tầng,Sổ đỏ/ Sổ hồng,Đầy đủ,24/09/2025,04/10/2025,Tin thường,44102606,,,,
"Sunshine City, Đông Ngạc, Bắc Từ Liêm, Hà Nội",9 tỷ,90 m²,3 phòng,2 phòng,,Sổ đỏ/ Sổ hồng,Đầy đủ,06/10/2025,16/10/2025,Tin thường,43960414,,,Tây - Nam,Đông - Bắc
"Phường Giáp Bát, Hoàng Mai, Hà Nội","9,6 tỷ",42 m²,,,5 tầng,Sổ đỏ/ Sổ hồng,Đầy đủ,28/09/2025,08/10/2025,Tin thường,44131829,,,,
"Dự án Sunshine City, Phường Đông Ngạc, Bắc Từ Liêm, Hà Nội","9,9 tỷ",105 m²,3 phòng,2 phòng,,Sổ đỏ/ Sổ hồng,Đầy đủ.,06/10/2025,16/10/2025,Tin thường,44027500,,,Đông - Bắc,Tây - Nam
"Đường Lương Khánh Thiện, Phường Tương Mai, Hoàng Mai, Hà Nội","10,8 tỷ",44 m²,,,,Sổ đỏ/ Sổ hồng,Đầy đủ,24/09/2025,04/10/2025,Tin thường,44101971,,,,
"Sunshine City, Đông Ngạc, Bắc Từ Liêm, Hà Nội",Thỏa thuận,90 m²,3 phòng,2 phòng,,Sổ đỏ/ Sổ hồng,Đầy đủ,09/10/2025,19/10/2025,Tin thường,43959924,,,Tây - Nam,Đông - Bắc
"Đường Đa Sỹ, Phường Kiến Hưng, Hà Đông, Hà Nội","8,5 tỷ",30 m²,,,,Sổ đỏ/ Sổ hồng,,28/09/2025,13/10/2025,Tin thường,44131702,4 m,"3,5 m",,
"Phố Vũ Tông Phan, Phường Khương Đình, Thanh Xuân, Hà Nội","8,5 tỷ",44 m²,3 phòng,3 phòng,5 tầng,Sổ đỏ/ Sổ hồng,,12/10/2025,22/10/2025,Tin thường,44131699,,,,
"Golden Westlake, 162A, Đường Thụy Khuê, Phường Thụy Khuê, Tây Hồ, Hà Nội",Thỏa thuận,150 m²,3 phòng,2 phòng,,Sổ đỏ/ Sổ hồng,Đầy đủ,28/09/2025,08/10/2025,Tin thường,38247743,,,,
"Đường Khương Trung, Phường Khương Trung, Thanh Xuân, Hà Nội","5,8 tỷ",31 m²,,,,Sổ đỏ/ Sổ hồng,,28/09/2025,08/10/2025,Tin thường,44131686,7 m,3 m,,Nam
"Xã Yên Bình, Huyện Thạch Thất, Hà Nội",37 triệu/m²,"142,5 m²",,,,Sổ đỏ/ Sổ hồng,,21/10/2025,05/11/2025,Tin thường,43742340,5 m,10 m,,
"TĐC Hoàng Cầu, Phố Hoàng Cầu, Phường Ô Chợ Dừa, Đống Đa, Hà Nội","6,1 tỷ",70 m²,2 phòng,1 phòng,,Sổ đỏ/ Sổ hồng,Cơ bản,23/09/2025,03/10/2025,Tin thường,44083222,,,,
"Xã Yên Bình, Thạch Thất, Hà Nội",16 triệu/m²,225 m²,,,,Sổ đỏ/ Sổ hồng.,,21/10/2025,05/11/2025,Tin thường,42797218,,,,
"Đường Hoàng Hoa Thám, Phường Ngọc Hà, Ba Đình, Hà Nội",11 tỷ,50 m²,4 phòng,4 phòng,4 tầng,Sổ đỏ/ Sổ hồng,Không nội thất,28/09/2025,08/10/2025,Tin thường,44131680,5 m,,,
"Phố Ngọc Khánh, Phường Giảng Võ, Ba Đình, Hà Nội",18 tỷ,55 m²,,,6 tầng,,,28/09/2025,08/10/2025,Tin thường,44131679,5 m,,,
"Phố Chùa Láng, Phường Láng Thượng, Đống Đa, Hà Nội",Thỏa thuận,50 m²,4 phòng,,4 tầng,Sổ đỏ/ Sổ hồng,,22/09/2025,02/10/2025,Tin thường,44076081,,4 m,,
"Đường Phan Đình Giót, Phường La Khê, Hà Đông, Hà Nội","7,2 tỷ",33 m²,3 phòng,4 phòng,5 tầng,Sổ đỏ/ Sổ hồng,Đầy đủ,23/09/2025,03/10/2025,Tin thường,44088198,"3,2 m",3 m,,
"Dự án Imperia Smart City, Đường Đại lộ Thăng Long, Phường Tây Mỗ, Nam Từ Liêm, Hà Nội","2,6 tỷ",32 m²,1 phòng,1 phòng,,Sổ đỏ/ Sổ hồng,Đầy đủ,20/10/2025,04/11/2025,Tin thường,42946732,,,Đông - Bắc,Tây - Nam
"Phường Kiến Hưng, Hà Đông, Hà Nội","7,68 tỷ",45 m²,4 phòng,4 phòng,5 tầng,Sổ đỏ/ Sổ hồng,,23/09/2025,03/10/2025,Tin thường,44088193,"5,5 m",3 m,Bắc,Bắc
"Dự án Nhà ở xã hội NO1 Hạ Đình - UDIC Eco Tower, Đường Nguyễn Xiển, Xã Tân Triều, Thanh Trì, Hà Nội",26 triệu/m²,70 m²,2 phòng,2 phòng,,Hợp đồng mua bán,,23/09/2025,03/10/2025,Tin thường,43577807,,,,
"Dự án Khu đô thị Vân Canh, Xã Vân Canh, Hoài Đức, Hà Nội",140 triệu/m²,110 m²,,,,,,17/10/2025,01/11/2025,Tin thường,40321778,,,,
"Phường Trung Liệt, Đống Đa, Hà Nội",19 tỷ,"65,8 m²",3 phòng,4 phòng,3 tầng,Sổ đỏ/ sổ hồng,Đầy đủ,23/09/2025,23/10/2025,Tin thường,43928315,,,,
"Dự án Dream Town, Đường Tây Mỗ, Phường Tây Mỗ, Nam Từ Liêm, Hà Nội","7,2 tỷ","132,9 m²",3 phòng,2 phòng,,Sổ đỏ/ Sổ hồng,Đầy đủ,23/09/2025,03/10/2025,Tin thường,44088139,,,Đông - Nam,Đông - Bắc
"The Sakura - Vinhomes Smart City, Tây Mỗ, Nam Từ Liêm, Hà Nội","6,8 tỷ",75 m²,2 phòng,2 phòng,,Hợp đồng mua bán,,23/09/2025,23/10/2025,Tin thường,44088186,,,,
"Usilk City, Đường Tố Hữu, Phường La Khê, Hà Đông, Hà Nội","6,8 tỷ",116 m²,3 phòng,2 phòng,,Sổ đỏ/ Sổ hồng,Đầy đủ,22/10/2025,06/11/2025,Tin thường,43420152,,,Đông - Nam,Tây - Bắc
"Dự án Khu đô thị Vân Canh, Xã Vân Canh, Hoài Đức, Hà Nội",170 triệu/m²,100 m²,,,,,,23/09/2025,03/10/2025,Tin thường,40887118,,15 m,,Đông - Nam
"Eurowindow Multi Complex, số 27, Đường Trần Duy Hưng, Phường Trung Hòa, Cầu Giấy, Hà Nội",11 tỷ,139 m²,3 phòng,2 phòng,,Sổ đỏ/ Sổ hồng,Đầy đủ,03/10/2025,13/10/2025,Tin thường,43975470,,,Đông - Nam,
"Dự án Imperia Signature Cổ Loa, Xã Đông Hội, Đông Anh, Hà Nội","4,2 tỷ",46 m²,1 phòng,1 phòng,,Sổ đỏ/ Sổ hồng,,11/10/2025,21/10/2025,Tin thường,44135728,,,,Đông - Nam
"Dự án Văn Phú Victoria, Đường Lê Trọng Tấn, Phường Phú La, Hà Đông, Hà Nội",Thỏa thuận,97 m²,2 phòng,2 phòng,,SỔ SẴN,,22/10/2025,06/11/2025,Tin thường,33559269,,,Đông - Nam,
"Dự án PentStudio, Đường Lạc Long Quân, Phường Phú Thượng, Tây Hồ, Hà Nội",Thỏa thuận,155 m²,4 phòng,4 phòng,,Có,Có,21/10/2025,05/11/2025,Tin thường,42478212,,,Đông - Nam,Đông - Nam
"Phố Tạ Quang Bửu, Phường Bách Khoa, Hai Bà Trưng, Hà Nội","18,7 tỷ",40 m²,5 phòng,,7 tầng,Sổ đỏ/ Sổ hồng,Đầy đủ,26/09/2025,11/10/2025,Tin thường,44118009,,,,
"Đường Lê Trọng Tấn, Phường Phương Liệt, Thanh Xuân, Hà Nội","16,2 tỷ",43 m²,4 phòng,5 phòng,5 tầng,Sổ đỏ/ Sổ hồng,Đầy đủ,12/10/2025,22/10/2025,Tin thường,44140950,"4,8 m",8 m,Tây - Bắc,Tây - Bắc
"Mulberry Lane, Mỗ Lao, Mỗ Lao, Hà Đông, Hà Nội",Thỏa thuận,114 m²,3 phòng,2 phòng,,Sổ đỏ/ Sổ hồng,Đầy đủ,09/10/2025,19/10/2025,Tin thường,43820308,,,Đông - Nam,Tây - Bắc
"Đường Quang Tiến, Phường Đại Mỗ, Nam Từ Liêm, Hà Nội","7,75 tỷ","73,4 m²",,,,Sổ đỏ/ Sổ hồng,,05/10/2025,15/10/2025,Tin thường,44090897,"4,62 m",,,
"Fafilm - VNT Tower, Đường Nguyễn Trãi, Phường Khương Trung, Quận Thanh Xuân, Hà Nội",9 tỷ,110 m²,3 phòng,2 phòng,,Sổ đỏ/ Sổ hồng,Đầy đủ,29/09/2025,09/10/2025,Tin thường,44140943,,,,
"Đường Đỗ Đức Dục, Phường Mỹ Đình 1, Nam Từ Liêm, Hà Nội","36,5 tỷ",55 m²,,,,Sổ đỏ/ Sổ hồng,Đầy đủ,29/09/2025,09/10/2025,Tin thường,44140942,5 m,30 m,,
"Hinode Royal Park, Quốc lộ 32, Di Trạch, Hoài Đức, Hà Nội",18 tỷ,100 m²,,,,Sổ đỏ/ Sổ hồng,,13/10/2025,23/10/2025,Tin VIP Vàng,43972449,,,,Đông - Nam
"Dự án The Victoria , Phường Tây Mỗ, Nam Từ Liêm, Hà Nội","5,2 tỷ",63 m²,2 phòng,2 phòng,,,Bàn giao nội thất cao cấp.,15/10/2025,22/10/2025,Tin thường,43254147,,,,
"Vinhomes Ocean Park Gia Lâm, Đường Đa Tốn, Xã Dương Xá, Gia Lâm, Hà Nội","3,5 tỷ",45 m²,1 phòng,1 phòng,,Sổ đỏ/ Sổ hồng,Đầy đủ,30/09/2025,07/10/2025,Tin thường,44071400,,,Tây - Nam,Đông - Bắc
"Dự án Jade Square, Đường Nguyễn Đình Tứ, Phường Xuân Đỉnh, Bắc Từ Liêm, Hà Nội",Thỏa thuận,"72,03 m²",2 phòng,2 phòng,,Hợp đồng mua bán,Đầy đủ,01/10/2025,08/10/2025,Tin thường,44156693,,,,
"Vinhomes Gardenia, Hàm Nghi, Cầu Diễn, Nam Từ Liêm, Hà Nội","8,8 tỷ",100 m²,3 phòng,2 phòng,,Sổ đỏ/ Sổ hồng,Đầy đủ,09/10/2025,24/10/2025,Tin VIP Vàng,43497497,,,,Tây - Nam
"Dự án Thanh Hà Mường Thanh, Phường Kiến Hưng, Hà Đông, Hà Nội",80 triệu/m²,100 m²,,,,Hợp đồng mua bán,,09/10/2025,24/10/2025,Tin VIP Vàng,38455809,,,,
"Vinhomes D'Capitale, 119, Đường Trần Duy Hưng, Phường Trung Hòa, Cầu Giấy, Hà Nội","5,5 tỷ",60 m²,2 phòng,1 phòng,,Sổ đỏ lâu dài + Quỹ căn HĐMB 50 năm,Đầy đủ - Hoặc cơ bản,01/10/2025,08/10/2025,Tin thường,44156406,,,,
"Dự án Vinhomes Green Villas, Phường Đại Mỗ, Nam Từ Liêm, Hà Nội",Thỏa thuận,321 m²,5 phòng,5 phòng,5 tầng,Sổ đỏ/ Sổ hồng,Đầy đủ.,29/09/2025,09/10/2025,Tin thường,44143945,,,,
"Vinhomes The Gallery, Giảng Võ, Giảng Võ, Ba Đình, Hà Nội","46,1 tỷ","82,5 m²",,,,,,22/10/2025,01/11/2025,Tin VIP Bạc,44156339,,,,
"D’. El Dorado, số 659A, Đường Lạc Long Quân, Phường Phú Thượng, Tây Hồ, Hà Nội",Thỏa thuận,"79,79 m²",2 phòng,2 phòng,,Sổ đỏ/ Sổ hồng,Đầy đủ,19/10/2025,29/10/2025,Tin VIP Kim Cương,39926991,,,Đông - Nam,Tây
"Đường Ỷ La, Phường Dương Nội, Hà Đông, Hà Nội","14,35 tỷ",68 m²,,,,Sổ đỏ/ Sổ hồng,,08/10/2025,18/10/2025,Tin thường,43822003,5 m,,,
"South Building, Đường Trần Thủ Độ, Phường Hoàng Liệt, Hoàng Mai, Hà Nội","5,99 tỷ",83 m²,2 phòng,2 phòng,,Sổ đỏ/ Sổ hồng,Đầy đủ,14/10/2025,24/10/2025,Tin thường,44121461,,,,
"Phố Tôn Đức Thắng, Phường Hàng Bột, Đống Đa, Hà Nội","4,65 tỷ",60 m²,2 phòng,1 phòng,,Sổ đỏ/ Sổ hồng,Đầy đủ,26/09/2025,06/10/2025,Tin thường,44121458,,,,
"Phố Báo Khánh, Phường Hàng Trống, Hoàn Kiếm, Hà Nội",378 tỷ,132 m²,,,12 tầng,,,26/09/2025,06/10/2025,Tin thường,44121456,8 m,,,
"Đường Phú Cát, Xã Phú Cát, Quốc Oai, Hà Nội",33 triệu/m²,140 m²,,,,Sổ đỏ/ Sổ hồng.,,13/10/2025,23/10/2025,Tin thường,43600271,8 m,6 m,,
"Đường Hồ Tùng Mậu, Phường Mai Dịch, Cầu Giấy, Hà Nội",8 tỷ,40 m²,4 phòng,3 phòng,4 tầng,Sổ đỏ/ Sổ hồng,Cơ bản,26/09/2025,26/10/2025,Tin thường,44121451,,,,
"Đường Tân Mai, Phường Tân Mai, Hoàng Mai, Hà Nội",80 tỷ,150 m²,9 phòng,8 phòng,9 tầng,Sổ đỏ/ Sổ hồng,Đầy đủ,18/10/2025,02/11/2025,Tin thường,42651773,15 m,40 m,,
"Đường 800A, Phường Nghĩa Đô, Cầu Giấy, Hà Nội","27,5 tỷ",55 m²,12 phòng,,7 tầng,Sổ đỏ/ Sổ hồng,Đầy đủ,13/10/2025,23/10/2025,Tin thường,44021369,,,,Bắc
"Đường Xuân La, Phường Xuân La, Tây Hồ, Hà Nội",195 tỷ,266 m²,,,10 tầng,Sổ đỏ/ Sổ hồng,Đầy đủ Trang thiết bị nội thất toàn loại tốt (rất xịn xò).,13/10/2025,23/10/2025,Tin thường,42223482,"11,3 m",60 m,Đông - Bắc,Đông - Bắc
"An Dương Vương, Phú Thượng, Tây Hồ, Hà Nội","5,36 tỷ",30 m²,3 phòng,3 phòng,4 tầng,Sổ đỏ/ Sổ hồng,Đầy đủ,07/10/2025,17/10/2025,Tin thường,44121116,"3,5 m",2 m,,Tây - Bắc
"Đường Vương Thừa Vũ, Phường Thanh Xuân Trung, Thanh Xuân, Hà Nội","21,3 tỷ",50 m²,5 phòng,5 phòng,7 tầng,Sổ đỏ/ Sổ hồng,"Đầy đủ: Thang máy nhập khẩu, sàn gỗ cao cấp, điều hòa, tủ bếp, giường tủ.",01/10/2025,31/10/2025,Tin thường,44022112,"4,2 m","12,2 m",Nam,Nam
"Dự án Việt Đức Complex, Đường Khuất Duy Tiến, Phường Nhân Chính, Thanh Xuân, Hà Nội","7,8 tỷ","126,26 m²",3 phòng,2 phòng,,Đang chờ sổ,Đầy đủ,26/09/2025,06/10/2025,Tin thường,44114406,,,Đông - Nam,Tây - Bắc
"Đường Thành Thái, Phường Dịch Vọng, Cầu Giấy, Hà Nội",54 tỷ,126 m²,23 phòng,25 phòng,8 tầng,Sổ đỏ/ Sổ hồng,Đầy đủ,02/10/2025,12/10/2025,Tin thường,43625370,"6,6 m",7 m,,
"Phố Vạn Phúc, Xã Vạn Phúc, Thanh Trì, Hà Nội",Thỏa thuận,50 m²,3 phòng,2 phòng,2 tầng,Hợp đồng mua bán,Cơ bản,01/10/2025,11/10/2025,Tin thường,43631661,4 m,3 m,Tây - Bắc,Tây - Bắc
"Dự án Eco Green City, Đường Nguyễn Xiển, Xã Tân Triều, Thanh Trì, Hà Nội",12 tỷ,186 m²,3 phòng,2 phòng,,Sổ đỏ/ Sổ hồng,Đầy đủ,23/09/2025,03/10/2025,Tin thường,43814235,,,Bắc,Đông - Nam
"Eco Dream Nguyễn Xiển, Tân Triều, Thanh Trì, Hà Nội",7 tỷ,97 m²,3 phòng,2 phòng,,Sổ đỏ/ Sổ hồng,Đầy đủ,01/10/2025,11/10/2025,Tin thường,42735355,,,,
"The Diamond Residence, Lê Văn Lương, Nhân Chính, Thanh Xuân, Hà Nội","17,3 tỷ",151 m²,4 phòng,3 phòng,,Sổ đỏ/ Sổ hồng,Đầy đủ,06/10/2025,16/10/2025,Tin thường,44046159,,,Tây - Nam,Đông - Bắc
"Phố Nghĩa Đô, Phường Nghĩa Đô, Cầu Giấy, Hà Nội",35 tỷ,79 m²,4 phòng,6 phòng,6 tầng,Sổ đỏ/ Sổ hồng,Đầy đủ,06/10/2025,16/10/2025,Tin thường,44092930,"4,4 m",9 m,,
"Dự án Times City - Park Hill, Đường Minh Khai, Phường Vĩnh Tuy, Hai Bà Trưng, Hà Nội","6,5 tỷ",57 m²,1 phòng,1 phòng,,Sổ đỏ/ Sổ hồng,Full,14/10/2025,24/10/2025,Tin thường,42196368,,,Nam,Đông
"Đường Đông Mỹ, Xã Đông Mỹ, Thanh Trì, Hà Nội","4,5 tỷ",64 m²,,,,Sổ đỏ/ Sổ hồng,,09/10/2025,19/10/2025,Tin thường,44088653,4 m,3 m,,
"Dự án Tân Tây Đô, Đường Quốc lộ 32, Xã Tân Lập, Đan Phượng, Hà Nội","3,99 tỷ",82 m²,2 phòng,2 phòng,,Sổ đỏ/ Sổ hồng,"Nội thất đầy đủ: Điều hòa, tủ lạnh, giường...",10/10/2025,20/10/2025,Tin thường,44105728,,,Đông - Bắc,Tây - Nam
"Phố Khâm Thiên, Phường Khâm Thiên, Đống Đa, Hà Nội","7,38 tỷ",32 m²,3 phòng,4 phòng,4 tầng,Sổ đỏ/ Sổ hồng,,25/09/2025,10/10/2025,Tin thường,44105831,"3,1 m",3 m,,Tây - Nam
"Đường Đức Thượng, Xã Đức Thượng, Hoài Đức, Hà Nội",6 tỷ,"50,4 m²",,,,Sổ đỏ/ Sổ hồng,,25/09/2025,05/10/2025,Tin thường,44105830,"6,3 m",7 m,,
"Đường Nguyễn Ngọc Nại, Phường Khương Mai, Thanh Xuân, Hà Nội","17,8 tỷ",67 m²,,,4 tầng,Sổ đỏ/ Sổ hồng,,21/10/2025,28/10/2025,Tin VIP Bạc,44105829,,,,
"Đường Kim Ngưu, Phường Thanh Lương, Hai Bà Trưng, Hà Nội","8,4 tỷ",36 m²,3 phòng,,5 tầng,Sổ đỏ/ Sổ hồng,Cơ bản,25/09/2025,05/10/2025,Tin thường,44105827,,,,
"Đường Hoàng Quốc Việt, Phường Nghĩa Đô, Cầu Giấy, Hà Nội",54 tỷ,210 m²,5 phòng,5 phòng,4 tầng,Sổ đỏ/ Sổ hồng,,17/10/2025,01/11/2025,Tin thường,44007624,12 m,,,
"Trần Duy Hưng, Trung Hòa, Cầu Giấy, Hà Nội","15,5 tỷ",46 m²,,,,Sổ đỏ/ Sổ hồng,,05/10/2025,15/10/2025,Tin thường,44102917,,,,
"Đường Hoàng Văn Thái, Phường Khương Mai, Thanh Xuân, Hà Nội","6,7 tỷ",30 m²,3 phòng,3 phòng,4 tầng,Sổ đỏ/ Sổ hồng,Đầy đủ,25/09/2025,25/10/2025,Tin thường,44105819,"3,1 m",,,
"Thôn Hợp Sơn, Xã Ba Vì, Ba Vì, Hà Nội","26,3 tỷ",12.235 m²,,,,Sổ đỏ/ Sổ hồng,,22/09/2025,07/10/2025,Tin thường,44075658,,,,
"Gold Tower, 275, Đường Nguyễn Trãi, Phường Thanh Xuân Trung, Thanh Xuân, Hà Nội",Thỏa thuận,250 m²,,,,Sổ đỏ/ Sổ hồng,,09/10/2025,19/10/2025,Tin thường,41134424,,,,
"Dự án Heritage West Lake, Đường Lạc Long Quân, Phường Phú Thượng, Tây Hồ, Hà Nội",8 tỷ,82 m²,2 phòng,2 phòng,,,Đầy đủ,04/10/2025,14/10/2025,Tin thường,44008748,,,,
"Đường Văn Quán, Phường Mỗ Lao, Hà Đông, Hà Nội",12 tỷ,37 m²,5 phòng,4 phòng,6 tầng,Sổ đỏ/ Sổ hồng,Đầy đủ,29/09/2025,09/10/2025,Tin thường,44143607,"3,6 m",13 m,,
"Dự án Vinhomes Ocean Park Gia Lâm, Đường Sao Biển 1, Xã Dương Xá, Gia Lâm, Hà Nội","18,5 tỷ",90 m²,4 phòng,3 phòng,4 tầng,Sổ đỏ/ Sổ hồng,Cơ bản,11/10/2025,21/10/2025,Tin thường,43507326,"7,5 m",30 m,Tây - Bắc,Tây - Bắc
,,,,,,,,,,,,,,,
"Dự án Sunshine City, Phường Đông Ngạc, Bắc Từ Liêm, Hà Nội",Thỏa thuận,86 m²,2 phòng,2 phòng,,Sổ đỏ/ Sổ hồng,Cơ bản,09/10/2025,19/10/2025,Tin thường,44041421,,,Đông - Nam,Tây - Bắc
"Phường Minh Khai, Quận Hai Bà Trưng, Hà Nội","10,5 tỷ",47 m²,6 phòng,4 phòng,5 tầng,Sổ đỏ/ Sổ hồng,Đầy đủ,30/09/2025,10/10/2025,Tin thường,43995342,4 m,,,
"Sunshine City, Đông Ngạc, Bắc Từ Liêm, Hà Nội",Thỏa thuận,98 m²,3 phòng,2 phòng,,Sổ đỏ/ Sổ hồng,Đầy đủ,06/10/2025,16/10/2025,Tin thường,43960218,,,Tây - Bắc,Đông - Nam
"Heritage West Lake, 677, Đường Lạc Long Quân, Phường Phú Thượng, Tây Hồ, Hà Nội","3,75 tỷ",46 m²,,,,,,08/10/2025,18/10/2025,Tin thường,44119252,,,,
"Đường Khương Đình, Phường Khương Đình, Thanh Xuân, Hà Nội","7,6 tỷ",34 m²,4 phòng,4 phòng,4 tầng,Sổ đỏ/ Sổ hồng,Đầy đủ,29/09/2025,09/10/2025,Tin thường,44144671,,,,
"Sunshine City, Đông Ngạc, Bắc Từ Liêm, Hà Nội",Thỏa thuận,100 m²,3 phòng,2 phòng,,Sổ đỏ/ Sổ hồng,Đầy đủ,06/10/2025,16/10/2025,Tin thường,43960047,,,Đông - Nam,Tây - Bắc
"Đường Hoa Động, Phường Cự Khối, Long Biên, Hà Nội","15,5 tỷ",94 m²,,,,Sổ đỏ/ Sổ hồng,,14/10/2025,24/10/2025,Tin thường,44088181,,,,
"Dự án AZ Sky, Phường Định Công, Hoàng Mai, Hà Nội","5,5 tỷ",78 m²,2 phòng,2 phòng,,Hợp đồng mua bán.,Cơ bản.,21/10/2025,05/11/2025,Tin thường,39371768,,,,
"Phường Dịch Vọng, Cầu Giấy, Hà Nội",25 tỷ,60 m²,,,7 tầng,Sổ đỏ/ Sổ hồng,,23/09/2025,03/10/2025,Tin thường,43722364,6 m,,,
"Đường Trúc Bạch, Phường Trúc Bạch, Ba Đình, Hà Nội",69 tỷ,128 m²,,,,,,06/10/2025,16/10/2025,Tin thường,44088161,,,,
"Đường Lê Đức Thọ, Phường Mỹ Đình 1, Nam Từ Liêm, Hà Nội","21,6 tỷ",85 m²,,,,Sổ đỏ/ Sổ hồng,,21/09/2025,06/10/2025,Tin thường,43810625,5 m,,,
"Đường CN1, Phường Xuân Phương, Nam Từ Liêm, Hà Nội",Thỏa thuận,4.000 m²,,,,,,23/09/2025,03/10/2025,Tin thường,38246678,,,,
"Xã Nguyên Khê, Đông Anh, Hà Nội","3,6 tỷ",41 m²,,,,Sổ đỏ/ Sổ hồng,,23/09/2025,03/10/2025,Tin thường,44007452,,4 m,,
"Đường Cự Khối, Phường Cự Khối, Long Biên, Hà Nội","16,2 tỷ",100 m²,,,5 tầng,Sổ đỏ/ Sổ hồng,Đầy đủ,14/10/2025,24/10/2025,Tin thường,44007377,,,,
"Đường Nguyễn Tuân, Phường Nhân Chính, Thanh Xuân, Hà Nội","18,5 tỷ",55 m²,,,4 tầng,,,23/09/2025,03/10/2025,Tin thường,43717540,4 m,8 m,,
"Dự án Sun Feliza Suites, Đường Xuân Thủy, Phường Dịch Vọng Hậu, Cầu Giấy, Hà Nội",Thỏa thuận,70 m²,2 phòng,2 phòng,,Sổ đỏ/ Sổ hồng,Cơ bản,04/10/2025,11/10/2025,Tin thường,43558546,,,Đông - Nam,Tây - Bắc
"Đường Dương Văn Bé, Phường Vĩnh Tuy, Hai Bà Trưng, Hà Nội","8,5 tỷ",35 m²,3 phòng,4 phòng,5 tầng,,,28/09/2025,08/10/2025,Tin thường,44131677,,,,
"Đường An Hạ 3, Xã An Khánh, Hoài Đức, Hà Nội","4,9 tỷ",44 m²,5 phòng,3 phòng,4 tầng,Sổ đỏ/ Sổ hồng,,15/10/2025,25/10/2025,Tin thường,43977203,,4 m,,
"D’. Le Pont D’or - Hoàng Cầu, Hoàng Cầu, Ô Chợ Dừa, Đống Đa, Hà Nội","15,2 tỷ",113 m²,3 phòng,2 phòng,,Sổ đỏ/ Sổ hồng,Đầy đủ,22/09/2025,02/10/2025,Tin thường,43983268,,,,
"Ecolife Capitol, 58, Đường Tố Hữu, Phường Trung Văn, Nam Từ Liêm, Hà Nội","7,8 tỷ",112 m²,3 phòng,2 phòng,,Sổ đỏ/ Sổ hồng,Đầy đủ,23/09/2025,03/10/2025,Tin thường,43986468,,,,
"Đường Láng Hòa Lạc, Xã An Khánh, Hoài Đức, Hà Nội",11 tỷ,50 m²,5 phòng,4 phòng,4 tầng,Sổ đỏ/ Sổ hồng,,28/09/2025,08/10/2025,Tin thường,43976835,,10 m,,
"Dự án N01-T3 Ngoại Giao Đoàn, Phường Xuân Tảo, Bắc Từ Liêm, Hà Nội",10 tỷ,127 m²,3 phòng,2 phòng,,Sổ đỏ/ Sổ hồng.,Cơ bản.,28/09/2025,08/10/2025,Tin thường,43624268,,,Nam,Đông - Nam
"Dự án Star Tower, Đường Dương Đình Nghệ, Phường Yên Hòa, Cầu Giấy, Hà Nội","13,9 tỷ",159 m²,4 phòng,3 phòng,,Sổ đỏ/ Sổ hồng,Đầy đủ,15/10/2025,25/10/2025,Tin thường,43933756,,,Đông - Bắc,Tây - Nam
"Dự án AZ Lâm Viên Complex, Đường Nguyễn Phong Sắc, Phường Dịch Vọng Hậu, Cầu Giấy, Hà Nội",14 tỷ,191 m²,4 phòng,3 phòng,,Sổ đỏ/ Sổ hồng,Đầy đủ,26/09/2025,06/10/2025,Tin thường,44114455,,,Nam,Nam
"Dự án N04B Ngoại Giao Đoàn, Phường Xuân Đỉnh, Bắc Từ Liêm, Hà Nội","10,5 tỷ",128 m²,3 phòng,2 phòng,,Sổ đỏ/ Sổ hồng,Đầy đủ,28/09/2025,08/10/2025,Tin thường,43758447,,,Đông,Tây
"Dự án Hancorp Plaza, Đường Trần Đăng Ninh, Phường Dịch Vọng, Cầu Giấy, Hà Nội",14 tỷ,170 m²,4 phòng,2 phòng,,Sổ đỏ/ Sổ hồng,Đầy đủ,26/09/2025,11/10/2025,Tin thường,44114662,,,Đông - Bắc,Tây - Bắc
"Xã Cổ Đông, Sơn Tây, Hà Nội",30 triệu/m²,100 m²,,,,,,01/10/2025,08/10/2025,Tin thường,44156133,,,,
"Xã Phú Cát, Huyện Quốc Oai, Hà Nội",4 tỷ,279 m²,,,,Sổ đỏ/ Sổ hồng,,01/10/2025,16/10/2025,Tin thường,44081566,10 m,8 m,,
"Dự án The Matrix One Premium, Phường Mễ Trì, Nam Từ Liêm, Hà Nội",13 tỷ,116 m²,3 phòng,2 phòng,,,,01/10/2025,11/10/2025,Tin thường,44045580,,,Tây - Nam,Tây - Nam
"Dự án Nam An Khánh, Đường Láng Hòa Lạc, Xã An Khánh, Hoài Đức, Hà Nội",Thỏa thuận,176 m²,,,4 tầng,Sổ đỏ/ Sổ hồng,,15/10/2025,22/10/2025,Tin thường,43963351,"8,5 m",,,
"Dự án Solasta Mansion, Đường Tố Hữu, Phường Dương Nội, Hà Đông, Hà Nội",30 tỷ,170 m²,,,,,,21/10/2025,28/10/2025,Tin VIP Vàng,41024663,,,,Đông - Nam
"Dự án Heritage West Lake, Đường Lạc Long Quân, Phường Phú Thượng, Tây Hồ, Hà Nội",Thỏa thuận,82 m²,2 phòng,2 phòng,,Đang chờ sổ,Đầy đủ,01/10/2025,08/10/2025,Tin thường,42626089,,,Nam,
"Dự án Hinode Royal Park, Đường Quốc lộ 32, Xã Di Trạch, Hoài Đức, Hà Nội",14 tỷ,"79,28 m²",,,5 tầng,,,17/10/2025,27/10/2025,Tin VIP Vàng,42249861,5 m,,,
"Dự án Vinhomes Green Villas, Phường Đại Mỗ, Nam Từ Liêm, Hà Nội","63,9 tỷ",273 m²,,,,,,18/10/2025,25/10/2025,Tin VIP Kim Cương,41046032,,,,
"Đường Xuân Khanh, Phường Xuân Khanh, Sơn Tây, Hà Nội","1,8 tỷ",50 m²,,,,Sổ đỏ/ Sổ hồng,,01/10/2025,08/10/2025,Tin thường,44155683,5 m,5 m,,Đông - Nam
"Thôn Thái Bình, Xã Mai Lâm, Đông Anh, Hà Nội","11,6 tỷ",80 m²,,,,Sổ đỏ,,08/10/2025,15/10/2025,Tin thường,44112970,5 m,15 m,,
"Phố Mai Dịch, Phường Mai Dịch, Cầu Giấy, Hà Nội",27 tỷ,80 m²,15 phòng,15 phòng,,,,03/10/2025,13/10/2025,Tin thường,44075695,,,,
"Đường Phúc Hoa, Phường Phú Thượng, Tây Hồ, Hà Nội","24,6 tỷ",75 m²,6 phòng,4 phòng,5 tầng,Sổ đỏ/ Sổ hồng,Đầy đủ,12/10/2025,22/10/2025,Tin thường,44133557,5 m,16 m,,Đông - Nam
"Xã Phú Sơn, Gia Lâm, Hà Nội",100 triệu/m²,81 m²,,,,Sổ đỏ,,29/09/2025,09/10/2025,Tin thường,43996287,,,,
"Capital Elite, 18, Đường Phạm Hùng, Phường Mỹ Đình 2, Nam Từ Liêm, Hà Nội",Thỏa thuận,119 m²,3 phòng,2 phòng,,Hợp đồng mua bán,Đầy đủ,08/10/2025,18/10/2025,Tin thường,44099028,,,Tây - Nam,
"Xã Phú Nghĩa, Chương Mỹ, Hà Nội",Thỏa thuận,10.000 m²,,,,,,29/09/2025,09/10/2025,Tin thường,42535830,,,,
"Đường Văn Cao, Phường Liễu Giai, Ba Đình, Hà Nội","3,8 tỷ",83 m²,3 phòng,3 phòng,1 tầng,Hợp đồng mua bán,,03/10/2025,13/10/2025,Tin thường,44078800,,,,
"Phường Khương Trung, Thanh Xuân, Hà Nội",15 tỷ,45 m²,,,6 tầng,,,29/09/2025,14/10/2025,Tin thường,44140932,"5,2 m",,,
"Đường Trường Chinh, Phường Láng Thượng, Đống Đa, Hà Nội","21,5 tỷ",80 m²,6 phòng,4 phòng,4 tầng,Sổ đỏ/ Sổ hồng,Không nội thất,12/10/2025,22/10/2025,Tin thường,43940488,"4,6 m",15 m,,
"Đường Tố Hữu, Phường Vạn Phúc, Hà Đông, Hà Nội","13,5 tỷ",90 m²,,,,Sổ đỏ/ Sổ hồng,,25/09/2025,05/10/2025,Tin thường,43541588,"5,5 m",5 m,,
"Đường Phú Mỹ, Phường Mỹ Đình 2, Nam Từ Liêm, Hà Nội",102 tỷ,210 m²,42 phòng,43 phòng,9 tầng,Sổ đỏ/ Sổ hồng,Đầy đủ,21/10/2025,05/11/2025,Tin thường,41715846,14 m,10 m,,Đông
"Dự án Chung cư Ban cơ yếu Chính phủ, Phường Nhân Chính, Thanh Xuân, Hà Nội","15,9 tỷ",193 m²,4 phòng,3 phòng,,Sổ đỏ/ Sổ hồng,"Đầy đủ bao gồm điều hòa, tủ lạnh, giường...",20/10/2025,04/11/2025,Tin thường,43946012,,,Đông - Nam,Tây - Bắc
"Phố Yên Phú, Xã Ngọc Hồi, Thanh Trì, Hà Nội","4,2 tỷ",31 m²,3 phòng,2 phòng,3 tầng,Sổ đỏ/ Sổ hồng,Đầy đủ,01/10/2025,11/10/2025,Tin thường,43900226,"3,5 m",3 m,,
"Dự án The Park Home, Đường Thành Thái, Phường Dịch Vọng, Cầu Giấy, Hà Nội","8,8 tỷ",80 m²,2 phòng,2 phòng,,Sổ đỏ/ Sổ hồng,Đầy đủ,26/09/2025,06/10/2025,Tin thường,44114605,,,Đông - Bắc,Tây - Nam
"Hei Tower, Ngụy Như Kon Tum, Nhân Chính, Thanh Xuân, Hà Nội","12,5 tỷ",156 m²,3 phòng,2 phòng,,Sổ đỏ/ Sổ hồng,Đầy đủ,26/09/2025,06/10/2025,Tin thường,44114745,,,Đông - Nam,Tây - Bắc
"Bamboo Airways Tower, 265, Đường Cầu Giấy, Phường Dịch Vọng, Cầu Giấy, Hà Nội","13,9 tỷ","115,8 m²",3 phòng,2 phòng,,Sổ đỏ/ Sổ hồng,Đầy đủ,26/09/2025,06/10/2025,Tin thường,44114858,,,Đông - Nam,Tây - Bắc
"Đường Võng Thị, Phường Xuân La, Tây Hồ, Hà Nội","134,5 tỷ",290 m²,,,8 tầng,Sổ đỏ/ Sổ hồng,,25/09/2025,05/10/2025,Tin thường,43982671,15 m,,,
"Đường Hoàng Quốc Việt, Phường Nghĩa Tân, Cầu Giấy, Hà Nội","18,5 tỷ",56 m²,4 phòng,3 phòng,4 tầng,Sổ đỏ/ Sổ hồng,Đầy đủ,09/10/2025,19/10/2025,Tin thường,44044229,"3,6 m",,,
"Đường Nguyễn Quốc Trinh, Xã Đại Áng, Thanh Trì, Hà Nội","3,5 tỷ",70 m²,,,,Sổ đỏ/ Sổ hồng,,18/10/2025,02/11/2025,Tin thường,43625156,12 m,2 m,,
"Dự án Eco Green City, Đường Nguyễn Xiển, Xã Tân Triều, Thanh Trì, Hà Nội","5,7 tỷ",63 m²,2 phòng,2 phòng,,Hợp đồng mua bán,Cơ bản,06/10/2025,16/10/2025,Tin thường,44110628,,,,
"Dự án Mulberry Lane, Phường Mỗ Lao, Hà Đông, Hà Nội","22,5 tỷ",414 m²,5 phòng,4 phòng,,Sổ đỏ/ Sổ hồng,Cơ bản,29/09/2025,09/10/2025,Tin thường,43960934,,,Đông - Bắc,Tây - Nam
"Phường Văn Chương, Đống Đa, Hà Nội",9 tỷ,34 m²,,,6 tầng,Sổ đỏ/ Sổ hồng,Đầy đủ,26/09/2025,06/10/2025,Tin thường,43820361,4 m,5 m,Tây - Nam,Đông - Bắc
"Phường Nghĩa Đô, Cầu Giấy, Hà Nội","14,3 tỷ",78 m²,10 phòng,,6 tầng,,,20/10/2025,04/11/2025,Tin thường,44121057,"7,3 m",,,
"Đường Ngô Thì Sỹ, Phường Vạn Phúc, Hà Đông, Hà Nội","8,5 tỷ",35 m²,4 phòng,4 phòng,5 tầng,Sổ đỏ/ Sổ hồng,Đầy đủ,26/09/2025,06/10/2025,Tin thường,44121048,,,,
"Dự án Yên Hòa, Đường Trần Kim Xuyến, Phường Yên Hòa, Cầu Giấy, Hà Nội",78 tỷ,200 m²,,,4 tầng,Sổ đỏ/ Sổ hồng,Đầy đủ,13/10/2025,23/10/2025,Tin thường,42029564,14 m,20 m,Đông - Nam,Nam
"Phường Quan Hoa, Cầu Giấy, Hà Nội","12,8 tỷ",65 m²,7 phòng,,,,,17/10/2025,01/11/2025,Tin thường,44120918,6 m,,,
"Phường Dịch Vọng, Cầu Giấy, Hà Nội","13,5 tỷ",80 m²,,,,,,20/10/2025,04/11/2025,Tin thường,44120839,,,,
"Phường Yên Hòa, Cầu Giấy, Hà Nội",25 tỷ,55 m²,,,5 tầng,Sổ đỏ/ Sổ hồng,Đầy đủ,13/10/2025,23/10/2025,Tin thường,41318095,"4,2 m",5 m,Đông - Nam,Đông - Nam
"Đường Lạc Long Quân, Phường Nhật Tân, Tây Hồ, Hà Nội","105,5 tỷ",209 m²,,,,Sổ đỏ,,14/10/2025,24/10/2025,Tin thường,43519153,105 m,,,
"Đường Lạc Long Quân, Phường Phú Thượng, Tây Hồ, Hà Nội",Thỏa thuận,268 m²,,,5 tầng,Sổ đỏ/ Sổ hồng,Đầy đủ,13/10/2025,23/10/2025,Tin thường,40839043,14 m,20 m,Tây - Bắc,Tây - Bắc
"Đường Nguyễn Văn Cừ, Phường Ngọc Lâm, Long Biên, Hà Nội","12,5 tỷ",50 m²,5 phòng,4 phòng,5 tầng,,,24/09/2025,04/10/2025,Tin thường,43392676,"4,2 m",5 m,,
"Xã Kim Chung, Hoài Đức, Hà Nội",Thỏa thuận,75 m²,,,,Sổ đỏ/ Sổ hồng,,25/09/2025,05/10/2025,Tin thường,44105032,5 m,7 m,,Bắc
"Phố Lạc Trung, Phường Thanh Lương, Hai Bà Trưng, Hà Nội",28 tỷ,70 m²,,,4 tầng,Sổ đỏ/ Sổ hồng,Đầy đủ,25/09/2025,05/10/2025,Tin thường,44105802,5 m,,,
,,,,,,,,,,,,,,,
"Đường Hậu Ái, Xã Vân Canh, Hoài Đức, Hà Nội","5,45 tỷ",36 m²,4 phòng,4 phòng,4 tầng,Sổ đỏ/ Sổ hồng,Cơ bản,25/09/2025,10/10/2025,Tin thường,44105798,"3,4 m",3 m,,Bắc
"Đường Đội Cấn, Phường Đội Cấn, Ba Đình, Hà Nội","41,9 tỷ",110 m²,,,,Sổ đỏ/ Sổ hồng,Đầy đủ,23/09/2025,03/10/2025,Tin thường,44087456,76 m,8 m,,
"Đường Trâu Quỳ, Thị trấn Trâu Quỳ, Gia Lâm, Hà Nội",20 tỷ,200 m²,,,,Sổ đỏ/ Sổ hồng,,25/09/2025,05/10/2025,Tin thường,44105789,7 m,,,
"Dự án B1-B2 Tây Nam Linh Đàm, Phường Hoàng Liệt, Hoàng Mai, Hà Nội","5,85 tỷ",67 m²,2 phòng,2 phòng,,Sổ đỏ/ Sổ hồng,Đầy đủ,25/09/2025,05/10/2025,Tin thường,38840298,,,,
"Đường Hoàng Văn Thái, Phường Khương Mai, Thanh Xuân, Hà Nội","20,6 tỷ",55 m²,,,,Sổ đỏ/ Sổ hồng,Đầy đủ,25/09/2025,05/10/2025,Tin thường,44105785,,,,
"Dự án N01-T7 Ngoại Giao Đoàn, Phường Xuân Tảo, Bắc Từ Liêm, Hà Nội",138 triệu/m²,126 m²,3 phòng,2 phòng,,Hợp đồng mua bán,Cơ bản,25/09/2025,05/10/2025,Tin thường,42453528,,,Đông - Bắc,Đông
"Phường Quang Trung, Đống Đa, Hà Nội",8 tỷ,35 m²,3 phòng,4 phòng,5 tầng,Sổ đỏ/ Sổ hồng,Cơ bản,10/10/2025,20/10/2025,Tin thường,44105779,9 m,,,
"Phường Ngọc Khánh, Ba Đình, Hà Nội",8 tỷ,32 m²,3 phòng,3 phòng,4 tầng,Sổ đỏ/ Sổ hồng,Cơ bản,14/10/2025,24/10/2025,Tin thường,44150631,3 m,,,
"Đường Phúc Lợi, Phường Phúc Lợi, Long Biên, Hà Nội","6,8 tỷ",40 m²,3 phòng,4 phòng,5 tầng,Sổ đỏ/ Sổ hồng,Đầy đủ.,11/10/2025,21/10/2025,Tin thường,43977907,"4,3 m",3 m,,
"Đường Phúc Lợi, Phường Phúc Lợi, Long Biên, Hà Nội",21 tỷ,74 m²,4 phòng,4 phòng,5 tầng,Sổ đỏ,Đầy đủ,30/09/2025,10/10/2025,Tin thường,42852499,6 m,21 m,,
"Đường Kim Đồng, Phường Tân Mai, Hoàng Mai, Hà Nội","11,85 tỷ",40 m²,,,,Sổ đỏ/ Sổ hồng,Nội thất cao cấp.,19/10/2025,03/11/2025,Tin thường,44150628,,,,
"Phố Hàng Chuối, Phường Phạm Đình Hổ, Hai Bà Trưng, Hà Nội",16 tỷ,55 m²,,,2 tầng,Sổ đỏ/ Sổ hồng,,11/10/2025,21/10/2025,Tin thường,43967998,7 m,3 m,,
"Mỹ Đình Plaza 2, Nguyễn Hoàng, Mỹ Đình 2, Nam Từ Liêm, Hà Nội","8,6 tỷ",105 m²,3 phòng,2 phòng,,Sổ đỏ/ Sổ hồng,Đầy đủ,07/10/2025,17/10/2025,Tin thường,44099666,,,Đông - Nam,Bắc
"Phố Lê Thanh Nghị, Phường Bách Khoa, Hai Bà Trưng, Hà Nội",20 tỷ,55 m²,,,,Sổ đỏ/ Sổ hồng,,22/10/2025,06/11/2025,Tin thường,44057160,,,,
"Đường Quán Thánh, Phường Trúc Bạch, Ba Đình, Hà Nội",34 tỷ,130 m²,,,3 tầng,Sổ đỏ/ Sổ hồng,Cơ bản,22/10/2025,06/11/2025,Tin thường,44150617,6 m,,,
"Đường Trần Khát Chân, Phường Đồng Nhân, Hai Bà Trưng, Hà Nội",42 tỷ,70 m²,7 phòng,6 phòng,6 tầng,Sổ đỏ/ Sổ hồng,Cơ bản,30/09/2025,10/10/2025,Tin thường,43375266,6 m,,,
"Xã Bình Minh, Thanh Oai, Hà Nội","4,05 tỷ",40 m²,4 phòng,3 phòng,3 tầng,Sổ đỏ/ Sổ hồng,Đầy đủ,13/10/2025,23/10/2025,Tin thường,44064186,"4,75 m","2,5 m",,
"Phố Trần Quốc Hoàn, Phường Nghĩa Tân, Cầu Giấy, Hà Nội","17,8 tỷ",65 m²,,,5 tầng,Sổ đỏ/ Sổ hồng,,08/10/2025,18/10/2025,Tin thường,43397138,,,,
"Đường Trúc Bạch, Phường Trúc Bạch, Ba Đình, Hà Nội",40 tỷ,180 m²,2 phòng,2 phòng,3 tầng,Sổ đỏ/ Sổ hồng,Cơ bản,23/09/2025,03/10/2025,Tin thường,44087343,11 m,8 m,Tây - Bắc,Tây - Bắc
"Đường Tân Triều, Xã Tân Triều, Thanh Trì, Hà Nội","9,2 tỷ",40 m²,4 phòng,2 phòng,4 tầng,Sổ đỏ/ Sổ hồng,,23/09/2025,08/10/2025,Tin thường,44088130,,,,
"Golden Field Mỹ Đình, Phường Cầu Diễn, Nam Từ Liêm, Hà Nội",Thỏa thuận,74 m²,2 phòng,2 phòng,,Sổ đỏ/ Sổ hồng,Đầy đủ,11/10/2025,21/10/2025,Tin thường,44088126,,,Đông - Bắc,Nam
"KĐT Xa La, Phố Phùng Hưng, Phường Phúc La, Hà Đông, Hà Nội","4,4 tỷ",77 m²,2 phòng,2 phòng,,Sổ đỏ/ Sổ hồng,Đầy đủ,23/09/2025,03/10/2025,Tin thường,44088128,,,,
"Phố Xã Đàn, Phường Ô Chợ Dừa, Đống Đa, Hà Nội",40 tỷ,80 m²,,,,Sổ đỏ/ Sổ hồng,Đầy đủ,10/10/2025,20/10/2025,Tin thường,44088125,,,,
"Đường Quốc lộ 21A(Quốc lộ 21), Xã Phú Cát, Quốc Oai, Hà Nội","3,7 tỷ",87 m²,,,,Sổ đỏ,,08/10/2025,18/10/2025,Tin thường,43567957,"5,2 m",,,
"106, Đường Hoàng Quốc Việt, Phường Nghĩa Đô, Cầu Giấy, Hà Nội","20,9 tỷ",75 m²,,,6 tầng,Sổ đỏ/ Sổ hồng,,08/10/2025,18/10/2025,Tin thường,43767285,,,,
"Đường Ngọc Thụy, Phường Ngọc Thụy, Long Biên, Hà Nội","16,7 tỷ",70 m²,,,,,,23/09/2025,03/10/2025,Tin thường,44088116,,,,
"The Sapphire 1 - Vinhomes Ocean Park, Đa Tốn, Gia Lâm, Hà Nội","3,3 tỷ",43 m²,1 phòng,1 phòng,,Hợp đồng mua bán,Cơ bản,23/09/2025,03/10/2025,Tin thường,44088115,,,Tây - Nam,Tây - Nam
"Văn Phú Victoria, Lê Trọng Tấn, Phú La, Hà Đông, Hà Nội","4,5 tỷ",70 m²,2 phòng,1 phòng,,Sổ đỏ/ Sổ hồng,,13/10/2025,23/10/2025,Tin thường,44140926,,,Đông - Nam,Tây - Bắc
"Dự án Yên Hòa, Đường Trần Kim Xuyến, Phường Yên Hòa, Cầu Giấy, Hà Nội",80 tỷ,200 m²,5 phòng,5 phòng,3 tầng,Sổ đỏ/ Sổ hồng,,21/10/2025,05/11/2025,Tin thường,43696462,14 m,15 m,,Tây - Bắc
"Thôn Thù Lỗ, Xã Liên Hà, Đông Anh, Hà Nội","4,2 tỷ","69,7 m²",,,,Sổ đỏ/ Sổ hồng,,29/09/2025,29/10/2025,Tin thường,44140481,"4,5 m",3 m,,
"Dự án KĐT Mễ Trì Hạ, Đường Phạm Hùng, Phường Mễ Trì, Nam Từ Liêm, Hà Nội",76 tỷ,220 m²,5 phòng,6 phòng,4 tầng,Sổ đỏ/ Sổ hồng,,13/10/2025,23/10/2025,Tin thường,41581350,12 m,18 m,,Tây - Bắc
"6A, Chúc Sơn, Chương Mỹ, Hà Nội","4,6 tỷ",150 m²,,,,,,29/09/2025,09/10/2025,Tin thường,41549732,7 m,,,Tây - Nam
"Phố Hoàng Cầu, Phường Ô Chợ Dừa, Đống Đa, Hà Nội",48 tỷ,125 m²,,,8 tầng,,,29/09/2025,09/10/2025,Tin thường,40669571,"16,2 m",,,
"Đường Mai Châu, Xã Đại Mạch, Đông Anh, Hà Nội","10,3 tỷ",120 m²,,,,Sổ đỏ/ Sổ hồng,,29/09/2025,09/10/2025,Tin thường,44140916,"5,5 m",4 m,,
"Liễu Giai Tower, 26, Phố Liễu Giai, Phường Cống Vị, Ba Đình, Hà Nội",120 triệu/m²,106 m²,2 phòng,2 phòng,,Hợp đồng mua bán,Cơ bản,22/10/2025,06/11/2025,Tin thường,44118969,,,Đông - Nam,
"Đường Cầu Giấy, Phường Dịch Vọng, Cầu Giấy, Hà Nội",130 tỷ,270 m²,,,8 tầng,Sổ đẹp nở hậu,,12/10/2025,22/10/2025,Tin thường,42463342,11 m,,,
"Đường Lạc Long Quân, Phường Xuân La, Tây Hồ, Hà Nội","29,2 tỷ",90 m²,5 phòng,,6 tầng,Sổ đỏ/ Sổ hồng,"Đầy đủ nội thất, hiện đại.",23/09/2025,03/10/2025,Tin thường,43414997,5 m,,,
"Đường Kim Ngưu, Phường Vĩnh Tuy, Hai Bà Trưng, Hà Nội",63 tỷ,330 m²,,,,Sổ đỏ cc,Full nội thất,04/10/2025,14/10/2025,Tin thường,43885363,8 m,,,
"Đường Văn Cao, Phường Liễu Giai, Ba Đình, Hà Nội",84 tỷ,"101,2 m²",,,,Sổ đỏ,K,04/10/2025,14/10/2025,Tin thường,43373091,"6,2 m",,,
"Phố Hàng Nón, Phường Hàng Bông, Hoàn Kiếm, Hà Nội",216 tỷ,160 m²,30 phòng,,8 tầng,Sổ đỏ,Full,14/10/2025,24/10/2025,Tin thường,43883173,"5,5 m",,,
"Phố Phủ Doãn, Phường Hàng Trống, Hoàn Kiếm, Hà Nội",75 tỷ,78 m²,,,9 tầng,Sổ đỏ,,14/10/2025,24/10/2025,Tin thường,42596591,4 m,,,
"Đường 23, Xã Kim Chung, Đông Anh, Hà Nội",Thỏa thuận,100 m²,,,,Sổ đỏ/ Sổ hồng,,26/09/2025,06/10/2025,Tin thường,44121426,,,,
"Phường Yên Nghĩa, Hà Đông, Hà Nội","3,2 tỷ",35 m²,3 phòng,,4 tầng,Sổ đỏ/ Sổ hồng,,26/09/2025,26/10/2025,Tin thường,44121423,,,,
"Đường Quan Hoa, Phường Nghĩa Đô, Cầu Giấy, Hà Nội","9,8 tỷ",35 m²,9 phòng,9 phòng,6 tầng,Sổ đỏ/ Sổ hồng,Đầy đủ,26/09/2025,06/10/2025,Tin thường,44121422,3 m,2 m,,
"Đường Hoàng Quốc Việt, Phường Nghĩa Đô, Cầu Giấy, Hà Nội","13,7 tỷ",67 m²,,,,Sổ đẹp,,20/10/2025,04/11/2025,Tin thường,44119256,"5,2 m",,,
"Đường Hoàng Quốc Việt, Phường Nghĩa Đô, Cầu Giấy, Hà Nội","13,4 tỷ",45 m²,,,6 tầng,Có sổ.,Full nội thất.,22/10/2025,06/11/2025,Tin thường,44118840,,,,
,,,,,,,,,,,,,,,
"Dự án The Victoria , Phường Tây Mỗ, Nam Từ Liêm, Hà Nội","6,7 tỷ",83 m²,3 phòng,2 phòng,,Hợp đồng mua bán,Cơ bản,26/09/2025,11/10/2025,Tin thường,43422092,,,Tây - Nam,Đông - Bắc
"Dự án The Victoria , Phường Tây Mỗ, Nam Từ Liêm, Hà Nội",75 triệu/m²,45 m²,1 phòng,1 phòng,,Hợp đồng mua bán,Cơ bản,08/10/2025,15/10/2025,Tin thường,44025187,,,,
"KĐT Tây Hồ Tây - Starlake Hà Nội, Nguyễn Văn Huyên, Xuân La, Tây Hồ, Hà Nội",Thỏa thuận,220 m²,,,3 tầng,Sổ đỏ/ Sổ hồng,"Full nội thất, có thang máy.",30/09/2025,07/10/2025,Tin thường,42769975,,,,
"Dự án Nam An Khánh, Đường Láng Hòa Lạc, Xã An Khánh, Hoài Đức, Hà Nội",Thỏa thuận,250 m²,,,,Sổ đỏ,,20/10/2025,30/10/2025,Tin VIP Vàng,41857863,,,,
"Phố Trần Tử Bình, Phường Nghĩa Tân, Cầu Giấy, Hà Nội","21,6 tỷ","56,2 m²",4 phòng,3 phòng,4 tầng,Sổ đỏ,Đầy đủ,01/10/2025,08/10/2025,Tin thường,41146689,"4,4 m","3,5 m",Tây - Nam,Tây - Nam
"The Sapphire 1 - Vinhomes Ocean Park, Đa Tốn, Gia Lâm, Hà Nội","3,26 tỷ",43 m²,,,,Sổ đỏ/ Sổ hồng,,01/10/2025,08/10/2025,Tin thường,44154524,,,Tây - Bắc,Đông - Nam
,,,,,,,,,,,,,,,
"Dự án Sunshine Riverside, Phường Phú Thượng, Tây Hồ, Hà Nội","6,1 tỷ",63 m²,2 phòng,,,,,20/10/2025,27/10/2025,Tin VIP Vàng,43913088,,,,
"Dự án Sunshine City, Phường Đông Ngạc, Bắc Từ Liêm, Hà Nội","8,15 tỷ",98 m²,3 phòng,,,,,22/10/2025,29/10/2025,Tin VIP Kim Cương,43443661,,,,
"Đường Ngô Thì Nhậm, Phường Hà Cầu, Hà Đông, Hà Nội","16,99 tỷ",48 m²,5 phòng,4 phòng,5 tầng,Sổ đỏ/ Sổ hồng.,,22/10/2025,06/11/2025,Tin thường,44136906,,,,
"Dự án Hinode Royal Park, Đường Quốc lộ 32, Xã Di Trạch, Hoài Đức, Hà Nội",16 tỷ,100 m²,6 phòng,4 phòng,5 tầng,Hợp đồng mua bán,Không nội thất,25/09/2025,05/10/2025,Tin thường,41284223,5 m,17 m,Tây - Nam,Tây - Nam
"đường Tứ Hiệp, Xã Tứ Hiệp, Thanh Trì, Hà Nội","4,85 tỷ",36 m²,4 phòng,3 phòng,,Sổ đỏ/ Sổ hồng,Cơ bản,18/10/2025,02/11/2025,Tin thường,43803523,"3,87 m",3 m,,
"Dự án The Zei Mỹ Đình, Đường Lê Đức Thọ, Phường Mỹ Đình 2, Nam Từ Liêm, Hà Nội","10,1 tỷ","93,4 m²",3 phòng,2 phòng,,Sổ đỏ/ Sổ hồng,Đầy đủ,26/09/2025,06/10/2025,Tin thường,44121213,,,Đông - Bắc,Tây - Nam
"Đường Phạm Văn Đồng, Phường Cổ Nhuế 1, Bắc Từ Liêm, Hà Nội",70 tỷ,207 m²,,,7 tầng,Sổ đỏ/ Sổ hồng,,15/10/2025,25/10/2025,Tin thường,43983061,21 m,,,
"Vinhomes D'Capitale, 119, Đường Trần Duy Hưng, Phường Trung Hòa, Cầu Giấy, Hà Nội","8,1 tỷ",68 m²,2 phòng,2 phòng,,Sổ đỏ/ Sổ hồng,Full đồ.,01/10/2025,31/10/2025,Tin thường,43972298,,,Tây - Bắc,Đông - Nam
"Đường Nguyễn Hoàng, Phường Mỹ Đình 1, Nam Từ Liêm, Hà Nội",95 tỷ,140 m²,,,9 tầng,Sổ đỏ/ Sổ hồng,,15/10/2025,25/10/2025,Tin thường,43983419,24 m,,,
"Dự án GoldSeason, Đường Nguyễn Tuân, Phường Thanh Xuân Trung, Thanh Xuân, Hà Nội","10,9 tỷ",105 m²,3 phòng,2 phòng,,Sổ đỏ/ Sổ hồng,"Đầy đủ với điều hòa, giường, tủ lạnh.",08/10/2025,18/10/2025,Tin thường,44124785,,,Tây - Nam,Đông - Bắc
"Đường Cầu Diễn, Phường Minh Khai, Bắc Từ Liêm, Hà Nội","7,4 tỷ",36 m²,4 phòng,5 phòng,7 tầng,Sổ đỏ/ Sổ hồng,Đầy đủ,01/10/2025,11/10/2025,Tin thường,43420255,4 m,5 m,,
"GoldSeason, Đường Nguyễn Tuân, Phường Thanh Xuân Trung, Thanh Xuân, Hà Nội","11,9 tỷ",93 m²,3 phòng,2 phòng,,Sổ đỏ/ Sổ hồng,"Đầy đủ: Điều hòa, tủ lạnh, giường...",07/10/2025,17/10/2025,Tin thường,44121251,,,Tây - Nam,Đông - Bắc
"HPC Landmark 105, La Khê, Hà Đông, Hà Nội","7,7 tỷ","111,5 m²",3 phòng,2 phòng,,Sổ đỏ/ Sổ hồng,Đầy đủ,26/09/2025,06/10/2025,Tin thường,44121226,,,Đông - Nam,Tây - Bắc
"Dự án Vinhomes Smart City , Phường Tây Mỗ, Nam Từ Liêm, Hà Nội","7,5 tỷ",95 m²,3 phòng,2 phòng,,Sổ đỏ/ Sổ hồng,Đầy đủ,25/09/2025,05/10/2025,Tin thường,44105328,,,,
"đường Võng Thị, Phường Thụy Khuê, Tây Hồ, Hà Nội",47 tỷ,169 m²,,,,Sổ đỏ/ Sổ hồng,,25/09/2025,05/10/2025,Tin thường,44105760,13 m,,,
"Đường Thiết Bình, Xã Vân Hà, Đông Anh, Hà Nội","8,1 tỷ",120 m²,6 phòng,3 phòng,3 tầng,Sổ đỏ/ Sổ hồng,Cơ bản,25/09/2025,10/10/2025,Tin thường,43275267,10 m,"2,6 m",,
"Phố Xã Đàn, Phường Ô Chợ Dừa, Đống Đa, Hà Nội","6,8 tỷ",35 m²,3 phòng,3 phòng,5 tầng,Sổ đỏ/ Sổ hồng,,25/09/2025,25/10/2025,Tin thường,44105572,4 m,3 m,,Tây - Bắc
"Hạ Đình Tower, Hạ Đình, Thanh Xuân Trung, Thanh Xuân, Hà Nội","7,8 tỷ",120 m²,3 phòng,2 phòng,,Sổ đỏ/ Sổ hồng,Đầy đủ,25/09/2025,05/10/2025,Tin thường,44105752,,,Đông - Nam,Tây - Bắc
"New Skyline, Văn Quán, Hà Đông, Hà Nội","8,6 tỷ",99 m²,,,,,,13/10/2025,23/10/2025,Tin thường,43964646,,,,
"Dự án AZ Lâm Viên Complex, Đường Nguyễn Phong Sắc, Phường Dịch Vọng Hậu, Cầu Giấy, Hà Nội","14,65 tỷ","191,76 m²",4 phòng,3 phòng,,Sổ đỏ/ Sổ hồng,Đầy đủ,25/09/2025,10/10/2025,Tin thường,44105743,,,Đông - Nam,Tây - Bắc
"Dự án Vinhomes Ocean Park Gia Lâm, Đường Sao Biển 24, Xã Dương Xá, Gia Lâm, Hà Nội",31 tỷ,"111,8 m²",,,5 tầng,Sổ đỏ/ Sổ hồng.,,23/09/2025,03/10/2025,Tin thường,44088478,"7,5 m",30 m,,Đông - Bắc
"Thôn Bắt Còn Chèm, Xã Khánh Thượng, Ba Vì, Hà Nội","2,45 tỷ",1.600 m²,,,,Sổ hồng sang tên.,,22/09/2025,07/10/2025,Tin thường,44075311,21 m,,,
"Dự án Ngô Thì Nhậm, Đường Ngô Thì Nhậm, Phường Hà Cầu, Hà Đông, Hà Nội",Thỏa thuận,290 m²,,,,Sổ đỏ,,10/10/2025,20/10/2025,Tin thường,38081818,,,,
"Thôn Mùi, Đường Thạch Bích, Xã Bích Hòa, Thanh Oai, Hà Nội","4,2 tỷ",30 m²,3 phòng,3 phòng,4 tầng,Sổ đỏ/ Sổ hồng,Đầy đủ nội thất,16/10/2025,31/10/2025,Tin thường,38502758,"4,2 m",2 m,Đông - Bắc,Đông - Bắc
"Phường Phúc Lợi, Long Biên, Hà Nội","8,2 tỷ",60 m²,4 phòng,,6 tầng,Sổ đỏ/ Sổ hồng,,30/09/2025,10/10/2025,Tin thường,44150609,5 m,,,
"Phố Ngũ Xã, Phường Trúc Bạch, Ba Đình, Hà Nội",27 tỷ,70 m²,,,2 tầng,Sổ đỏ/ Sổ hồng,,30/09/2025,10/10/2025,Tin thường,43804257,,,,
"Dự án Vinhomes Global Gate, Đường Cổ Loa, Xã Đông Hội, Đông Anh, Hà Nội",Thỏa thuận,"93,6 m²",,,5 tầng,Đang chờ sổ,,30/09/2025,30/10/2025,Tin thường,44150603,5 m,,Tây - Nam,Tây - Nam
"Dự án Imperia Sky Garden, Đường Minh Khai, Phường Vĩnh Tuy, Hai Bà Trưng, Hà Nội",10 tỷ,103 m²,3 phòng,2 phòng,,Sổ đỏ/ Sổ hồng,Đầy đủ,30/09/2025,10/10/2025,Tin thường,41548672,,,Đông - Bắc,Tây
"Dự án An Lạc Green Symphony, Xã Vân Canh, Hoài Đức, Hà Nội",Thỏa thuận,132 m²,5 phòng,4 phòng,4 tầng,Hợp đồng mua bán,Không nội thất,10/10/2025,20/10/2025,Tin thường,43196718,"7,5 m",13 m,Đông - Nam,Đông - Nam
"Dự án Khai Sơn City, Phường Ngọc Thụy, Long Biên, Hà Nội","7,75 tỷ","96,7 m²",3 phòng,2 phòng,,Hợp đồng mua bán,Đầy đủ,18/10/2025,02/11/2025,Tin thường,43477231,,,Đông - Nam,
"Dự án KĐT Đại Kim, Đường Nguyễn Xiển, Phường Đại Kim, Hoàng Mai, Hà Nội","19,8 tỷ",75 m²,6 phòng,4 phòng,5 tầng,Đang chờ sổ,Không nội thất,30/09/2025,10/10/2025,Tin thường,42898822,5 m,20 m,,
"Dự án KĐT Đại Kim, Đường Nguyễn Xiển, Phường Đại Kim, Hoàng Mai, Hà Nội","24,5 tỷ",83 m²,6 phòng,5 phòng,5 tầng,,,30/09/2025,10/10/2025,Tin thường,42668890,5 m,10 m,,
"Dự án Văn La - Văn Khê, Đường Quang Trung, Phường Phú La, Hà Đông, Hà Nội","17,5 tỷ",60 m²,4 phòng,5 phòng,5 tầng,Sổ đỏ/ Sổ hồng,Đầy đủ,30/09/2025,10/10/2025,Tin thường,44061228,"4,2 m",8 m,Đông - Nam,Đông - Nam
"Phố Trung Kính, Phường Yên Hòa, Cầu Giấy, Hà Nội",19 tỷ,62 m²,6 phòng,4 phòng,5 tầng,Sổ đỏ/ Sổ hồng,Đầy đủ,23/09/2025,08/10/2025,Tin thường,43951534,"4,3 m",7 m,,
"Phố Xã Đàn, Phường Phương Liên - Trung Tự, Đống Đa, Hà Nội","7,9 tỷ",45 m²,4 phòng,4 phòng,4 tầng,Sổ đỏ/ Sổ hồng,Cơ bản,20/10/2025,04/11/2025,Tin thường,43624557,5 m,2 m,,
"Phố Nghĩa Tân, Phường Nghĩa Tân, Cầu Giấy, Hà Nội","15,5 tỷ",60 m²,,,6 tầng,Sổ đỏ/ Sổ hồng,,22/10/2025,06/11/2025,Tin thường,43725587,,,,
"Xã Vạn Phúc, Thanh Trì, Hà Nội",Thỏa thuận,"137,6 m²",,,,Sổ đỏ/ Sổ hồng,,23/09/2025,03/10/2025,Tin thường,43070059,8 m,4 m,,
"Dream Town, Đường Tây Mỗ, Phường Tây Mỗ, Quận Nam Từ Liêm, Hà Nội",Thỏa thuận,134 m²,3 phòng,2 phòng,,Sổ đỏ/ Sổ hồng,Đầy đủ,23/09/2025,03/10/2025,Tin thường,44088107,,,Đông - Nam,Tây - Bắc
"Đường Hoàng Như Tiếp, Phường Bồ Đề, Long Biên, Hà Nội","20,8 tỷ",80 m²,,,6 tầng,Sổ đỏ/ Sổ hồng,Đầy đủ,03/10/2025,13/10/2025,Tin thường,43398414,,,,
"Đường Minh Khai, Phường Minh Khai, Hai Bà Trưng, Hà Nội","10,4 tỷ",41 m²,5 phòng,5 phòng,5 tầng,Sổ đỏ/ Sổ hồng,Đầy đủ,23/09/2025,03/10/2025,Tin thường,44088106,,,,
"Đường Vân Nội, Xã Vân Nội, Đông Anh, Hà Nội",Thỏa thuận,50 m²,,,,Sổ đỏ/ Sổ hồng,,23/09/2025,03/10/2025,Tin thường,42772822,4 m,3 m,,
,,,,,,,,,,,,,,,
"Đường Bồ Đề, Phường Bồ Đề, Long Biên, Hà Nội","9,3 tỷ",40 m²,3 phòng,,6 tầng,Sổ đỏ/ Sổ hồng,Đầy đủ,23/09/2025,03/10/2025,Tin thường,44087208,"6,2 m",3 m,,
"Xã Di Trạch, Hoài Đức, Hà Nội","17,5 tỷ",130 m²,,,,Sổ đỏ/ Sổ hồng,,28/09/2025,28/10/2025,Tin thường,44131663,9 m,10 m,,Tây - Bắc
"Đường Lạc Long Quân, Phường Xuân La, Tây Hồ, Hà Nội",94 tỷ,360 m²,,,,Sổ đỏ/ Sổ hồng,,14/10/2025,24/10/2025,Tin thường,43634872,17 m,,,
"Dự án Star Tower, Đường Dương Đình Nghệ, Phường Yên Hòa, Cầu Giấy, Hà Nội",12 tỷ,159 m²,4 phòng,3 phòng,,Sổ đỏ/ Sổ hồng,Đầy đủ,21/10/2025,05/11/2025,Tin thường,44098717,,,Đông - Bắc,Tây - Nam
"Ngõ đường Ngọc Hà, Phường Ngọc Hà, Ba Đình, Hà Nội","3,25 tỷ",10 m²,2 phòng,3 phòng,4 tầng,Sổ đỏ/ Sổ hồng,Cơ bản,22/09/2025,02/10/2025,Tin thường,44079502,"2,3 m",2 m,Tây,Tây
"Dự án Ha Do Park View, Đường Duy Tân, Phường Dịch Vọng, Cầu Giấy, Hà Nội","10,8 tỷ",128 m²,3 phòng,2 phòng,,Sổ đỏ/ Sổ hồng,Đầy đủ,24/09/2025,04/10/2025,Tin thường,44100376,,,Tây - Nam,Đông - Bắc
"Dự án Kosmo Tây Hồ, Đường Xuân La, Phường Xuân Tảo, Bắc Từ Liêm, Hà Nội","8,5 tỷ",85 m²,2 phòng,2 phòng,,Sổ đỏ/ Sổ hồng,Đầy đủ,23/09/2025,08/10/2025,Tin thường,44087243,,,Tây - Bắc,Đông
"Dự án Sun Feliza Suites, Đường Phạm Hùng, Phường Dịch Vọng Hậu, Cầu Giấy, Hà Nội.",11 tỷ,70 m²,,,,Hợp đồng mua bán,,13/10/2025,28/10/2025,Tin thường,43782455,,,,
"Đường Trần Thái Tông, Phường Dịch Vọng Hậu, Cầu Giấy, Hà Nội","35,5 tỷ",150 m²,51 phòng,51 phòng,8 tầng,Sổ đỏ/ Sổ hồng,Đầy đủ,10/10/2025,20/10/2025,Tin thường,43614027,,,,
"Đường Nguyễn Khánh Toàn, Phường Quan Hoa, Cầu Giấy, Hà Nội",35 tỷ,126 m²,2 phòng,2 phòng,4 tầng,Sổ đỏ/ Sổ hồng,Đầy đủ,10/10/2025,20/10/2025,Tin thường,41978330,"7,8 m",4 m,,
"Handico Complex, Đường Lê Văn Lương, Phường Nhân Chính, Thanh Xuân, Hà Nội","5,9 tỷ",65 m²,2 phòng,2 phòng,,,,10/10/2025,20/10/2025,Tin thường,44131650,,,,
"Dự án Legend Tower 109 Nguyễn Tuân, Đường Nguyễn Tuân, Phường Nhân Chính, Thanh Xuân, Hà Nội","8,5 tỷ","72,5 m²",2 phòng,2 phòng,,Sổ đỏ/ Sổ hồng,Đầy đủ,29/09/2025,09/10/2025,Tin thường,44140907,,,Đông - Nam,Tây - Bắc
"Đường Hồ Tùng Mậu, Phường Mai Dịch, Cầu Giấy, Hà Nội",8 tỷ,38 m²,3 phòng,3 phòng,4 tầng,Sổ đỏ/ Sổ hồng,Đầy đủ,29/09/2025,09/10/2025,Tin thường,44140904,,,,
"Đường Bát Khối, Phường Long Biên, Long Biên, Hà Nội","8,65 tỷ",45 m²,3 phòng,5 phòng,6 tầng,Sổ đỏ/ Sổ hồng,Đầy đủ,29/09/2025,14/10/2025,Tin thường,44140902,"6,5 m","3,5 m",,
"Đường Y Miếu, Phường Văn Miếu - Quốc Tử Giám, Đống Đa, Hà Nội","13,5 tỷ",61 m²,2 phòng,2 phòng,2 tầng,Sổ đỏ/ Sổ hồng,Cơ bản,29/09/2025,09/10/2025,Tin thường,44140898,"6,2 m",4 m,Tây - Bắc,Tây - Bắc
"Phố Xã Đàn, Phường Ô Chợ Dừa, Đống Đa, Hà Nội","76,7 tỷ",120 m²,,,7 tầng,Sổ đỏ/ Sổ hồng,,10/10/2025,20/10/2025,Tin thường,43336773,,,,
"Đường Định Công Hạ, Phường Định Công, Hoàng Mai, Hà Nội","5,9 tỷ",32 m²,6 phòng,6 phòng,6 tầng,Sổ đỏ/ Sổ hồng,Đầy đủ,26/09/2025,06/10/2025,Tin thường,44118951,"3,3 m",2 m,Tây - Bắc,Tây - Bắc
"Phường Xuân La, Tây Hồ, Hà Nội","19,9 tỷ",68 m²,,,,Sổ đỏ/ Sổ hồng,,23/09/2025,03/10/2025,Tin thường,44083255,,,,
"Đường Võ Thị Sáu, Phường Thanh Nhàn, Hai Bà Trưng, Hà Nội","14,5 tỷ",73 m²,,,,Sổ đỏ/ Sổ hồng,,29/09/2025,09/10/2025,Tin thường,42834433,8 m,,,
"Phố Chùa Bộc, Phường Kim Liên, Đống Đa, Hà Nội","6,1 tỷ",17 m²,3 phòng,4 phòng,6 tầng,Sổ đỏ/ Sổ hồng,Đầy đủ,29/09/2025,09/10/2025,Tin thường,44140888,,,,
"Lumi Hanoi, Đường Đại lộ Thăng Long, Phường Tây Mỗ, Nam Từ Liêm, Hà Nội",Thỏa thuận,"105,7 m²",,,,Hợp đồng mua bán,Không nội thất,29/09/2025,09/10/2025,Tin thường,43548646,16 m,40 m,,Tây - Bắc
"Xã Vân Côn, Hoài Đức, Hà Nội",20 triệu/m²,74 m²,,,,Đang chờ sổ,,26/09/2025,06/10/2025,Tin thường,43967764,"4,5 m",4 m,,
"Phố Đồng Nhân, Phường Phố Huế, Hai Bà Trưng, Hà Nội","10,6 tỷ",35 m²,2 phòng,3 phòng,4 tầng,Sổ đỏ/ Sổ hồng,Đầy đủ,22/09/2025,02/10/2025,Tin thường,44079646,"8,7 m",6 m,,
"Đường Phạm Khắc Quảng, Phường Việt Hưng, Long Biên, Hà Nội","19,5 tỷ",90 m²,,,,,,26/09/2025,06/10/2025,Tin thường,44113201,20 m,14 m,,
"Đường Khương Đình, Phường Thượng Đình, Thanh Xuân, Hà Nội","18,5 tỷ",61 m²,2 phòng,,5 tầng,Sổ đỏ/ Sổ hồng,Đầy đủ,26/09/2025,06/10/2025,Tin thường,44118153,"3,4 m",,,
"Vạn Phúc, Thanh Trì, Hà Nội","3,6 tỷ",47 m²,,,,Sổ đỏ/ Sổ hồng,,26/09/2025,06/10/2025,Tin thường,44121409,"3,4 m",4 m,,
"Dự án Vinhomes Ocean Park Gia Lâm, Đường Hải Âu 1, Xã Dương Xá, Gia Lâm, Hà Nội","4,1 tỷ",68 m²,2 phòng,2 phòng,,Sổ đỏ,Đầy đủ,08/10/2025,18/10/2025,Tin thường,31451647,,,Đông - Nam,Tây - Bắc
"Đường Thư Lâm, Xã Thụy Lâm, Đông Anh, Hà Nội","2,5 tỷ",55 m²,,,,Sổ đỏ/ Sổ hồng,,26/09/2025,26/10/2025,Tin thường,44121408,"4,2 m",3 m,,
"Đường Vĩnh Quỳnh, Xã Vĩnh Quỳnh, Thanh Trì, Hà Nội","7,5 tỷ",40 m²,5 phòng,3 phòng,5 tầng,Sổ đỏ/ Sổ hồng.,Cơ bản,09/10/2025,19/10/2025,Tin thường,42358581,,,,
"The Paris - Vinhomes Ocean Park, Đa Tốn, Gia Lâm, Hà Nội","4,6 tỷ","66,5 m²",2 phòng,2 phòng,,Hợp đồng mua bán,Cơ bản,26/09/2025,06/10/2025,Tin thường,44121399,,,,
"Trung Hòa Nhân Chính, Đường Lê Văn Lương, Phường Trung Hòa, Cầu Giấy, Hà Nội","5,15 tỷ",65 m²,1 phòng,1 phòng,,Sổ đỏ/ Sổ hồng,Đầy đủ,13/10/2025,23/10/2025,Tin thường,44115813,,,,
"Đường Đê La Thành, Phường Phương Liên, Đống Đa, Hà Nội","12,7 tỷ",50 m²,11 phòng,11 phòng,7 tầng,Sổ đỏ/ Sổ hồng,Đầy đủ,25/09/2025,05/10/2025,Tin thường,42356933,,,Đông - Nam,Đông - Nam
"Phố Tạ Quang Bửu, Phường Bách Khoa, Hai Bà Trưng, Hà Nội","21,5 tỷ",90 m²,,,,,,25/09/2025,05/10/2025,Tin thường,44002081,,,,
"D’. El Dorado, Nguyễn Hoàng Tôn, Phú Thượng, Tây Hồ, Hà Nội","10,5 tỷ",86 m²,3 phòng,2 phòng,,Hợp đồng mua bán,,25/09/2025,10/10/2025,Tin thường,43978587,,,Đông - Bắc,Đông - Nam
"Phố Xã Đàn, Phường Khâm Thiên, Đống Đa, Hà Nội",18 tỷ,70 m²,20 phòng,20 phòng,8 tầng,Sổ đỏ/ Sổ hồng,Đầy đủ,13/10/2025,28/10/2025,Tin thường,39067861,5 m,"2,5 m",,
"Thị trấn Vân Đình, Ứng Hòa, Hà Nội","2,15 tỷ","50,2 m²",,,,Sổ đỏ/ Sổ hồng,,25/09/2025,05/10/2025,Tin thường,44105726,,4 m,,
,,,,,,,,,,,,,,,
"Phố Xã Đàn, Phường Khâm Thiên, Đống Đa, Hà Nội",28 tỷ,100 m²,24 phòng,,,Sổ đỏ/ Sổ hồng,Đầy đủ,13/10/2025,28/10/2025,Tin thường,43976141,,,Tây - Bắc,Tây - Bắc
"Xã Thanh Cao, Thanh Oai, Hà Nội",70 triệu/m²,50 m²,,,,Sổ đỏ/ Sổ hồng,,25/09/2025,10/10/2025,Tin thường,44105249,"4,5 m",4 m,,Nam
,,,,,,,,,,,,,,,
"Phường Văn Quán, Hà Đông, Hà Nội",42 triệu/m²,1.100 m²,,,,,,10/10/2025,20/10/2025,Tin thường,38890163,,,,
"Đường Thọ Am, Xã Liên Ninh, Thanh Trì, Hà Nội","4,05 tỷ",40 m²,3 phòng,3 phòng,3 tầng,Sổ đỏ/ Sổ hồng,,16/10/2025,31/10/2025,Tin thường,43290234,4 m,"2,5 m",,
"Ngõ 142, Đường Nguyễn Đình Hoàn, Phường Nghĩa Đô, Cầu Giấy, Hà Nội","14,3 tỷ",47 m²,4 phòng,3 phòng,4 tầng,Sổ đỏ/ Sổ hồng,Đầy đủ,01/10/2025,11/10/2025,Tin thường,44158249,,3 m,,
"Dự án Times City, Đường Minh Khai, Phường Vĩnh Tuy, Hai Bà Trưng, Hà Nội",6 tỷ,54 m²,1 phòng,1 phòng,,Sổ đỏ,Nội thất hiện đại sang trọng như ảnh (chỉ xách vali vào là ở).,14/10/2025,24/10/2025,Tin thường,42113842,,,Nam,Bắc
"Sky Park Residence, Tôn Thất Thuyết, Dịch Vọng Hậu, Cầu Giấy, Hà Nội","14,5 tỷ",128 m²,3 phòng,2 phòng,,Sổ đỏ/ Sổ hồng,Đầy đủ,19/09/2025,19/10/2025,Tin thường,44058142,,,Nam,Bắc
"Phố Phạm Tuấn Tài, Phường Dịch Vọng Hậu, Cầu Giấy, Hà Nội","28,5 tỷ",60 m²,4 phòng,6 phòng,7 tầng,Sổ đỏ/ Sổ hồng,Đầy đủ,01/10/2025,11/10/2025,Tin thường,43414386,"4,8 m",,,
"Dự án Tràng An Complex, Phố Phùng Chí Kiên, Phường Nghĩa Đô, Cầu Giấy, Hà Nội","8,35 tỷ",75 m²,2 phòng,2 phòng,,Sổ đỏ/ Sổ hồng,Đầy đủ,01/10/2025,11/10/2025,Tin thường,44158247,,,Bắc,
"Le Grand Jardin Sài Đồng, Huỳnh Văn Nghệ, Phúc Đồng, Long Biên, Hà Nội","5,5 tỷ",76 m²,2 phòng,2 phòng,,Sổ đỏ/ Sổ hồng,Đầy đủ,17/10/2025,01/11/2025,Tin thường,43663344,,,Đông - Nam,Đông - Bắc
"Đường Xuân Thủy, Phường Dịch Vọng Hậu, Cầu Giấy, Hà Nội","13,5 tỷ",62 m²,16 phòng,16 phòng,7 tầng,Sổ đỏ/ Sổ hồng,Đầy đủ,01/10/2025,11/10/2025,Tin thường,44068941,5 m,3 m,,
"Dự án Eco Green City, 286 Đường Nguyễn Xiển, Xã Tân Triều, Thanh Trì, Hà Nội","4,3 tỷ",56 m²,2 phòng,1 phòng,,Sổ đỏ/ Sổ hồng,Đầy đủ,01/10/2025,11/10/2025,Tin thường,44158244,,,Tây - Bắc,Đông - Nam
"Đường Đỗ Đức Dục, Phường Mễ Trì, Nam Từ Liêm, Hà Nội",23 tỷ,98 m²,34 phòng,34 phòng,8 tầng,Sổ đỏ/ Sổ hồng,Đầy đủ,30/09/2025,10/10/2025,Tin thường,44062108,6 m,3 m,,
"Dự án An Quý Villa - KĐT Dương Nội, Phường Dương Nội, Hà Đông, Hà Nội",180 triệu/m²,235 m²,5 phòng,5 phòng,4 tầng,Sổ đỏ/ Sổ hồng,Không nội thất,22/10/2025,01/11/2025,Tin VIP Bạc,40801665,11 m,20 m,Tây - Nam,Đông - Bắc
"Đường Kiến Hưng, Phường Kiến Hưng, Hà Đông, Hà Nội","13,3 tỷ",52 m²,,,,Sổ đỏ/ Sổ hồng,,30/09/2025,07/10/2025,Tin thường,44153856,4 m,10 m,,
"Dự án Nhà ở cho CBCS Bộ Công an, Đường Phạm Văn Đồng, Phường Cổ Nhuế 2, Bắc Từ Liêm, Hà Nội",Thỏa thuận,70 m²,2 phòng,2 phòng,,Sổ đỏ/ Sổ hồng,Đầy đủ,21/10/2025,05/11/2025,Tin thường,42405201,,,Nam,
"Dự án KĐT Tây Hồ Tây - Starlake Hà Nội, Phường Xuân La, Tây Hồ, Hà Nội",Thỏa thuận,220 m²,5 phòng,5 phòng,3 tầng,Sổ đỏ,,22/10/2025,29/10/2025,Tin VIP Bạc,43917717,15 m,50 m,Nam,Nam
"Đường Nguyễn Hữu Thọ, Phường Hoàng Liệt, Hoàng Mai, Hà Nội",160 tỷ,200 m²,8 phòng,,8 tầng,Sổ đỏ/ Sổ hồng,,30/09/2025,07/10/2025,Tin thường,44153519,,,,
"Ngõ 96, Đường Đê La Thành, Phường Văn Miếu - Quốc Tử Giám, Đống Đa, Hà Nội","7,1 tỷ",50 m²,4 phòng,5 phòng,4 tầng,Sổ đỏ/ Sổ hồng,Đầy đủ,30/09/2025,07/10/2025,Tin thường,44153504,,,,
"Dự án Discovery Complex, Đường Cầu Giấy, Phường Dịch Vọng, Cầu Giấy, Hà Nội",16 tỷ,"195,18 m²",4 phòng,3 phòng,,Hợp đồng mua bán,Cơ bản,10/10/2025,09/11/2025,Tin thường,44119093,,,,
"Xã Cổ Đông, Sơn Tây, Hà Nội","2,65 tỷ",100 m²,,,,Sổ đỏ/ Sổ hồng,,30/09/2025,10/10/2025,Tin thường,43753200,5 m,5 m,,
"Dự án The Beverly - Vinhomes Ocean Park, Xã Đa Tốn, Gia Lâm, Hà Nội","3,16 tỷ","43,3 m²",1 phòng,1 phòng,,Hợp đồng mua bán,Không nội thất,30/09/2025,07/10/2025,Tin thường,44153060,,,,
"Sunshine City, Đông Ngạc, Bắc Từ Liêm, Hà Nội",Thỏa thuận,89 m²,3 phòng,2 phòng,,,,03/10/2025,10/10/2025,Tin thường,43893458,,,,
"Dự án TSQ Galaxy, Đường Tố Hữu, Phường Vạn Phúc, Hà Đông, Hà Nội",28 tỷ,91 m²,5 phòng,5 phòng,6 tầng,Sổ đỏ/ Sổ hồng,Cơ bản,30/09/2025,10/10/2025,Tin thường,43735253,"5,2 m",20 m,,
"Dự án The Manor Central Park, Đường Nghiêm Xuân Yêm, Phường Đại Kim, Hoàng Mai, Hà Nội",28 tỷ,75 m²,5 phòng,4 phòng,5 tầng,Sổ đỏ/ Sổ hồng,Cơ bản,30/09/2025,10/10/2025,Tin thường,43172809,5 m,20 m,,
"Đường Hoàng Văn Thái, Phường Khương Trung, Thanh Xuân, Hà Nội","13,9 tỷ",65 m²,6 phòng,3 phòng,5 tầng,Sổ đỏ/ Sổ hồng,Cơ bản,16/10/2025,31/10/2025,Tin thường,44150591,,6 m,,
,,,,,,,,,,,,,,,
"Imperia Sky Garden, Minh Khai, Vĩnh Tuy, Hai Bà Trưng, Hà Nội","7,9 tỷ",82 m²,2 phòng,2 phòng,,Sổ đỏ/ Sổ hồng,Đầy đủ,06/10/2025,16/10/2025,Tin thường,44090944,,,Nam,Bắc
"Xã Bích Hòa, Huyện Thanh Oai, Hà Nội","4,1 tỷ",37 m²,3 phòng,4 phòng,4 tầng,Sổ đỏ/ Sổ hồng,Cơ bản,13/10/2025,23/10/2025,Tin thường,37511946,"3,2 m",2 m,Nam,Nam
"Him Lam Vạn Phúc, Đường Tố Hữu, Phường Vạn Phúc, Hà Đông, Hà Nội",33 tỷ,91 m²,5 phòng,4 phòng,6 tầng,Sổ đỏ/ Sổ hồng,Cơ bản,25/09/2025,05/10/2025,Tin thường,43739030,"6,5 m",20 m,,
"Him Lam Vạn Phúc, Đường Tố Hữu, Phường Vạn Phúc, Quận Hà Đông, Hà Nội","34,5 tỷ",91 m²,5 phòng,4 phòng,6 tầng,Sổ đỏ/ Sổ hồng,Cơ bản,25/09/2025,05/10/2025,Tin thường,43739047,"6,5 m",20 m,,
"Đường Nguyễn Tuân, Phường Nhân Chính, Thanh Xuân, Hà Nội","26,5 tỷ",60 m²,5 phòng,4 phòng,5 tầng,Sổ đỏ/ Sổ hồng,Cơ bản,13/10/2025,23/10/2025,Tin thường,44033024,5 m,,,
"Đường Nguyễn Thị Thập, Phường Nhân Chính, Thanh Xuân, Hà Nội",45 tỷ,86 m²,6 phòng,5 phòng,5 tầng,Sổ đỏ/ Sổ hồng,Cơ bản,14/10/2025,24/10/2025,Tin thường,44081754,7 m,,,
"106, Đường Hoàng Quốc Việt, Phường Nghĩa Đô, Cầu Giấy, Hà Nội","16,7 tỷ",68 m²,,,6 tầng,Sổ đỏ/ Sổ hồng,,22/10/2025,06/11/2025,Tin thường,43135187,,,,
"Dự án N03-T5 Ngoại Giao Đoàn, Đường Xuân Tảo, Phường Xuân Đỉnh, Bắc Từ Liêm, Hà Nội",7 tỷ,82 m²,2 phòng,2 phòng,,Sổ đỏ/ Sổ hồng,Đầy đủ,23/09/2025,03/10/2025,Tin thường,43460169,,,,
"Đường Giang Chính, Phường Biên Giang, Hà Đông, Hà Nội","4,89 tỷ","82,8 m²",,,,Sổ đỏ/ Sổ hồng,,23/09/2025,03/10/2025,Tin thường,44088086,"4,6 m","3,5 m",,Tây - Bắc
"Đường Vĩnh Phúc, Phường Vĩnh Phúc, Ba Đình, Hà Nội","30,5 tỷ",54 m²,6 phòng,6 phòng,6 tầng,Sổ đỏ/ Sổ hồng,Cơ bản,23/09/2025,03/10/2025,Tin thường,44087899,"4,7 m",7 m,,
"Roman Plaza, Tố Hữu, Đại Mỗ, Nam Từ Liêm, Hà Nội","8,5 tỷ",100 m²,3 phòng,2 phòng,,Sổ đỏ/ Sổ hồng,,23/09/2025,03/10/2025,Tin thường,44088081,,,,
"Dự án Jade Square, Đường Nguyễn Đình Tứ, Phường Xuân Đỉnh, Bắc Từ Liêm, Hà Nội","4,6 tỷ",72 m²,2 phòng,2 phòng,,Hợp đồng mua bán,Cơ bản,23/09/2025,03/10/2025,Tin thường,43312530,,,,
"Dự án Vinhomes Cổ Loa, Đường Cổ Loa, Xã Đông Hội, Đông Anh, Hà Nội",23 tỷ,75 m²,,,,Sổ đỏ/ Sổ hồng,,07/10/2025,06/11/2025,Tin thường,42968757,,,,Đông - Bắc
"Đường Cổ Linh, Phường Thạch Bàn, Long Biên, Hà Nội","29,5 tỷ",110 m²,4 phòng,3 phòng,5 tầng,Sổ đỏ/ Sổ hồng,Đầy đủ.,03/10/2025,13/10/2025,Tin thường,43771191,20 m,15 m,,
"Minh Khai, Bắc Từ Liêm, Hà Nội","10,5 tỷ",75 m²,,,,Sổ đỏ/ Sổ hồng,,23/09/2025,03/10/2025,Tin thường,44088067,,,,
"đường Võng Thị, Phường Bưởi, Tây Hồ, Hà Nội",Thỏa thuận,150 m²,,,,,,23/09/2025,03/10/2025,Tin thường,44088063,,,,
"Đường Phú Diễn, Phường Phú Diễn, Bắc Từ Liêm, Hà Nội",Thỏa thuận,93 m²,6 phòng,7 phòng,6 tầng,Sổ đỏ/ Sổ hồng,Đầy đủ,26/09/2025,06/10/2025,Tin thường,44121397,"6,8 m",20 m,,
"Đường Vành Đai 3.5, Xã Vân Canh, Hoài Đức, Hà Nội","8,9 tỷ",50 m²,,,,Sổ đỏ/ Sổ hồng,,26/09/2025,06/10/2025,Tin thường,44008475,4 m,12 m,,
"KĐT Trung Văn - Vinaconex 3, Đường Tố Hữu, Phường Trung Văn, Nam Từ Liêm, Hà Nội",49 tỷ,180 m²,4 phòng,4 phòng,5 tầng,Sổ đỏ/ Sổ hồng,Đầy đủ,08/10/2025,18/10/2025,Tin thường,43798894,9 m,15 m,,
"Dự án Vạn Phúc - Simco Sông Đà, Phố Nguyễn Thanh Bình, Phường Vạn Phúc, Hà Đông, Hà Nội",39 tỷ,170 m²,6 phòng,5 phòng,4 tầng,Sổ đỏ/ Sổ hồng,Đầy đủ,18/10/2025,02/11/2025,Tin thường,43900982,11 m,,,
"The Grand Hà Nội, số 22 + 24, Phố Hàng Bài, Phường Hàng Bài, Hoàn Kiếm, Hà Nội",75 tỷ,155 m²,2 phòng,2 phòng,,Hợp đồng mua bán,Đầy đủ,08/10/2025,18/10/2025,Tin thường,38372912,,,,
"Đường Nguyễn Gia Thiều, Phường Trần Hưng Đạo, Hoàn Kiếm, Hà Nội",190 tỷ,255 m²,6 phòng,6 phòng,3 tầng,,,15/10/2025,30/10/2025,Tin thường,42451644,"8,5 m",,,
"Đường Âu Cơ, Phường Quảng An, Tây Hồ, Hà Nội",13 tỷ,55 m²,6 phòng,6 phòng,5 tầng,Sổ đỏ/ Sổ hồng,,18/10/2025,02/11/2025,Tin thường,44029650,"4,5 m","2,5 m",Tây - Nam,Tây - Nam
"Xã Tráng Việt, Mê Linh, Hà Nội",65 triệu/m²,90 m²,,,,Sổ đỏ/ Sổ hồng,,26/09/2025,11/10/2025,Tin thường,44121378,5 m,8 m,,Nam
"Xã Vạn Phúc, Thanh Trì, Hà Nội","4,8 tỷ",40 m²,4 phòng,3 phòng,4 tầng,Sổ đỏ/ Sổ hồng,Đầy đủ,26/09/2025,06/10/2025,Tin thường,43954137,"3,5 m",2 m,,
"Vạn Phúc, Thanh Trì, Hà Nội","4,85 tỷ",45 m²,4 phòng,3 phòng,4 tầng,Sổ đỏ/ Sổ hồng,Cơ bản,26/09/2025,06/10/2025,Tin thường,43960074,6 m,2 m,,
"Thị trấn Kim Bài, Thanh Oai, Hà Nội",60 triệu/m²,"56,2 m²",,,,Sổ đỏ/ Sổ hồng,,29/09/2025,09/10/2025,Tin thường,44034057,"4,03 m","3,5 m",,
"Xã Vĩnh Quỳnh, Huyện Thanh Trì, Hà Nội","5,95 tỷ",66 m²,,,4 tầng,Sổ đỏ/ Sổ hồng,,29/09/2025,09/10/2025,Tin thường,44140884,4 m,3 m,,
"Dự án Ciputra Hà Nội, Đường Lạc Long Quân, Phường Phú Thượng, Tây Hồ, Hà Nội",100 tỷ,412 m²,,,3 tầng,Sổ đỏ/ Sổ hồng,,29/09/2025,09/10/2025,Tin thường,38854577,12 m,,,
"Vinhomes Global Gate, Đường Cổ Loa, Xã Đông Hội, Đông Anh, Hà Nội","24,5 tỷ","62,5 m²",4 phòng,4 phòng,5 tầng,Hợp đồng mua bán,Không nội thất,29/09/2025,09/10/2025,Tin thường,44140879,5 m,13 m,Tây - Bắc,Tây - Bắc
"Xã Bích Hòa, Thanh Oai, Hà Nội",98 triệu/m²,"48,7 m²",,,,Sổ đỏ/ Sổ hồng,,22/10/2025,06/11/2025,Tin thường,44056853,"4,39 m",4 m,,Tây
"Dự án Sudico Mỹ Đình, Đường Phạm Hùng, Phường Mỹ Đình 1, Nam Từ Liêm, Hà Nội",42 tỷ,91 m²,,4 phòng,4 tầng,Sổ đỏ/ Sổ hồng,,13/10/2025,23/10/2025,Tin thường,42886893,5 m,15 m,,Tây - Bắc
"Đường Lương Ngọc Quyến, Phường Văn Quán, Hà Đông, Hà Nội","8,6 tỷ",46 m²,5 phòng,6 phòng,4 tầng,Sổ đỏ/ Sổ hồng,Cơ bản,23/09/2025,08/10/2025,Tin thường,44088767,"3,4 m",3 m,,
"Đường Tư Đình, Phường Long Biên, Long Biên, Hà Nội",25 tỷ,112 m²,,,,Sổ đỏ/ Sổ hồng,,27/09/2025,07/10/2025,Tin thường,44124735,"4,2 m",,,
"Phố Trần Đại Nghĩa, Phường Bách Khoa, Hai Bà Trưng, Hà Nội",52 tỷ,60 m²,8 phòng,8 phòng,7 tầng,Sổ đỏ/ Sổ hồng,Đầy đủ,20/10/2025,04/11/2025,Tin thường,44140866,"5,5 m",15 m,,
"Dự án Seasons Avenue, Phường Mỗ Lao, Hà Đông, Hà Nội",22 tỷ,500 m²,5 phòng,4 phòng,,Sổ đỏ/ Sổ hồng,,20/10/2025,04/11/2025,Tin thường,43839169,,,Đông - Nam,Tây - Nam
"Đường Nguyễn Đức Cảnh, Phường Hoàng Văn Thụ, Hoàng Mai, Hà Nội",6 tỷ,35 m²,3 phòng,3 phòng,4 tầng,Sổ đỏ/ Sổ hồng,Đầy đủ,23/09/2025,03/10/2025,Tin thường,43922463,"3,7 m",4 m,,
"Dự án Masteri Water Front, Đường Quốc Lộ 5B, Xã Đa Tốn, Gia Lâm, Hà Nội","4,6 tỷ","63,3 m²",2 phòng,,,,Bàn giao nguyên bản CĐT cao cấp.,22/10/2025,06/11/2025,Tin thường,43286457,,,,
"Lideco, Đường Quốc lộ 32, Thị trấn Trạm Trôi, Hoài Đức, Hà Nội",Thỏa thuận,287 m²,,,,Sổ đỏ/ Sổ hồng,,22/10/2025,06/11/2025,Tin thường,43310674,,,,
"Đường Hồ Tùng Mậu, Phường Mai Dịch, Cầu Giấy, Hà Nội",66 tỷ,120 m²,,,10 tầng,Sổ đỏ/ Sổ hồng,Đầy đủ,28/09/2025,08/10/2025,Tin thường,44131648,"9,9 m",,,
"Đường Kim Giang, Phường Đại Kim, Hoàng Mai, Hà Nội","12,2 tỷ",54 m²,4 phòng,4 phòng,4 tầng,Sổ đỏ/ Sổ hồng,Đầy đủ,28/09/2025,08/10/2025,Tin thường,44131646,5 m,6 m,,
"Thạch Bàn, Đường Thạch Bàn, Phường Thạch Bàn, Long Biên, Hà Nội",5 tỷ,37 m²,4 phòng,4 phòng,5 tầng,Sổ đỏ/ Sổ hồng,Đầy đủ,08/10/2025,18/10/2025,Tin thường,43291083,4 m,3 m,,
"Đường Tân Phong, Phường Thụy Phương, Bắc Từ Liêm, Hà Nội","5,8 tỷ",41 m²,,,,Sổ đỏ/ Sổ hồng,,24/09/2025,24/10/2025,Tin thường,44102508,"4,5 m",2 m,,
"Vinhomes Ocean Park Gia Lâm, Dương Xá, Gia Lâm, Hà Nội",32 tỷ,152 m²,,,,,,28/09/2025,28/10/2025,Tin thường,43998406,16 m,,,
"TSQ Galaxy, Tố Hữu, Vạn Phúc, Hà Đông, Hà Nội",33 tỷ,91 m²,,,,Sổ đỏ/ Sổ hồng,Đầy đủ,27/09/2025,07/10/2025,Tin thường,44018815,,,,
"Tổ 12, Phường Đồng Mai, Hà Đông, Hà Nội","3,5 tỷ","34,2 m²",4 phòng,3 phòng,4 tầng,Sổ đỏ/ Sổ hồng,,09/10/2025,19/10/2025,Tin thường,41954328,3 m,3 m,Tây - Nam,Tây - Nam
"đường Cổ Bi, Xã Cổ Bi, Gia Lâm, Hà Nội","3,1 tỷ","38,5 m²",,,,Sổ đỏ/ Sổ hồng,,25/09/2025,05/10/2025,Tin thường,44105711,"3,68 m",2 m,,
"Đường Nguyễn Tuân, Phường Nhân Chính, Thanh Xuân, Hà Nội",65 tỷ,72 m²,6 phòng,6 phòng,6 tầng,Sổ đỏ/ Sổ hồng,Đầy đủ,25/09/2025,05/10/2025,Tin thường,42599064,5 m,20 m,Đông - Bắc,Đông - Bắc
"Dự án Eurowindow Multi Complex, Đường Trần Duy Hưng, Phường Trung Hòa, Cầu Giấy, Hà Nội","10,9 tỷ",139 m²,3 phòng,2 phòng,,Sổ đỏ/ Sổ hồng,Đầy đủ,25/09/2025,05/10/2025,Tin thường,44017199,,,Tây - Bắc,Đông - Nam
"Phố Phương Mai, Phường Phương Mai, Đống Đa, Hà Nội","15,5 tỷ",40 m²,3 phòng,6 phòng,7 tầng,Sổ đỏ/ Sổ hồng,,25/09/2025,10/10/2025,Tin thường,44105214,"4,15 m",5 m,,
"Dự án The Sakura - Vinhomes Smart City, Phường Tây Mỗ, Nam Từ Liêm, Hà Nội",Thỏa thuận,66 m²,,,,Hợp đồng mua bán,Cơ bản,12/10/2025,22/10/2025,Tin thường,43599948,16 m,20 m,,Đông - Nam
"Trung tâm thương mại Chợ Mơ, Bạch Mai, Trương Định, Hai Bà Trưng, Hà Nội",Thỏa thuận,158 m²,,,,,,25/09/2025,05/10/2025,Tin thường,41662130,,,,
"Đường Hoàng Văn Thái, Phường Phương Liệt, Thanh Xuân, Hà Nội","57,5 tỷ",100 m²,9 phòng,9 phòng,9 tầng,Sổ đỏ/ Sổ hồng,Đầy đủ,13/10/2025,28/10/2025,Tin thường,44012438,6 m,10 m,Đông,Đông
"Dự án Goldmark City, Đường Hồ Tùng Mậu, Phường Phú Diễn, Bắc Từ Liêm, Hà Nội",67 tỷ,551 m²,,,,Sổ đỏ/ Sổ hồng,Không nội thất,25/09/2025,05/10/2025,Tin thường,42560707,20 m,15 m,,
"Phường Định Công, Hoàng Mai, Hà Nội","6,85 tỷ",32 m²,4 phòng,4 phòng,6 tầng,Sổ đỏ/ Sổ hồng,,25/09/2025,05/10/2025,Tin thường,44013425,,,,
"Đường Kim Giang, Phường Đại Kim, Hoàng Mai, Hà Nội","14,7 tỷ",60 m²,9 phòng,9 phòng,7 tầng,Sổ đỏ/ Sổ hồng,Đầy đủ,25/09/2025,05/10/2025,Tin thường,44012167,,,,
"Dự án Hateco Apollo, Đường 70, Phường Phương Canh, Nam Từ Liêm, Hà Nội","5,5 tỷ",69 m²,3 phòng,2 phòng,,Sổ đỏ/ Sổ hồng,"Full nội thất, đồ điện tử.",21/10/2025,05/11/2025,Tin thường,44039822,,,Tây,Nam
"Phố Lò Đúc, Phường Trần Hưng Đạo, Hoàn Kiếm, Hà Nội","3,75 tỷ",60 m²,2 phòng,2 phòng,,Sổ đỏ/ Sổ hồng,Đầy đủ,01/10/2025,11/10/2025,Tin thường,44157805,,,,
"Xã Kim Đức, Huyện Gia Lâm, Hà Nội","2,6 tỷ",60 m²,,,,Sổ đỏ/ Sổ hồng,,01/10/2025,11/10/2025,Tin thường,43495011,"3,5 m",5 m,,
"Đường Phú Đô, Phường Phú Đô, Nam Từ Liêm, Hà Nội","9,9 tỷ",45 m²,12 phòng,12 phòng,9 tầng,Sổ đỏ/ Sổ hồng,Đầy đủ,29/09/2025,09/10/2025,Tin thường,44144389,,3 m,,
"Dự án Lumi Hanoi, Đường Đại lộ Thăng Long, Phường Tây Mỗ, Nam Từ Liêm, Hà Nội","4,1 tỷ","42,2 m²",1 phòng,1 phòng,,Hợp đồng mua bán.,Đầy đủ.,20/10/2025,19/11/2025,Tin thường,41509078,,,Đông - Nam,Tây - Bắc
"Dự án Park Hill Premium - Times City, Phường Mai Động, Hoàng Mai, Hà Nội",12 tỷ,108 m²,3 phòng,2 phòng,,Sổ đỏ/ Sổ hồng,Đầy đủ,14/10/2025,24/10/2025,Tin thường,42172678,,,Nam,Bắc
"Phường Nghĩa Đô, Cầu Giấy, Hà Nội",Thỏa thuận,80 m²,,,6 tầng,Sổ đỏ/ Sổ hồng,Cơ bản,30/09/2025,10/10/2025,Tin thường,44151846,,6 m,,
"Đường Đa Tốn, Xã Đa Tốn, Gia Lâm, Hà Nội","3,9 tỷ",60 m²,,,,Sổ đỏ/ Sổ hồng,,01/10/2025,11/10/2025,Tin thường,43798731,"4,8 m",3 m,,
"Dự án TTTM TSQ, Phường Mỗ Lao, Hà Đông, Hà Nội","8,9 tỷ",122 m²,3 phòng,2 phòng,,Sổ đỏ/ Sổ hồng,Cơ bản,22/10/2025,06/11/2025,Tin thường,41113793,,,Đông - Bắc,Tây - Nam
"Dự án Golden Palace, đường Mễ Trì, Phường Mễ Trì, Nam Từ Liêm, Hà Nội","5,3 tỷ",88 m²,2 phòng,2 phòng,,Sổ đỏ/ Sổ hồng,Đầy đủ,22/09/2025,02/10/2025,Tin thường,42769510,,,Nam,
"Chung cư The Nine, Đường Phạm Văn Đồng, Phường Mai Dịch, Quận Cầu Giấy, Hà Nội",16 tỷ,131 m²,3 phòng,2 phòng,,Sổ đỏ/ Sổ hồng,Đầy đủ,26/09/2025,03/10/2025,Tin thường,44118626,,,,
"Dự án The Zenpark, Đường Đông Dư, Thị trấn Trâu Quỳ, Gia Lâm, Hà Nội","3,55 tỷ","41,3 m²",1 phòng,1 phòng,,Sổ đỏ,Đầy đủ,30/09/2025,07/10/2025,Tin thường,44152952,,,,
"Home City - Trung Kính Complex, 177, Phố Trung Kính, Phường Yên Hòa, Cầu Giấy, Hà Nội","11,5 tỷ","96,7 m²",3 phòng,2 phòng,,Sổ đỏ/ Sổ hồng,Đầy đủ,30/09/2025,07/10/2025,Tin thường,44152892,,,,
"Mipec Rubik 360, Xuân Thủy, Dịch Vọng Hậu, Cầu Giấy, Hà Nội",15 tỷ,"108,8 m²",3 phòng,2 phòng,,Sổ đỏ/ Sổ hồng,Đầy đủ,30/09/2025,07/10/2025,Tin thường,44137791,,,,
"The Nine, số 9, Đường Phạm Văn Đồng, Phường Mai Dịch, Cầu Giấy, Hà Nội","14,15 tỷ","103,3 m²",3 phòng,2 phòng,,Sổ đỏ/ Sổ hồng,Đầy đủ.,30/09/2025,10/10/2025,Tin thường,44129665,,,,Đông - Bắc
"Mipec Rubik 360, số 122-124, Đường Xuân Thủy, Phường Dịch Vọng Hậu, Cầu Giấy, Hà Nội",7 tỷ,54 m²,2 phòng,1 phòng,,Sổ đỏ/ Sổ hồng,Đầy đủ.,20/10/2025,27/10/2025,Tin VIP Vàng,43291280,,,,
"Indochina Plaza, Số 239, Đường Xuân Thủy, Phường Dịch Vọng Hậu, Cầu Giấy, Hà Nội","11,6 tỷ",113 m²,3 phòng,2 phòng,,Sổ đỏ/ Sổ hồng,Đầy đủ,15/10/2025,22/10/2025,Tin VIP Vàng,38806860,,,,
"Dự án Vinhomes Ocean Park Gia Lâm, Xã Dương Xá, Gia Lâm, Hà Nội","3,45 tỷ","47,4 m²",2 phòng,1 phòng,,Sổ đỏ/ Sổ hồng,Đầy đủ,30/09/2025,07/10/2025,Tin thường,43813969,,,,
"Xã Hưng Đạo, Quốc Oai, Hà Nội",3 tỷ,40 m²,,,,Sổ đỏ/ Sổ hồng.,,30/09/2025,07/10/2025,Tin thường,44151736,,4 m,,Nam
"Dự án Sunshine City, Đường Phạm Văn Đồng, Phường Đông Ngạc, Bắc Từ Liêm, Hà Nội",9 tỷ,98 m²,3 phòng,2 phòng,,Sổ đỏ/ Sổ hồng,Đầy đủ.,30/09/2025,07/10/2025,Tin thường,43260133,,,,
"Đường Nguyễn Xiển, Phường Đại Kim, Hoàng Mai, Hà Nội","22,9 tỷ",83 m²,6 phòng,4 phòng,5 tầng,Sổ đỏ/ Sổ hồng,Đầy đủ.,13/10/2025,23/10/2025,Tin thường,42169269,55 m,8 m,,
"Đường Nguyễn Xiển, Phường Hạ Đình, Thanh Xuân, Hà Nội",11 tỷ,35 m²,5 phòng,5 phòng,6 tầng,Sổ đỏ/ Sổ hồng,"Cơ bản đầy đủ tiện nghi như điều hòa, tủ lạnh, giường.",13/10/2025,23/10/2025,Tin thường,44113511,,,,
"Phố Hạ Đình, Phường Khương Đình, Thanh Xuân, Hà Nội","18,3 tỷ",70 m²,4 phòng,3 phòng,4 tầng,Sổ đỏ/ Sổ hồng,Cơ bản,13/10/2025,23/10/2025,Tin thường,44111696,,,,
"đường Trung Văn, Phường Trung Văn, Nam Từ Liêm, Hà Nội",25 tỷ,120 m²,4 phòng,3 phòng,4 tầng,Sổ đỏ/ Sổ hồng,Cơ bản,25/09/2025,05/10/2025,Tin thường,44111623,,,,
"Phố Ngụy Như Kon Tum, Phường Nhân Chính, Thanh Xuân, Hà Nội","25,5 tỷ",65 m²,5 phòng,4 phòng,6 tầng,Sổ đỏ/ Sổ hồng,Cơ bản,03/10/2025,13/10/2025,Tin thường,44081696,"5,5 m",,,
"Đường Hoàng Ngân, Phường Nhân Chính, Thanh Xuân, Hà Nội","24,8 tỷ",70 m²,5 phòng,4 phòng,5 tầng,Sổ đỏ/ Sổ hồng,Đầy đủ,03/10/2025,13/10/2025,Tin thường,44004429,"6,4 m",,,
"Đường Tô Vĩnh Diện, Phường Khương Mai, Thanh Xuân, Hà Nội","13,6 tỷ",65 m²,3 phòng,3 phòng,3 tầng,Sổ đỏ/ Sổ hồng,Cơ bản,03/10/2025,13/10/2025,Tin thường,43996683,"5,3 m",,,
"Phố Ngụy Như Kon Tum, Phường Nhân Chính, Thanh Xuân, Hà Nội","25,5 tỷ",65 m²,4 phòng,3 phòng,5 tầng,Sổ đỏ/ Sổ hồng,"Cơ bản gồm điều hòa, tủ lạnh, giường...",13/10/2025,23/10/2025,Tin thường,43816400,,,,
"Dự án KĐT Văn Phú, Đường Lê Trọng Tấn, Phường Phú La, Hà Đông, Hà Nội",25 tỷ,100 m²,4 phòng,4 phòng,5 tầng,Sổ đỏ/ Sổ hồng,Đầy đủ,24/09/2025,04/10/2025,Tin thường,42984110,5 m,12 m,Đông - Nam,Đông - Nam
"Đường Yên Bình, Xã Yên Bình, Thạch Thất, Hà Nội",Thỏa thuận,"1.485,5 m²",,,,Sổ đỏ/ Sổ hồng,,22/10/2025,06/11/2025,Tin thường,43104951,42 m,40 m,,Đông
"Đường Cầu Diễn, Phường Phúc Diễn, Bắc Từ Liêm, Hà Nội.","8,3 tỷ","35,2 m²",9 phòng,9 phòng,5 tầng,Sổ đỏ/ Sổ hồng,Đầy đủ,14/10/2025,24/10/2025,Tin thường,43920242,"3,7 m",,Tây - Bắc,Tây - Bắc
"Phường Mai Dịch, Cầu Giấy, Hà Nội","3,58 tỷ",70 m²,2 phòng,2 phòng,,Sổ đỏ,Đầy đủ nội thất.,23/09/2025,03/10/2025,Tin thường,44088055,,,,
"Eco Lake View, số 32, Đường Đại Từ, Phường Đại Kim, Hoàng Mai, Hà Nội","6,55 tỷ",81 m²,2 phòng,2 phòng,,Sổ đỏ/ Sổ hồng.,Đầy đủ.,13/10/2025,23/10/2025,Tin thường,38903874,,,,
"Đức Thượng, Hoài Đức, Hà Nội",8 tỷ,38 m²,4 phòng,4 phòng,5 tầng,Sổ đỏ/ Sổ hồng,Đầy đủ,23/09/2025,23/10/2025,Tin thường,44088053,4 m,8 m,Tây - Nam,Tây - Nam
"Đường Ngọc Thụy, Phường Ngọc Thụy, Long Biên, Hà Nội","34,9 tỷ",170 m²,,,7 tầng,Sổ đỏ/ Sổ hồng,Đầy đủ,23/09/2025,03/10/2025,Tin thường,44088046,9 m,,,
"Phố Thái Hà, Phường Trung Liệt, Đống Đa, Hà Nội","23,9 tỷ",35 m²,4 phòng,5 phòng,5 tầng,Sổ đỏ/ Sổ hồng,Đầy đủ,23/09/2025,03/10/2025,Tin thường,44088037,"4,1 m",,,
"Dự án ĐTM Dịch Vọng, Đường Thọ Tháp, Phường Dịch Vọng, Cầu Giấy, Hà Nội",120 tỷ,275 m²,,,,Sổ đỏ/ Sổ hồng,Không nội thất,13/10/2025,23/10/2025,Tin thường,44088027,,,,
"Đường Văn Phú, Phường Phú La, Hà Đông, Hà Nội","22,9 tỷ",75 m²,4 phòng,4 phòng,5 tầng,Sổ đỏ/ Sổ hồng,Đầy đủ,23/09/2025,03/10/2025,Tin thường,44088029,5 m,20 m,,
"Đường Minh Khai, Phường Minh Khai, Hai Bà Trưng, Hà Nội","14,3 tỷ",30 m²,3 phòng,4 phòng,5 tầng,Sổ đỏ,Cơ bản,23/09/2025,03/10/2025,Tin thường,43060849,3 m,6 m,,
"Đại Linh, Trung Văn, Nam Từ Liêm, Hà Nội",Thỏa thuận,37 m²,,,,Sổ đỏ/ Sổ hồng,,23/09/2025,03/10/2025,Tin thường,44088026,,,,
"Star Tower 283 Khương Trung, 283, Đường Khương Trung, Phường Khương Trung, Thanh Xuân, Hà Nội",6 tỷ,79 m²,2 phòng,2 phòng,,Sổ đỏ/ Sổ hồng,Đầy đủ,29/09/2025,09/10/2025,Tin thường,39507032,,,Đông - Nam,
"Phường Bồ Đề, Long Biên, Hà Nội","30,9 tỷ",79 m²,,,7 tầng,Sổ đỏ/ Sổ hồng,Full 90% nội thất.,24/09/2025,04/10/2025,Tin thường,44094112,"4,1 m",,,
"Thôn Thanh Lương, Xã Bích Hòa, Thanh Oai, Hà Nội","3,55 tỷ","30,1 m²",3 phòng,2 phòng,4 tầng,Sổ đỏ/ Sổ hồng,Cơ bản,16/10/2025,31/10/2025,Tin thường,44015005,"3,5 m",3 m,,
"Dự án Hà Nội Aqua Central, Đường Yên Phụ, Phường Trúc Bạch, Ba Đình, Hà Nội",90 tỷ,425 m²,4 phòng,4 phòng,,Sổ đỏ/ Sổ hồng,,20/10/2025,04/11/2025,Tin thường,44041392,,,Đông - Bắc,Tây - Bắc
"Đường Lạc Long Quân, Phường Phú Thượng, Tây Hồ, Hà Nội","13,5 tỷ",41 m²,3 phòng,4 phòng,5 tầng,Sổ đỏ/ Sổ hồng,Đầy đủ,29/09/2025,09/10/2025,Tin thường,44140860,4 m,,,
"Dự án ĐTM Dịch Vọng, Phường Dịch Vọng, Cầu Giấy, Hà Nội",105 tỷ,210 m²,6 phòng,5 phòng,4 tầng,Sổ đỏ/ Sổ hồng,Đầy đủ,13/10/2025,23/10/2025,Tin thường,43183666,15 m,,,Tây - Nam
"Dự án Thanh Xuân Complex, Phố Lê Văn Thiêm, Phường Thanh Xuân Trung, Thanh Xuân, Hà Nội",16 tỷ,180 m²,4 phòng,3 phòng,,Sổ đỏ/ Sổ hồng,Không nội thất,20/10/2025,04/11/2025,Tin thường,43615199,,,Đông - Nam,Tây - Bắc
"Dự án Mandarin Garden, Đường Hoàng Minh Giám, Phường Trung Hòa, Cầu Giấy, Hà Nội",30 tỷ,335 m²,4 phòng,3 phòng,,Sổ đỏ/ Sổ hồng.,Cơ bản,29/09/2025,09/10/2025,Tin thường,43702899,,,Tây - Nam,Đông - Bắc
"Thống Nhất Complex, 82, Đường Nguyễn Tuân, Phường Thanh Xuân Trung, Thanh Xuân, Hà Nội","8,5 tỷ",95 m²,3 phòng,2 phòng,,,Để lại hết nội thất.,29/09/2025,09/10/2025,Tin thường,43363232,,,Đông - Nam,
"Dự án Keangnam, Đường Phạm Hùng, Phường Mễ Trì, Nam Từ Liêm, Hà Nội",44 tỷ,480 m²,5 phòng,4 phòng,,Sổ đỏ/ Sổ hồng,"Nhà nguyên bản, không đồ.",17/10/2025,01/11/2025,Tin thường,43703284,,,Đông - Nam,Đông - Bắc
"Xã Vạn Phúc, Thanh Trì, Hà Nội","4,15 tỷ",52 m²,,,,Sổ đỏ/ Sổ hồng,,26/09/2025,06/10/2025,Tin thường,43954140,"3,8 m",3 m,,
"Vạn Phúc, Thanh Trì, Hà Nội","3,5 tỷ",42 m²,2 phòng,1 phòng,2 tầng,Sổ đỏ/ Sổ hồng,Cơ bản,26/09/2025,06/10/2025,Tin thường,43972250,"4,1 m",2 m,,
"Xã Vạn Phúc, Thanh Trì, Hà Nội","3,4 tỷ",40 m²,,,,,,26/09/2025,06/10/2025,Tin thường,44121366,,,,
"Vạn Phúc, Thanh Trì, Hà Nội",4 tỷ,50 m²,,,,Sổ đỏ/ Sổ hồng,,26/09/2025,06/10/2025,Tin thường,43985295,"4,3 m","3,5 m",,
"Xã Vạn Phúc, Thanh Trì, Hà Nội","6,2 tỷ",90 m²,,,,Sổ đỏ/ Sổ hồng,,26/09/2025,06/10/2025,Tin thường,43994388,"7,8 m",,,
"Phố Yên Duyên, Phường Mai Động, Hoàng Mai, Hà Nội","8,3 tỷ",31 m²,3 phòng,3 phòng,6 tầng,Sổ đỏ/ Sổ hồng,,26/09/2025,06/10/2025,Tin thường,44014538,"5,4 m",3 m,,
"Phường Văn Quán, Quận Hà Đông, Hà Nội","14,8 tỷ",55 m²,12 phòng,,,Sổ đỏ/ Sổ hồng,Đầy đủ,26/09/2025,11/10/2025,Tin thường,44121352,,,,
"Đường Phố Trạm, Phường Long Biên, Long Biên, Hà Nội","26,5 tỷ",98 m²,8 phòng,,6 tầng,Sổ đỏ.,,26/09/2025,06/10/2025,Tin thường,44023746,7 m,,,
"Đường Hoàng Quốc Việt, Phường Cổ Nhuế 1, Bắc Từ Liêm, Hà Nội",90 tỷ,192 m²,,13 phòng,7 tầng,Sổ đỏ/ Sổ hồng,,26/09/2025,06/10/2025,Tin thường,44121344,"6,2 m",50 m,,
"Phố Nhân Hòa, Phường Nhân Chính, Thanh Xuân, Hà Nội",39 tỷ,70 m²,5 phòng,5 phòng,5 tầng,Sổ đỏ/ Sổ hồng,Đầy đủ,26/09/2025,06/10/2025,Tin thường,44121341,5 m,15 m,,
"Xã Mai Đình, Sóc Sơn, Hà Nội",Thỏa thuận,125 m²,,,,Sổ đỏ/ Sổ hồng,,12/10/2025,22/10/2025,Tin thường,43284187,5 m,11 m,,
"Đường Đặng Xuân Bảng, Phường Định Công, Hoàng Mai, Hà Nội","18,2 tỷ",40 m²,5 phòng,5 phòng,5 tầng,,,25/09/2025,05/10/2025,Tin thường,43678780,,,,
"Phố Phú Lương, Phường Phú Lương, Hà Đông, Hà Nội","4,7 tỷ",33 m²,3 phòng,4 phòng,5 tầng,Sổ đỏ/ Sổ hồng,Cơ bản,25/09/2025,25/10/2025,Tin thường,44105700,4 m,3 m,Đông - Nam,Đông - Nam
"Viwaseen Tower, 48, Đường Tố Hữu, Phường Trung Văn, Nam Từ Liêm, Hà Nội.",Thỏa thuận,200 m²,,,,Đã có sổ đỏ,"Nội thất đã hoàn thiện đầy đủ: + Hệ thống điều hòa. + Hệ thống chiếu sáng. + Sàn, tường. + Phòng vách kính chức năng và một số bàn ghế.",25/09/2025,05/10/2025,Tin thường,35770319,,,,
"Dự án The Sakura - Vinhomes Smart City, Phường Tây Mỗ, Nam Từ Liêm, Hà Nội","15,2 tỷ",70 m²,,,,Hợp đồng mua bán,Cơ bản,13/10/2025,23/10/2025,Tin thường,43248523,15 m,20 m,,Đông - Nam
"Phường Mỹ Đình 1, Nam Từ Liêm, Hà Nội",4 tỷ,60 m²,,,,Sổ đỏ/ Sổ hồng,Đầy đủ.,13/10/2025,23/10/2025,Tin thường,42755447,,,,
"Đường Trâu Quỳ, Thị trấn Trâu Quỳ, Gia Lâm, Hà Nội",18 tỷ,120 m²,,,,Sổ đỏ/ Sổ hồng,,25/09/2025,05/10/2025,Tin thường,44105686,"5,5 m",,,
"Đường Cổ Loa, Xã Cổ Loa, Đông Anh, Hà Nội","4,85 tỷ","54,5 m²",,,,Sổ đỏ/ Sổ hồng,,10/10/2025,25/10/2025,Tin thường,42799015,4 m,"3,3 m",,
"The Sakura - Vinhomes Smart City, Phường Tây Mỗ, Nam Từ Liêm, Hà Nội",Thỏa thuận,80 m²,,,,Sổ đỏ/ Sổ hồng,Không nội thất,11/10/2025,21/10/2025,Tin thường,43444326,18 m,30 m,,
"Đường Nguyễn Công Trứ, Phường Phố Huế, Hai Bà Trưng, Hà Nội","4,3 tỷ",70 m²,3 phòng,2 phòng,,Sổ đỏ/ Sổ hồng,Đầy đủ.,08/10/2025,18/10/2025,Tin thường,44105676,,,,
"Đạc Tài, Xã Mai Đình, Sóc Sơn, Hà Nội",33 triệu/m²,96 m²,,,,Sổ đỏ/ Sổ hồng,,28/09/2025,08/10/2025,Tin thường,44131635,4 m,"4,5 m",,Bắc
"Thôn 7, Ba Trại, Ba Vì, Hà Nội","3,85 tỷ","826,5 m²",,,,Sẵn sổ hồng,,25/09/2025,10/10/2025,Tin thường,44104827,,,,
"đường Liên Mạc, Phường Liên Mạc, Bắc Từ Liêm, Hà Nội","7,65 tỷ","45,6 m²",,,5 tầng,,,28/09/2025,08/10/2025,Tin thường,44131625,,,,
"Đường Tô Vĩnh Diện, Phường Khương Trung, Thanh Xuân, Hà Nội","12,6 tỷ",45 m²,6 phòng,6 phòng,7 tầng,Sổ đỏ/ Sổ hồng,Đầy đủ,16/10/2025,31/10/2025,Tin thường,44131623,4 m,,,
"Phố Hồng Tiến, Phường Ngọc Lâm, Long Biên, Hà Nội","11,2 tỷ",57 m²,4 phòng,5 phòng,6 tầng,Sổ đỏ/ Sổ hồng,Đầy đủ,23/09/2025,03/10/2025,Tin thường,43216539,,,,
"Phố Ngọc Trì, Phường Thạch Bàn, Long Biên, Hà Nội","11,5 tỷ",105 m²,,,,Sổ đỏ/ Sổ hồng,,28/09/2025,08/10/2025,Tin thường,44131616,,,,
"Đường Ngọc Hà, Phường Ngọc Hà, Ba Đình, Hà Nội","40,5 tỷ",100 m²,,,,Sổ đỏ/ Sổ hồng,Đầy đủ,21/10/2025,05/11/2025,Tin thường,43659106,"6,5 m",,,
"Xã Nguyên Khê, Đông Anh, Hà Nội",4 tỷ,"41,5 m²",,,,,,28/09/2025,13/10/2025,Tin thường,43967989,"4,6 m",3 m,,
"Xã Tiến Xuân, Huyện Thạch Thất, Hà Nội",3 tỷ,157 m²,,,,Sổ đỏ/ Sổ hồng,,25/09/2025,25/10/2025,Tin thường,41264462,,,,
"Đường Đội Cấn, Phường Đội Cấn, Ba Đình, Hà Nội",101 tỷ,230 m²,,,,Sổ đỏ/ Sổ hồng,Đầy đủ,28/09/2025,08/10/2025,Tin thường,44026544,"8,8 m",,,
"Dự án The Emerald CT8 Mỹ Đình, Phường Mỹ Đình 1, Nam Từ Liêm, Hà Nội.",10 tỷ,142 m²,4 phòng,2 phòng,,Sổ đỏ/ Sổ hồng,"Đầy đủ cùng nội thất đầy đủ, đáp ứng nhu cầu sinh hoạt của gia đình bạn.",09/10/2025,19/10/2025,Tin thường,42686953,,,Tây - Nam,Đông - Bắc
"Đường Đa Tốn, Xã Đa Tốn, Gia Lâm, Hà Nội","2,8 tỷ",52 m²,,,,Sổ đỏ/ Sổ hồng,,01/10/2025,11/10/2025,Tin thường,43487472,5 m,6 m,,
"Dự án Ruby Park, Đường Phúc Lợi, Phường Phúc Lợi, Long Biên, Hà Nội",Thỏa thuận,60 m²,2 phòng,2 phòng,,Hợp đồng mua bán,Cơ bản,01/10/2025,11/10/2025,Tin thường,44049827,,,Đông - Nam,Đông - Nam
"Dự án KĐT Văn Phú, Đường Hoàng Đôn Hòa, Phường Phú La, Hà Đông, Hà Nội",Thỏa thuận,150 m²,6 phòng,6 phòng,5 tầng,Sổ đỏ/ Sổ hồng,Đầy đủ,01/10/2025,11/10/2025,Tin thường,44156891,30 m,30 m,,
"Xã Bắc Sơn, Sóc Sơn, Hà Nội","2,55 tỷ",479 m²,,,,Sổ đỏ/ Sổ hồng,,10/10/2025,20/10/2025,Tin thường,43340493,13 m,"4,5 m",,Tây - Bắc
"Dự án Lumi Hanoi, Đường Đại lộ Thăng Long, Phường Tây Mỗ, Nam Từ Liêm, Hà Nội.","15,85 tỷ",194 m²,4 phòng,3 phòng,,Hợp đồng mua bán,,20/10/2025,19/11/2025,Tin thường,42332856,,,Tây - Bắc,Đông - Nam
"Dự án KĐT Văn Phú, Đường Lê Trọng Tấn, Phường Phú La, Hà Đông, Hà Nội",Thỏa thuận,90 m²,5 phòng,5 phòng,5 tầng,Sổ đỏ,,01/10/2025,11/10/2025,Tin thường,44157214,5 m,27 m,,
"Dự án Long Biên Central, Phường Việt Hưng, Long Biên, Hà Nội","8,5 tỷ","76,8 m²",2 phòng,2 phòng,,Hợp đồng mua bán,Cơ bản.,21/10/2025,05/11/2025,Tin thường,43901122,,,Tây - Bắc,Tây - Bắc
"Long Biên Central, Phường Việt Hưng, Long Biên, Hà Nội",Thỏa thuận,76 m²,2 phòng,2 phòng,,Hợp đồng mua bán,Cơ bản,17/10/2025,01/11/2025,Tin thường,44158218,,,Tây - Bắc,Đông - Nam
"59, Đường Ngô Gia Tự, Phường Đức Giang, Long Biên, Hà Nội","11,2 tỷ",50 m²,1 phòng,1 phòng,1 tầng,Sổ đỏ/ Sổ hồng,Không nội thất.,28/09/2025,13/10/2025,Tin thường,42680518,"4,5 m",6 m,Tây,Tây
"Đường Kim Giang, Phường Đại Kim, Hoàng Mai, Hà Nội","11,5 tỷ",36 m²,6 phòng,4 phòng,5 tầng,Sổ đỏ/ Sổ hồng,Đầy đủ,28/09/2025,08/10/2025,Tin thường,44134491,"3,2 m",9 m,,Đông - Nam
"Dự án Chung cư Ban cơ yếu Chính phủ, Phường Nhân Chính, Thanh Xuân, Hà Nội",11 tỷ,130 m²,3 phòng,2 phòng,,Sổ đỏ/ Sổ hồng,"Đầy đủ như điều hòa, tủ lạnh, giường...",30/09/2025,10/10/2025,Tin thường,44150570,,,Đông - Nam,Tây - Bắc
"Vinhomes Riverside, số nhà 16, Đường Anh Đào 12, Phường Phúc Lợi, Long Biên, Hà Nội",79 tỷ,290 m²,,,,Sổ đỏ.,Full nội thất luxury.,17/10/2025,01/11/2025,Tin thường,39592317,,,,Đông - Nam
"Dự án Sunshine Golden River, Phường Phú Thượng, Tây Hồ, Hà Nội",55 tỷ,349 m²,5 phòng,4 phòng,,Hợp đồng mua bán,Không nội thất,30/09/2025,10/10/2025,Tin thường,44150569,,,Bắc,Nam
"Đường Lê Trọng Tấn, Phường La Khê, Hà Đông, Hà Nội",155 triệu/m²,161 m²,,,,Sổ đỏ/ Sổ hồng,,17/10/2025,01/11/2025,Tin thường,43915234,8 m,6 m,,Tây - Nam
"N02, Phố Chùa Láng, Phường Láng Thượng, Đống Đa, Hà Nội",Thỏa thuận,95 m²,3 phòng,2 phòng,,Sổ đỏ/ Sổ hồng,Đầy đủ,30/09/2025,10/10/2025,Tin thường,44150566,,,,
"Dự án Vinhomes Ocean Park Gia Lâm, Đường 5, Xã Dương Xá, Gia Lâm, Hà Nội",4 tỷ,67 m²,2 phòng,2 phòng,,Sổ đỏ/ Sổ hồng,Đầy đủ,30/09/2025,10/10/2025,Tin thường,44150563,,,Đông - Nam,Đông - Nam
"Golden Land, 275, Đường Nguyễn Trãi, Phường Thanh Xuân Trung, Thanh Xuân, Hà Nội","12,5 tỷ",145 m²,4 phòng,3 phòng,,Sổ đỏ/ Sổ hồng,Đầy đủ,17/10/2025,01/11/2025,Tin thường,40910263,,,,
"Phường Kiến Hưng, Hà Đông, Hà Nội",Thỏa thuận,65 m²,6 phòng,7 phòng,6 tầng,Sổ đỏ/ Sổ hồng,Đầy đủ,24/09/2025,04/10/2025,Tin thường,44099274,5 m,16 m,Đông,Đông
"Đường Lạc Long Quân, Phường Bưởi, Tây Hồ, Hà Nội",Thỏa thuận,45 m²,,,,Sổ đỏ/ Sổ hồng,,10/10/2025,20/10/2025,Tin thường,44066413,"5,7 m",,,
"Phố Lý Thường Kiệt, Phường Hàng Bài, Hoàn Kiếm, Hà Nội",Thỏa thuận,450 m²,,,,Sổ đỏ,,15/10/2025,30/10/2025,Tin thường,43188492,15 m,,,
"Đường Bùi Xương Trạch, Phường Khương Đình, Thanh Xuân, Hà Nội",28 tỷ,113 m²,5 phòng,4 phòng,5 tầng,Sổ đỏ/ Sổ hồng,Đầy đủ,23/09/2025,03/10/2025,Tin thường,41445704,10 m,5 m,,
"Đường Hàm Nghi, Phường Cầu Diễn, Nam Từ Liêm, Hà Nội","26,9 tỷ",55 m²,6 phòng,7 phòng,8 tầng,Sổ đỏ/ Sổ hồng,Đầy đủ,23/09/2025,03/10/2025,Tin thường,44082074,,,,
"Dự án The Gloria by Silk Path, Đường Nguyên Hồng, Phường Láng Hạ, Đống Đa, Hà Nội","8,9 tỷ",65 m²,2 phòng,2 phòng,,Sổ đỏ/ Sổ hồng,Đầy đủ,23/09/2025,03/10/2025,Tin thường,43987326,,,Đông - Nam,
"Dự án The Artemis, Đường Lê Trọng Tấn, Phường Khương Mai, Thanh Xuân, Hà Nội","7,3 tỷ",80 m²,2 phòng,2 phòng,,,Full nội thất.,23/09/2025,03/10/2025,Tin thường,33885499,,,,
"Phố Thái Hà, Phường Trung Liệt, Đống Đa, Hà Nội","19,5 tỷ",63 m²,5 phòng,4 phòng,5 tầng,Sổ đỏ/ Sổ hồng,,23/09/2025,03/10/2025,Tin thường,42919783,"6,6 m",4 m,,
"Ngõ 376, Đường Bưởi, Phường Ngọc Hà, Ba Đình, Hà Nội","28,9 tỷ",85 m²,,,,,,15/10/2025,25/10/2025,Tin thường,43837528,8 m,10 m,,
"Đường Hoàng Quốc Việt, Phường Nghĩa Đô, Cầu Giấy, Hà Nội","7,2 tỷ","38,6 m²",3 phòng,3 phòng,5 tầng,Sổ đỏ/ Sổ hồng,,15/10/2025,25/10/2025,Tin thường,43629254,,,,
"Đường Nguyễn Cảnh Dị, Phường Đại Kim, Hoàng Mai, Hà Nội",47 tỷ,80 m²,4 phòng,4 phòng,5 tầng,Sổ đỏ/ Sổ hồng,Đầy đủ.,23/09/2025,03/10/2025,Tin thường,41969752,"5,2 m",8 m,,
"Đường Nguyễn Trường Tộ, Phường Nguyễn Trung Trực, Ba Đình, Hà Nội",45 tỷ,60 m²,,,,,,06/10/2025,16/10/2025,Tin thường,44088015,,,,
"85, Đường Xuân Thủy, Phường Dịch Vọng Hậu, Cầu Giấy, Hà Nội",18 tỷ,80 m²,2 phòng,2 phòng,2 tầng,Sổ đỏ/ Sổ hồng,"Nội thất bao gồm điều hòa, tủ lạnh, giường ngủ.",09/10/2025,24/10/2025,Tin thường,43457749,10 m,3 m,,
"Đường Âu Cơ, Phường Quảng An, Tây Hồ, Hà Nội","2,35 tỷ",33 m²,3 phòng,2 phòng,3 tầng,Hợp đồng mua bán,Cơ bản,25/09/2025,05/10/2025,Tin thường,44022263,"3,5 m",2 m,,Đông - Nam
"Xã Dục Tú, Đông Anh, Hà Nội","3,3 tỷ","41,8 m²",,,,,,22/09/2025,02/10/2025,Tin thường,44067562,"3,8 m",,,
"Dự án Phúc Anh Riverside, Xã Cự Khê, Thanh Oai, Hà Nội","9,6 tỷ","67,5 m²",4 phòng,3 phòng,4 tầng,Sổ đỏ/ Sổ hồng,Cơ bản,26/09/2025,06/10/2025,Tin thường,43954406,"4,5 m",15 m,Tây - Nam,Tây - Nam
"Ngo 44 Đường Trần Thái Tông, Phường Dịch Vọng Hậu, Cầu Giấy, Hà Nội","18,23 tỷ",81 m²,,,,Sổ đỏ/ Sổ hồng,,19/10/2025,03/11/2025,Tin thường,43622403,5 m,6 m,,
"Phố Trần Quốc Hoàn, Phường Dịch Vọng Hậu, Cầu Giấy, Hà Nội","18,9 tỷ",45 m²,4 phòng,3 phòng,5 tầng,Sổ đỏ/ Sổ hồng,Đầy đủ,26/09/2025,11/10/2025,Tin thường,44121331,4 m,4 m,,
"Đường Yên Lộ, Phường Yên Nghĩa, Hà Đông, Hà Nội","7,5 tỷ",40 m²,3 phòng,4 phòng,4 tầng,Sổ đỏ/ Sổ hồng,Cơ bản,26/09/2025,06/10/2025,Tin thường,43738963,4 m,5 m,Đông - Nam,Đông - Nam
"Đường Yên Xá, Xã Tân Triều, Thanh Trì, Hà Nội",22 tỷ,60 m²,8 phòng,6 phòng,7 tầng,Sổ đỏ/ Sổ hồng,,26/09/2025,06/10/2025,Tin thường,44121316,4 m,8 m,,
"Vinhomes West Point, Phạm Hùng, Mễ Trì, Nam Từ Liêm, Hà Nội",Thỏa thuận,66 m²,2 phòng,2 phòng,,Sổ đỏ/ Sổ hồng,Hoàn thiện nội thất CĐT.,20/10/2025,04/11/2025,Tin thường,43057124,,,Đông - Nam,Tây - Bắc
"Nguyễn Cảnh Dị, Đại Kim, Hoàng Mai, Hà Nội","32,5 tỷ",90 m²,4 phòng,4 phòng,5 tầng,Sổ đỏ/ Sổ hồng,Đầy đủ,26/09/2025,06/10/2025,Tin thường,44121313,6 m,30 m,,
"Đường 800A, Phường Nghĩa Tân, Cầu Giấy, Hà Nội","32,9 tỷ",90 m²,,,,Sổ đỏ/ Sổ hồng,,28/09/2025,08/10/2025,Tin thường,44017546,6 m,6 m,,
"Đường Đê La Thành, Phường Phương Liên, Đống Đa, Hà Nội","4,2 tỷ",18 m²,2 phòng,2 phòng,5 tầng,Sổ đỏ/ Sổ hồng,Không nội thất,23/09/2025,08/10/2025,Tin thường,44087158,"3,5 m",2 m,,
"Số nhà 20 ngõ 9/3, Đường Đào Tấn, Phường Ngọc Khánh, Ba Đình, Hà Nội","3,7 tỷ",60 m²,2 phòng,2 phòng,,Số nhà 20 ngõ 9/3,Cơ bản,17/10/2025,01/11/2025,Tin thường,42840167,,,,Nam
"Lideco, Đường Quốc lộ 32, Thị trấn Trạm Trôi, Hoài Đức, Hà Nội",Thỏa thuận,300 m²,,,,,,15/10/2025,25/10/2025,Tin VIP Bạc,44131477,,,,
,,,,,,,,,,,,,,,
"Đường Vân Nội, Xã Vân Nội, Đông Anh, Hà Nội",Thỏa thuận,76 m²,,,,Sổ đỏ/ Sổ hồng,,24/09/2025,04/10/2025,Tin thường,44097490,10 m,3 m,,
"Dự án Tháp đôi Kepler Land, Phường Mỗ Lao, Hà Đông, Hà Nội","7,5 tỷ",82 m²,2 phòng,2 phòng,,,,18/10/2025,02/11/2025,Tin thường,43075544,,,,
"Hinode Royal Park, Quốc lộ 32, Di Trạch, Hoài Đức, Hà Nội","15,8 tỷ",95 m²,4 phòng,4 phòng,4 tầng,Sổ đỏ/ Sổ hồng,Không nội thất,09/10/2025,19/10/2025,Tin thường,44131599,5 m,12 m,Đông - Bắc,Tây - Nam
"Đường 21, Xã Bình Yên, Thạch Thất, Hà Nội",Thỏa thuận,95 m²,,,,Sổ đỏ/ Sổ hồng,,11/10/2025,21/10/2025,Tin thường,41577708,10 m,8 m,,
"Nguyễn Ngọc Nại, Khương Mai, Thanh Xuân, Hà Nội","14,3 tỷ",42 m²,,,,Sổ đỏ/ Sổ hồng,,28/09/2025,08/10/2025,Tin thường,44131594,,,,
"The Zei Mỹ Đình, số 8, Đường Lê Đức Thọ, Phường Mỹ Đình 2, Nam Từ Liêm, Hà Nội",Thỏa thuận,108 m²,3 phòng,2 phòng,,Sổ đỏ/ Sổ hồng,Đầy đủ,29/09/2025,09/10/2025,Tin thường,44140840,,,,
"Hinode City, 201, Đường Minh Khai, Phường Minh Khai, Hai Bà Trưng, Hà Nội",Thỏa thuận,126 m²,4 phòng,2 phòng,,Sổ đỏ/ Sổ hồng,Đầy đủ,20/10/2025,04/11/2025,Tin thường,42192343,,,Tây - Nam,Đông - Bắc
"Dự án SDU 143 Trần Phú, Đường Trần Phú, Phường Văn Quán, Hà Đông, Hà Nội","4,8 tỷ",69 m²,2 phòng,2 phòng,,Sổ đỏ/ Sổ hồng,Đầy đủ,14/10/2025,24/10/2025,Tin thường,43882893,,,,
"Xã Tân Minh, Sóc Sơn, Hà Nội","2,58 tỷ",86 m²,,,,Sổ đỏ/sổ hồng,,22/10/2025,06/11/2025,Tin thường,43827734,"8,8 m",,,
"Phố Đỗ Quang, Phường Trung Hòa, Cầu Giấy, Hà Nội",33 tỷ,65 m²,,,,Sổ đỏ/ Sổ hồng,Đầy đủ,29/09/2025,09/10/2025,Tin thường,44140822,"4,5 m",10 m,,
"Dự án Việt Hưng, Đường Phúc Lợi, Phường Phúc Lợi, Long Biên, Hà Nội",60 triệu/m²,62 m²,2 phòng,2 phòng,,Hợp đồng mua bán,Cơ bản.,25/09/2025,25/10/2025,Tin thường,43581570,,,Đông - Nam,Tây - Bắc
"Dự án BID Residence, Đường Tố Hữu, Phường La Khê, Hà Đông, Hà Nội",Thỏa thuận,"68,5 m²",2 phòng,2 phòng,,Hợp đồng mua bán,Cơ bản,14/10/2025,13/11/2025,Tin thường,43870452,,,,
"Đường Đào Tấn, Phường Cống Vị, Ba Đình, Hà Nội",23 tỷ,"75,5 m²",14 phòng,14 phòng,7 tầng,Sổ đỏ/ Sổ hồng,Đầy đủ,23/09/2025,03/10/2025,Tin thường,44089073,"4,7 m",4 m,,
"Dự án Sky Park Residence, Đường Tôn Thất Thuyết, Phường Dịch Vọng Hậu, Cầu Giấy, Hà Nội",Thỏa thuận,"127,5 m²",3 phòng,2 phòng,,Sổ đỏ/ Sổ hồng,Cơ bản,20/10/2025,04/11/2025,Tin thường,42783384,,,Bắc,
"Keangnam, Đường Phạm Hùng, Phường Mễ Trì, Nam Từ Liêm, Hà Nội",Thỏa thuận,160 m²,4 phòng,3 phòng,,Sổ đỏ/ Sổ hồng,Cơ bản,26/09/2025,06/10/2025,Tin thường,43740591,,,Đông - Nam,Đông - Nam
"Dự án Vinhomes Ocean Park Gia Lâm, Xã Dương Xá, Gia Lâm, Hà Nội","3,5 tỷ","55,5 m²",1 phòng,1 phòng,,Hợp đồng mua bán,Cơ bản,25/09/2025,25/10/2025,Tin thường,44105674,,,Tây - Bắc,Đông - Nam
"Xã Tam Hiệp, Thanh Trì, Hà Nội","7,2 tỷ",40 m²,4 phòng,2 phòng,5 tầng,Sổ đỏ/ Sổ hồng,Cơ bản,25/09/2025,05/10/2025,Tin thường,44104433,4 m,3 m,,
"Dự án The Sakura - Vinhomes Smart City, Phường Tây Mỗ, Nam Từ Liêm, Hà Nội",20 tỷ,80 m²,,,,Hợp đồng mua bán,Cơ bản,12/10/2025,22/10/2025,Tin thường,43249068,18 m,30 m,,
"The Pavilion - Vinhomes Ocean Park, Lý Thánh Tông, Dương Xá, Gia Lâm, Hà Nội","4,35 tỷ",63 m²,2 phòng,2 phòng,,Hợp đồng mua bán,Nguyên bản,19/09/2025,19/10/2025,Tin thường,43520832,,,Tây - Nam,
"Bát Đầm, Tản Lĩnh, Ba Vì, Hà Nội","3,65 tỷ",486 m²,,,,Sổ đỏ,,22/09/2025,07/10/2025,Tin thường,44074567,12 m,,,
"Đường 415, Xã Ba Trại, Ba Vì, Hà Nội","2,6 triệu/m²",1.515 m²,,,,Sổ đỏ/ Sổ hồng,,15/09/2025,15/10/2025,Tin thường,44018654,30 m,5 m,,Đông - Nam
"Xóm 4 Đông Cao, Xã Tráng Việt, Mê Linh, Hà Nội",65 triệu/m²,90 m²,,,,Sổ đỏ/ Sổ hồng,,16/10/2025,31/10/2025,Tin thường,44013434,5 m,7 m,,Tây
"Xã Trung Châu, Đan Phượng, Hà Nội",50 triệu/m²,"126,8 m²",,,,Sổ đỏ/ Sổ hồng.,,03/10/2025,13/10/2025,Tin thường,43758431,"4,5 m",9 m,,
"Dự án Eurowindow River Park, Đường 5, Xã Đông Hội, Đông Anh, Hà Nội","8,1 tỷ",174 m²,,,,Đang chờ sổ,,08/10/2025,18/10/2025,Tin thường,44105663,,,,
"The Terra An Hưng, Phường La Khê, Quận Hà Đông, Hà Nội",151 tỷ,340 m²,,,8 tầng,,,09/10/2025,19/10/2025,Tin thường,42328187,,,,
"Dự án Seasons Avenue, Phường Mỗ Lao, Hà Đông, Hà Nội",Thỏa thuận,122 m²,3 phòng,2 phòng,,,,11/10/2025,18/10/2025,Tin thường,44150951,,,,
"Dự án Tháp đôi Kepler Land, Phường Mỗ Lao, Hà Đông, Hà Nội","7,42 tỷ","80,1 m²",2 phòng,2 phòng,,,,21/10/2025,28/10/2025,Tin VIP Vàng,43882506,,,,
"Đường Lê Lợi, Phường Quang Trung, Hà Đông, Hà Nội","39,99 tỷ",110 m²,5 phòng,6 phòng,5 tầng,Sổ đỏ/ Sổ hồng,,20/10/2025,04/11/2025,Tin thường,44150627,"5,5 m",15 m,,
"Dự án Lumière Orient Pearl, Đường Ngọc Trai, Thị trấn Trâu Quỳ, Gia Lâm, Hà Nội",85 triệu/m²,80 m²,,,,Hợp đồng mua bán,,30/09/2025,10/10/2025,Tin thường,44150544,,,,
"Số 35 Ngách 99, Ngõ 354, Đường Trường Chinh, Phường Khương Thượng, Đống Đa, Hà Nội","9,8 tỷ","44,3 m²",2 phòng,3 phòng,3 tầng,Sổ đỏ,Full nội thất.,30/09/2025,15/10/2025,Tin thường,44150520,,,,
"Đường 21, Xã Cổ Đông, Sơn Tây, Hà Nội","2,68 tỷ","100,6 m²",,,,Sổ đỏ/ Sổ hồng,,30/09/2025,07/10/2025,Tin thường,44150430,"6,3 m",6 m,,
"Dự án Hà Nội Melody Residences, Đường Bằng Liệt, Phường Hoàng Liệt, Hoàng Mai, Hà Nội","9,5 tỷ",145 m²,3 phòng,3 phòng,,Hợp đồng mua bán,Đầy đủ,30/09/2025,07/10/2025,Tin thường,38978740,,,Đông - Nam,Tây - Bắc
"Đường Tô Vĩnh Diện, Phường Khương Trung, Thanh Xuân, Hà Nội",21 tỷ,55 m²,5 phòng,4 phòng,5 tầng,Sổ đỏ/ Sổ hồng,,13/10/2025,23/10/2025,Tin thường,44127465,,,,
"Dự án Solasta Mansion, Đường Tố Hữu, Phường Dương Nội, Hà Đông, Hà Nội","25,5 tỷ",170 m²,,,,Sổ đỏ/ Sổ hồng,Cơ bản,30/09/2025,07/10/2025,Tin thường,43196691,9 m,12 m,Tây - Bắc,Tây - Bắc
"Dự án TMC Smart Home, Đường Nguyễn Đình Tứ, Phường Xuân Đỉnh, Bắc Từ Liêm, Hà Nội",Thỏa thuận,69 m²,,,,Hợp đồng mua bán,,17/10/2025,01/11/2025,Tin thường,44150282,,,,
"Phố Hoàng Sâm, Phường Nghĩa Đô, Cầu Giấy, Hà Nội","7,35 tỷ",44 m²,,,,Sổ vuông chính chủ.,Trang bị full nội thất.,06/10/2025,16/10/2025,Tin thường,43990555,,,,
"Dự án Trung Hòa Nhân Chính, Phố Hoàng Đạo Thúy, Phường Trung Hòa, Cầu Giấy, Hà Nội","9,9 tỷ",159 m²,3 phòng,2 phòng,,Sổ đỏ/ Sổ hồng,Đầy đủ,23/09/2025,03/10/2025,Tin thường,43855324,,,Đông - Nam,
"Đường Xuân La, Phường Xuân La, Quận Tây Hồ, Hà Nội",168 tỷ,300 m²,,,8 tầng,Sổ đỏ/ Sổ hồng,,09/10/2025,19/10/2025,Tin thường,43707667,,,,
"Phường Hoàng Văn Thụ, Hoàng Mai, Hà Nội","26,7 tỷ",70 m²,6 phòng,7 phòng,5 tầng,Sổ đỏ/ Sổ hồng,Đầy đủ,23/09/2025,03/10/2025,Tin thường,43293965,"4,3 m",8 m,,
"Đường Tô Hiệu, Phường Nghĩa Tân, Cầu Giấy, Hà Nội",152 tỷ,280 m²,,,3 tầng,Sổ đỏ/ Sổ hồng,,23/09/2025,03/10/2025,Tin thường,43346748,25 m,,,
"Dự án 671 Hoàng Hoa Thám, Đường Hoàng Hoa Thám, Phường Liễu Giai, Ba Đình, Hà Nội","9,2 tỷ",102 m²,3 phòng,2 phòng,,Sổ đỏ/ Sổ hồng,Đầy đủ,23/09/2025,03/10/2025,Tin thường,43964322,,,Đông - Nam,
"Phố Trần Quốc Hoàn, Phường Nghĩa Đô, Cầu Giấy, Hà Nội","21,8 tỷ",58 m²,4 phòng,4 phòng,4 tầng,Sổ đỏ/ Sổ hồng,Cơ bản,23/09/2025,03/10/2025,Tin thường,44087987,5 m,,Nam,Nam
"Dự án ĐTM Dịch Vọng, Đường Dịch Vọng, Phường Dịch Vọng, Cầu Giấy, Hà Nội",120 tỷ,300 m²,,,,Sổ đỏ/ Sổ hồng,,23/09/2025,03/10/2025,Tin thường,43707727,,,,
"Phố Kim Mã, Phường Ngọc Khánh, Ba Đình, Hà Nội","18,8 tỷ",115 m²,,,5 tầng,,,15/10/2025,25/10/2025,Tin thường,42906290,"5,1 m",,,
"Đường Trần Khát Chân, Phường Thanh Lương, Hai Bà Trưng, Hà Nội","30,5 tỷ",83 m²,3 phòng,3 phòng,2 tầng,Sổ đỏ/ Sổ hồng,Không nội thất,23/09/2025,03/10/2025,Tin thường,43392488,"5,2 m",25 m,,
"Dự án Tây Hà Tower, Đường Tố Hữu, Phường Trung Văn, Nam Từ Liêm, Hà Nội",6 tỷ,89 m²,3 phòng,2 phòng,,Sổ đỏ/ Sổ hồng,,26/09/2025,06/10/2025,Tin thường,35681746,,,,
"Đường Chiến Thắng, Phường Văn Quán, Hà Đông, Hà Nội",10 tỷ,35 m²,,,,,,26/09/2025,06/10/2025,Tin thường,44121309,,,,
"Dự án The Manor, đường Mễ Trì, Phường Mỹ Đình 1, Nam Từ Liêm, Hà Nội",67 triệu/m²,193 m²,3 phòng,2 phòng,,Sổ đỏ/ Sổ hồng,Đầy đủ,22/10/2025,06/11/2025,Tin thường,42675959,,,Đông - Nam,Tây - Bắc
"Dự án Nam Đô Complex, Đường Trương Định, Phường Giáp Bát, Hoàng Mai, Hà Nội","5,9 tỷ",93 m²,2 phòng,2 phòng,,Có sổ.,,26/09/2025,06/10/2025,Tin thường,43527809,,,,
"Xã Ninh Sở, Thường Tín, Hà Nội","3,05 tỷ","49,5 m²",,,,Sổ đỏ/ Sổ hồng,,26/09/2025,06/10/2025,Tin thường,44121304,"4,5 m","2,2 m",,Đông - Bắc
"Phố Thái Hà, Phường Trung Liệt, Đống Đa, Hà Nội","16,5 tỷ",45 m²,,,,Sổ đỏ/ Sổ hồng,,04/10/2025,14/10/2025,Tin thường,44091833,,,,
"Đường Tam Khương, Phường Láng Thượng, Đống Đa, Hà Nội",32 tỷ,100 m²,,,,,,05/10/2025,15/10/2025,Tin thường,44104011,,,,
"Đường Thụy Khuê, Phường Cống Vị, Ba Đình, Hà Nội","8,1 tỷ",35 m²,5 phòng,5 phòng,5 tầng,Sổ đỏ/ Sổ hồng,Đầy đủ,26/09/2025,06/10/2025,Tin thường,44121299,"3,5 m",3 m,Đông - Nam,Đông - Nam
"Đường Minh Khai, Phường Minh Khai, Hai Bà Trưng, Hà Nội",21 tỷ,64 m²,,,,,,26/09/2025,06/10/2025,Tin thường,44112992,,,,
"HPC Landmark 105, La Khê, Hà Đông, Hà Nội","7,9 tỷ",111 m²,3 phòng,2 phòng,,,Đầy đủ,26/09/2025,06/10/2025,Tin thường,44121291,,,,
"Diamond Flower Tower, 48, Đường Lê Văn Lương, Phường Nhân Chính, Thanh Xuân, Hà Nội",10 tỷ,122 m²,3 phòng,2 phòng,,Sổ đỏ/ Sổ hồng,Đầy đủ,14/10/2025,24/10/2025,Tin thường,40336058,,,Đông - Nam,Tây - Bắc
"Dự án 30T Nam Trung Yên, Đường Nguyễn Chánh, Phường Trung Hòa, Cầu Giấy, Hà Nội",6 tỷ,76 m²,3 phòng,2 phòng,,Sổ đỏ/ Sổ hồng,"Nội thất bao gồm điều hòa, tủ lạnh, giường...",01/10/2025,11/10/2025,Tin thường,44158210,,,Tây - Nam,Đông - Bắc
"Dự án Mulberry Lane, Phường Mỗ Lao, Hà Đông, Hà Nội",Thỏa thuận,450 m²,5 phòng,4 phòng,,Sổ đỏ/ Sổ hồng,Không nội thất,15/10/2025,25/10/2025,Tin thường,43798455,,,Đông - Nam,Tây - Bắc
"Đường Hồ Tùng Mậu, Phường Mai Dịch, Cầu Giấy, Hà Nội","8,6 tỷ",38 m²,4 phòng,3 phòng,4 tầng,Sổ đỏ/ Sổ hồng,,01/10/2025,11/10/2025,Tin thường,44158050,"3,3 m",3 m,,
"Xuân Khanh, Sơn Tây, Hà Nội",Thỏa thuận,"639,2 m²",,,,Sổ đỏ/ Sổ hồng,,01/10/2025,11/10/2025,Tin thường,44158200,,,,
"Dự án MHD Trung Văn, Đường Tố Hữu, Phường Trung Văn, Nam Từ Liêm, Hà Nội",7 tỷ,106 m²,3 phòng,2 phòng,,,"Nội thất bàn giao đầy đủ: Sàn gỗ, trần thạch cao, thiết bị vệ sinh đầy đủ, tủ bếp, điều hoà.",22/09/2025,02/10/2025,Tin thường,44077225,,,Đông,
"Dự án TTTM TSQ, Phường Mỗ Lao, Hà Đông, Hà Nội","13,5 tỷ",225 m²,4 phòng,3 phòng,,Sổ đỏ/ Sổ hồng,Đầy đủ,11/10/2025,21/10/2025,Tin thường,42225735,,,Đông - Nam,Tây - Nam
"Đường Ao Sen, Phường Mỗ Lao, Hà Đông, Hà Nội","2,85 tỷ",60 m²,2 phòng,1 phòng,,Sổ đỏ/ Sổ hồng,Đầy đủ,01/10/2025,11/10/2025,Tin thường,44143840,,,,
"Đường Tứ Liên, Phường Tứ Liên, Tây Hồ, Hà Nội","15,2 tỷ",48 m²,5 phòng,,7 tầng,Sổ đỏ/ Sổ hồng,,01/10/2025,11/10/2025,Tin thường,44157995,,,,
"Biểu Khê, Đường Thụy Lâm, Xã Thụy Lâm, Đông Anh, Hà Nội",62 triệu/m²,"180,5 m²",,,,Sổ đỏ/ Sổ hồng,,19/10/2025,03/11/2025,Tin thường,43919568,"9,5 m",7 m,,Đông - Bắc
"The Zei Mỹ Đình, Số 8, Đường Lê Đức Thọ, Phường Mỹ Đình 2, Nam Từ Liêm, Hà Nội",Thỏa thuận,"183,8 m²",4 phòng,3 phòng,,Sổ đỏ/ Sổ hồng,Đầy đủ cao cấp.,26/09/2025,06/10/2025,Tin thường,40565005,,,,
"Văn Phú Victoria, Lê Trọng Tấn, Phú La, Hà Đông, Hà Nội",Thỏa thuận,"67,5 m²",,,,Sổ đỏ/ Sổ hồng,,29/09/2025,29/10/2025,Tin thường,44140808,,,,Đông - Bắc
"La Phù, Hoài Đức, Hà Nội",5 tỷ,45 m²,,,,Sổ đỏ/ Sổ hồng,,29/09/2025,09/10/2025,Tin thường,44140804,,,,
"Dự án Louis City, Đường 70, Phường Đại Mỗ, Nam Từ Liêm, Hà Nội.","26,5 tỷ",90 m²,,,3 tầng,Sổ đỏ/ Sổ hồng,Cơ bản,17/10/2025,24/10/2025,Tin VIP Bạc,41870143,5 m,,,
"Thanh Trì, Hà Nội","6,8 tỷ",80 m²,,,,Sổ đỏ/ Sổ hồng,,29/09/2025,09/10/2025,Tin thường,44140792,4 m,5 m,,
"Chung cư Nam Xa La, Phúc La, Hà Đông, Hà Nội","2,3 tỷ",40 m²,1 phòng,1 phòng,,,,17/10/2025,01/11/2025,Tin thường,44140790,,,,
"Bamboo Airways Tower, Đường Cầu Giấy, Phường Dịch Vọng, Cầu Giấy, Hà Nội",Thỏa thuận,125 m²,3 phòng,2 phòng,,Sổ đỏ/ Sổ hồng,Cơ bản,22/10/2025,06/11/2025,Tin thường,43726059,,,Đông - Nam,Đông - Nam
"Gamuda Gardens, Đường Tam Trinh, Phường Trần Phú, Hoàng Mai, Hà Nội",Thỏa thuận,190 m²,3 phòng,4 phòng,4 tầng,Sổ đỏ/ Sổ hồng,Đầy đủ,21/10/2025,05/11/2025,Tin thường,44122173,9 m,15 m,,
"Gamuda Gardens, Phường Trần Phú, Hoàng Mai, Hà Nội",54 tỷ,180 m²,,,,Sổ đỏ/ Sổ hồng,Không nội thất,26/09/2025,26/10/2025,Tin thường,44114465,10 m,15 m,,Bắc
"Phố Trung Kính, Phường Yên Hòa, Cầu Giấy, Hà Nội",20 tỷ,59 m²,4 phòng,5 phòng,5 tầng,Sổ đỏ/ Sổ hồng.,,17/10/2025,01/11/2025,Tin thường,44122780,4 m,4 m,,
"Xã Bình Yên, Thạch Thất, Hà Nội",Thỏa thuận,"82,9 m²",,,,,,20/10/2025,04/11/2025,Tin thường,40324570,,5 m,,
"Đại Mỗ, Đại Mỗ, Nam Từ Liêm, Hà Nội","15,8 tỷ",78 m²,4 phòng,3 phòng,4 tầng,Sổ đỏ/ Sổ hồng,Đầy đủ,08/10/2025,18/10/2025,Tin thường,43465056,,6 m,,
"Đường Đê La Thành, Phường Ô Chợ Dừa, Đống Đa, Hà Nội","18,98 tỷ",45 m²,2 phòng,4 phòng,5 tầng,Sổ đỏ/ Sổ hồng,Đầy đủ,18/10/2025,02/11/2025,Tin thường,43680781,5 m,4 m,,Tây
"Đường Thúy Lĩnh, Phường Lĩnh Nam, Hoàng Mai, Hà Nội","16,2 tỷ",115 m²,,,,Sổ đỏ/ Sổ hồng,,28/09/2025,28/10/2025,Tin thường,44131582,6 m,,,
"Phố Thái Hà, Phường Trung Liệt, Đống Đa, Hà Nội","19,4 tỷ",65 m²,,,,Sổ đỏ/ Sổ hồng,Đầy đủ,25/09/2025,25/10/2025,Tin thường,44103855,,,,
"Đường Tây Sơn, Phường Quang Trung, Đống Đa, Hà Nội","15,5 tỷ",45 m²,4 phòng,3 phòng,6 tầng,Sổ đỏ/ Sổ hồng,Đầy đủ,04/10/2025,14/10/2025,Tin thường,44035586,,6 m,,
"Đường Phú Đô, Phường Phú Đô, Nam Từ Liêm, Hà Nội","10,2 tỷ",52 m²,4 phòng,3 phòng,4 tầng,Sổ đỏ/ Sổ hồng,Đầy đủ,25/09/2025,05/10/2025,Tin thường,43915832,"4,5 m",5 m,,
,,,,,,,,,,,,,,,
"Dự án Vinhomes Global Gate, Đường Cổ Loa, Xã Đông Hội, Đông Anh, Hà Nội",27 tỷ,75 m²,8 phòng,5 phòng,5 tầng,,,28/09/2025,08/10/2025,Tin thường,44003770,5 m,17 m,,
"An Bình City, Cổ Nhuế 1, Bắc Từ Liêm, Hà Nội",7 tỷ,72 m²,2 phòng,2 phòng,,Sổ đỏ/ Sổ hồng,Cơ bản,25/09/2025,05/10/2025,Tin thường,44103625,,,Bắc,Nam
"Đường Nguyễn Trãi, Phường Thượng Đình, Thanh Xuân, Hà Nội",230 triệu/m²,100 m²,8 phòng,8 phòng,5 tầng,Sổ đỏ/ Sổ hồng.,Đầy đủ.,30/09/2025,10/10/2025,Tin thường,44024275,9 m,"2,5 m",Đông - Nam,Đông - Nam
"Đường Âu Cơ, Phường Quảng An, Tây Hồ, Hà Nội","13,8 tỷ",50 m²,6 phòng,,8 tầng,Sổ đỏ,,30/09/2025,10/10/2025,Tin thường,44150547,,,,
"Vinhomes Riverside, Hoa Phượng 6 - 01, Đường Hoa Phượng 6, Phường Phúc Lợi, Long Biên, Hà Nội",Thỏa thuận,348 m²,,,4 tầng,,Hoàn thiện nội thất nhập khẩu.,30/09/2025,10/10/2025,Tin thường,42159577,,,,
"D’. Le Roi Soleil , 59, Đường Xuân Diệu, Phường Quảng An, Tây Hồ, Hà Nội",16 tỷ,111 m²,3 phòng,3 phòng,,Sổ đỏ/ Sổ hồng,Đầy đủ,05/09/2025,05/10/2025,Tin thường,42522442,,,Tây - Bắc,Đông - Nam
"D’. Le Roi Soleil , 59, Đường Xuân Diệu, Phường Quảng An, Tây Hồ, Hà Nội","16,6 tỷ",146 m²,3 phòng,2 phòng,,Sổ đỏ/ Sổ hồng,Đầy đủ,05/09/2025,05/10/2025,Tin thường,42291808,,,Tây - Nam,
"Đường Cổ Nhuế, Phường Cổ Nhuế 2, Bắc Từ Liêm, Hà Nội",13 tỷ,72 m²,,,,Sổ đỏ/ Sổ hồng,,14/10/2025,24/10/2025,Tin thường,44150525,,,,
"Đường Cầu Giấy, Phường Dịch Vọng, Cầu Giấy, Hà Nội",59 tỷ,110 m²,,,1 tầng,Sổ đỏ/ Sổ hồng,,09/10/2025,19/10/2025,Tin thường,44140148,25 m,,,
"Đường Hồ Tùng Mậu, Phường Mai Dịch, Cầu Giấy, Hà Nội","89,5 tỷ",130 m²,,,10 tầng,Sổ đỏ/ Sổ hồng,,20/10/2025,04/11/2025,Tin thường,44140242,8 m,30 m,,
"Đường Dương Khuê, Phường Mai Dịch, Cầu Giấy, Hà Nội",95 tỷ,170 m²,,,9 tầng,Sổ đỏ/ Sổ hồng,,20/10/2025,04/11/2025,Tin thường,44138580,23 m,,,
"Đường Cầu Giấy, Phường Dịch Vọng Hậu, Cầu Giấy, Hà Nội","15,5 tỷ",46 m²,4 phòng,5 phòng,6 tầng,Sổ đỏ/ Sổ hồng,Đầy đủ,30/09/2025,10/10/2025,Tin thường,44150513,"3,5 m",3 m,,
"Dự án Eurowindow River Park, Đường Trường Sa, Xã Đông Hội, Đông Anh, Hà Nội","7,8 tỷ","154,5 m²",,,4 tầng,Sổ đỏ/ Sổ hồng,,22/10/2025,06/11/2025,Tin thường,43481058,"4,17 m",,,
"Dự án Vinhomes Thăng Long, Xã An Khánh, Hoài Đức, Hà Nội",Thỏa thuận,90 m²,5 phòng,4 phòng,4 tầng,Sổ đỏ/ Sổ hồng,Full đồ.,25/09/2025,05/10/2025,Tin thường,42976122,,13 m,Đông - Nam,Đông - Nam
"Xã Di Trạch, Hoài Đức, Hà Nội",127 triệu/m²,"85,7 m²",,,,Sổ đỏ/ Sổ hồng.,,16/10/2025,31/10/2025,Tin thường,41552179,"3,94 m",9 m,,Tây - Nam
"Phố Mai Anh Tuấn, Phường Láng Hạ, Đống Đa, Hà Nội","18,3 tỷ",45 m²,5 phòng,,6 tầng,Sổ đỏ/ Sổ hồng,,25/09/2025,05/10/2025,Tin thường,42712324,"3,5 m",10 m,,
"Dự án Khu nhà ở Minh Đức, Xã Tiền Phong, Mê Linh, Hà Nội",43 triệu/m²,103 m²,,,,Hợp đồng vay vốn,,25/09/2025,05/10/2025,Tin thường,41565632,6 m,11 m,,Bắc
,,,,,,,,,,,,,,,
"Đường Thượng Thanh, Phường Thượng Thanh, Long Biên, Hà Nội","8,85 tỷ",66 m²,4 phòng,4 phòng,4 tầng,Sổ đỏ/ Sổ hồng,Đầy đủ,25/09/2025,05/10/2025,Tin thường,44104647,7 m,,,
"Dự án Khu đô thị Vân Canh, Xã Vân Canh, Hoài Đức, Hà Nội",150 triệu/m²,100 m²,,,3 tầng,,,16/10/2025,31/10/2025,Tin thường,18796472,,"12,5 m",,Bắc
"Sky City Towers-88 Láng Hạ, Láng Hạ, Láng Hạ, Đống Đa, Hà Nội","10,5 tỷ",112 m²,2 phòng,2 phòng,,Sổ đỏ/ Sổ hồng,Đầy đủ,23/09/2025,03/10/2025,Tin thường,44087892,,,Đông - Bắc,Tây - Nam
"Đường Xuân Đỉnh, Phường Xuân Tảo, Bắc Từ Liêm, Hà Nội",38 tỷ,140 m²,3 phòng,3 phòng,2 tầng,Sổ đỏ/ Sổ hồng,Đầy đủ,25/09/2025,05/10/2025,Tin thường,40447871,6 m,30 m,,
"Đường Trường Chinh, Phường Phương Mai, Đống Đa, Hà Nội",52 tỷ,59 m²,2 phòng,8 phòng,8 tầng,,,07/10/2025,17/10/2025,Tin thường,44149659,8 m,,,
"Dự án An Vượng Villa, Đường Tố Hữu, Phường Dương Nội, Hà Đông, Hà Nội","38,5 tỷ",180 m²,,,,Sổ đỏ/ Sổ hồng,Không nội thất,15/10/2025,22/10/2025,Tin thường,42233466,,12 m,Đông - Nam,
"Dự án Mandarin Garden 2, Đường Tân Mai, Phường Tân Mai, Hoàng Mai, Hà Nội","8,8 tỷ",82 m²,2 phòng,2 phòng,,,,30/09/2025,07/10/2025,Tin thường,44149180,,,,
"Dự án Hado Charm Villas, Đường Đại lộ Thăng Long, Xã An Thượng, Hoài Đức, Hà Nội",22 tỷ,110 m²,5 phòng,5 phòng,4 tầng,Hợp đồng mua bán,,14/10/2025,24/10/2025,Tin thường,43618098,5 m,"11,5 m",Nam,Nam
"Dự án Lumi Hanoi, Đường Đại lộ Thăng Long, Phường Tây Mỗ, Nam Từ Liêm, Hà Nội","5,35 tỷ",62 m²,2 phòng,2 phòng,,Hợp đồng mua bán,Đầy đủ,18/10/2025,02/11/2025,Tin thường,44123772,,,,Nam
"Phường Lĩnh Nam, Hoàng Mai, Hà Nội","6,8 tỷ",36 m²,3 phòng,4 phòng,5 tầng,Sổ đỏ/ Sổ hồng,"Nội thất đầy đủ với giường, tủ, bàn ghế.",13/10/2025,20/10/2025,Tin thường,44145698,,,,
"Dự án Imperia Smart City, Đường Đại lộ Thăng Long, Phường Tây Mỗ, Nam Từ Liêm, Hà Nội","4,48 tỷ",64 m²,2 phòng,2 phòng,,,Full đồ.,16/10/2025,23/10/2025,Tin VIP Kim Cương,43724910,,,,
"Dự án BlueGem Tower, Đường Nguyễn Bặc, Xã Tứ Hiệp, Thanh Trì, Hà Nội","6,6 tỷ",109 m²,3 phòng,3 phòng,,Sổ đỏ/ Sổ hồng,"Nội thất full liền tường: Sàn gỗ, trần thạch cao, thiết bị vệ sinh, nóng lạnh, điều hòa...",30/09/2025,15/10/2025,Tin thường,43667340,,,,
"Xã Hiền Ninh, Sóc Sơn, Hà Nội",Thỏa thuận,83 m²,,,,Sổ đỏ/ Sổ hồng,,30/09/2025,07/10/2025,Tin thường,44148050,"4,1 m",4 m,,
"Dự án Khai Sơn City, Phường Ngọc Thụy, Long Biên, Hà Nội","7,6 tỷ","101,5 m²",3 phòng,2 phòng,,Hợp đồng mua bán,,30/09/2025,15/10/2025,Tin thường,44036819,,,Đông - Nam,Tây - Bắc
"Dự án Luxury Park Views, Đường Dương Đình Nghệ, Phường Yên Hòa, Cầu Giấy, Hà Nội",13 tỷ,128 m²,4 phòng,2 phòng,,Sổ đỏ/ Sổ hồng,Đầy đủ,23/09/2025,03/10/2025,Tin thường,43995828,,,Đông - Nam,
"Đường Âu Cơ, Phường Nhật Tân, Tây Hồ, Hà Nội","24,3 tỷ",175 m²,,,,Sổ đỏ/ Sổ hồng,,15/10/2025,25/10/2025,Tin thường,43296822,8 m,,,
"Di Trạch, Hoài Đức, Hà Nội","5,8 tỷ",36 m²,5 phòng,4 phòng,5 tầng,Sổ đỏ/ Sổ hồng,Đầy đủ,03/10/2025,18/10/2025,Tin thường,44087974,5 m,"2,5 m",Nam,Nam
"Đường Dương Văn Bé, Phường Vĩnh Tuy, Hai Bà Trưng, Hà Nội","22,2 tỷ",153 m²,,,,Sổ đỏ/ Sổ hồng,,23/09/2025,03/10/2025,Tin thường,42637484,12 m,"2,5 m",,
"Phố Phương Liệt, Phường Phương Liệt, Thanh Xuân, Hà Nội","31,5 tỷ",150 m²,3 phòng,2 phòng,2 tầng,Sổ đỏ/ Sổ hồng,,23/09/2025,03/10/2025,Tin thường,43419892,6 m,5 m,,
"Đường Nguyễn Văn Cừ, Phường Ngọc Lâm, Long Biên, Hà Nội",220 tỷ,910 m²,,,2 tầng,Sổ đỏ/ Sổ hồng,,15/10/2025,25/10/2025,Tin thường,42064559,12 m,,,
"Đường Vành Đai 2,5, Phường Hoàng Văn Thụ, Hoàng Mai, Hà Nội",270 tỷ,1.140 m²,,,1 tầng,Sổ đỏ/ Sổ hồng,,15/10/2025,25/10/2025,Tin thường,42726187,48 m,,,
"Đường Nguyễn Đình Chiểu, Phường Lê Đại Hành, Hai Bà Trưng, Hà Nội","12,5 tỷ",52 m²,3 phòng,2 phòng,2 tầng,Sổ đỏ/ Sổ hồng,,23/09/2025,03/10/2025,Tin thường,44003848,"5,2 m",3 m,,
"Hòa Bình 7, Đường Minh Khai, Phường Minh Khai, Hai Bà Trưng, Hà Nội",25 tỷ,85 m²,8 phòng,6 phòng,7 tầng,Sổ đỏ/ Sổ hồng,Đầy đủ,23/09/2025,03/10/2025,Tin thường,43729139,5 m,4 m,,
"Chung cư 671 Hoàng Hoa Thám, Hoàng Hoa Thám, Liễu Giai, Ba Đình, Hà Nội","7,5 tỷ",78 m²,2 phòng,2 phòng,,Sổ đỏ/ Sổ hồng,Đầy đủ,23/09/2025,03/10/2025,Tin thường,43999700,,,Đông - Nam,
"Dự án Mandarin Garden, Đường Hoàng Minh Giám, Phường Trung Hòa, Cầu Giấy, Hà Nội",18 tỷ,152 m²,3 phòng,2 phòng,,Sổ đỏ/ Sổ hồng,Đầy đủ,29/09/2025,09/10/2025,Tin thường,44143124,,,,
"Dự án Mỹ Đình Plaza 2, Đường Nguyễn Hoàng, Phường Mỹ Đình 2, Nam Từ Liêm, Hà Nội","7,6 tỷ",104 m²,3 phòng,2 phòng,,Sổ đỏ/ Sổ hồng.,Đầy đủ.,13/10/2025,23/10/2025,Tin thường,39602609,,,Đông - Nam,Tây - Bắc
"Phố Hào Nam, Phường Ô Chợ Dừa, Đống Đa, Hà Nội","17,4 tỷ",45 m²,,,6 tầng,Sổ đỏ/ Sổ hồng,Đầy đủ,01/10/2025,11/10/2025,Tin thường,44158188,,,,
"Bình Minh Garden, 93, Đường Đức Giang, Phường Đức Giang, Long Biên, Hà Nội","5,15 tỷ",75 m²,2 phòng,2 phòng,,Sổ đỏ/ Sổ hồng,Cơ bản,21/10/2025,05/11/2025,Tin thường,43385958,,,Tây - Bắc,Đông - Nam
"Đường Lạc Long Quân, Phường Xuân La, Tây Hồ, Hà Nội",129 tỷ,300 m²,,,,Sổ đỏ/ Sổ hồng,,01/10/2025,11/10/2025,Tin thường,44158187,,,,
"Dự án Golden Park Tower, Đường Phạm Văn Bạch, Phường Yên Hòa, Cầu Giấy, Hà Nội",9 tỷ,96 m²,3 phòng,2 phòng,,Sổ đỏ/ Sổ hồng,Đầy đủ,01/10/2025,11/10/2025,Tin thường,39122018,,,Đông - Bắc,Tây - Nam
"Đường Khuất Duy Tiến, Phường Khương Trung, Thanh Xuân, Hà Nội",37 tỷ,74 m²,,,9 tầng,Sổ đỏ/ Sổ hồng,,23/09/2025,03/10/2025,Tin thường,43329593,7 m,,,
"Dự án Times Tower Lê Văn Lương, Đường Lê Văn Lương, Phường Nhân Chính, Thanh Xuân, Hà Nội","10,6 tỷ",128 m²,3 phòng,2 phòng,,Sổ đỏ,Đầy đủ.,26/09/2025,06/10/2025,Tin thường,44117097,,,,
"Khai Sơn City, Phường Ngọc Thụy, Quận Long Biên, Hà Nội","7,5 tỷ",101 m²,3 phòng,2 phòng,,Hợp đồng mua bán,Cơ bản.,16/10/2025,31/10/2025,Tin thường,42618561,,,Đông - Nam,
"đường Nghi Tàm, Phường Yên Phụ, Tây Hồ, Hà Nội",145 tỷ,195 m²,,,,Sổ đỏ/ Sổ hồng,,23/09/2025,03/10/2025,Tin thường,42509743,9 m,,,
"Dolphin Plaza, 28, Phố Trần Bình, Phường Mỹ Đình 2, Nam Từ Liêm, Hà Nội",Thỏa thuận,156 m²,3 phòng,2 phòng,,Sổ đỏ/ Sổ hồng,Đầy đủ,29/09/2025,09/10/2025,Tin thường,42093150,,,Nam,
"Đường Lương Văn Can, Phường Hà Cầu, Hà Đông, Hà Nội",10 tỷ,41 m²,,,,Sổ đỏ/ Sổ hồng,Đầy đủ,29/09/2025,09/10/2025,Tin thường,44140785,3 m,5 m,,Đông - Nam
"Đường Mỹ Đình 1, Phường Mỹ Đình 1, Nam Từ Liêm, Hà Nội","2,39 tỷ",55 m²,2 phòng,1 phòng,7 tầng,Hợp đồng mua bán,Đầy đủ,25/09/2025,05/10/2025,Tin thường,44112745,,,,
"Gamuda Gardens, Phường Trần Phú, Hoàng Mai, Hà Nội","50,8 tỷ",160 m²,,,,Sổ đỏ/ Sổ hồng,Không nội thất,13/10/2025,23/10/2025,Tin thường,44115146,,,,
"Dự án TSQ Galaxy, Đường Tố Hữu, Phường Vạn Phúc, Hà Đông, Hà Nội",31 tỷ,98 m²,,,5 tầng,Sổ đỏ/ Sổ hồng,Cơ bản,06/10/2025,16/10/2025,Tin thường,38560435,5 m,16 m,,
"Phố Quan Nhân, Phường Trung Hòa, Cầu Giấy, Hà Nội","31,5 tỷ",90 m²,7 phòng,5 phòng,5 tầng,Sổ đỏ/ Sổ hồng,Đầy đủ,21/10/2025,05/11/2025,Tin thường,42261015,"4,5 m",10 m,,Đông - Bắc
"Gamuda Gardens, Phường Trần Phú, Quận Hoàng Mai, Hà Nội",65 tỷ,218 m²,4 phòng,5 phòng,,Sổ đỏ/ Sổ hồng,Đầy đủ,26/09/2025,26/10/2025,Tin thường,44114613,9 m,15 m,,Bắc
"Đường Nguyễn Thị Định, Phường Trung Hòa, Cầu Giấy, Hà Nội",43 tỷ,107 m²,2 phòng,10 phòng,7 tầng,Sổ đỏ/ Sổ hồng,Đầy đủ,04/10/2025,14/10/2025,Tin thường,43982651,"7,5 m",6 m,,
"Dự án Louis City Hoàng Mai, Đường Tân Mai, Phường Hoàng Văn Thụ, Hoàng Mai, Hà Nội",30 tỷ,105 m²,5 phòng,6 phòng,5 tầng,Sổ đỏ/ Sổ hồng,Xây thô,13/10/2025,23/10/2025,Tin thường,42064556,5 m,14 m,,Nam
"Dự án The Matrix One, Đường Lê Quang Đạo, Phường Mễ Trì, Nam Từ Liêm, Hà Nội",Thỏa thuận,"111,98 m²",3 phòng,2 phòng,,,Đầy đủ,09/10/2025,19/10/2025,Tin thường,42962930,,,Tây - Nam,Đông - Bắc
"Đường Kim Giang, Phường Đại Kim, Hoàng Mai, Hà Nội","11,55 tỷ",60 m²,6 phòng,4 phòng,5 tầng,Sổ đỏ/ Sổ hồng.,,20/10/2025,04/11/2025,Tin thường,42141311,"4,1 m",,,
"Đường Đồng Bát, Phường Mai Dịch, Cầu Giấy, Hà Nội","14,5 tỷ",38 m²,5 phòng,5 phòng,6 tầng,Sổ đỏ/ Sổ hồng,Đầy đủ,25/09/2025,05/10/2025,Tin thường,44111762,"5,6 m",3 m,,
"Dự án Iris Garden, Đường Trần Hữu Dực, Phường Cầu Diễn, Nam Từ Liêm, Hà Nội.",9 tỷ,104 m²,3 phòng,2 phòng,,Sổ đỏ/ Sổ hồng,Đầy đủ,03/10/2025,13/10/2025,Tin thường,40337377,,,Nam,
"Iris Garden, Đường Trần Hữu Dực, Phường Cầu Diễn, Quận Nam Từ Liêm, Hà Nội",11 tỷ,135 m²,3 phòng,2 phòng,,Sổ đỏ/ Sổ hồng,Cơ bản,22/09/2025,02/10/2025,Tin thường,42249981,,,Đông - Nam,
"Dự án Vinhomes Global Gate, Đường Cổ Loa, Xã Đông Hội, Đông Anh, Hà Nội",25 tỷ,75 m²,,,,Sổ đỏ/ Sổ hồng,,18/10/2025,25/10/2025,Tin VIP Kim Cương,44150507,,,,
"Dự án Nam An Khánh, Đường Láng Hòa Lạc, Xã An Khánh, Hoài Đức, Hà Nội",Thỏa thuận,166 m²,,,4 tầng,Sổ đỏ/ Sổ hồng,,15/10/2025,30/10/2025,Tin thường,43963456,7 m,,,
"Đường Tú Mỡ, Phường Trung Hòa, Cầu Giấy, Hà Nội",37 tỷ,55 m²,12 phòng,8 phòng,8 tầng,Sổ đỏ/ Sổ hồng,Đầy đủ,20/10/2025,04/11/2025,Tin thường,44108218,5 m,20 m,,
"Khu đô thị Đền Lừ II, Đền Lừ, Hoàng Văn Thụ, Hoàng Mai, Hà Nội",15 tỷ,51 m²,,,5 tầng,Sổ đỏ/ Sổ hồng,,30/09/2025,10/10/2025,Tin thường,43740616,"4,2 m",,,
"Phố Giảng Võ, Phường Cát Linh, Đống Đa, Hà Nội","6,25 tỷ",25 m²,3 phòng,4 phòng,5 tầng,Sổ đỏ/ Sổ hồng,Đầy đủ,08/10/2025,18/10/2025,Tin thường,44047508,3 m,2 m,,
"Đường Đào Tấn, Phường Cống Vị, Ba Đình, Hà Nội",13 tỷ,40 m²,4 phòng,4 phòng,5 tầng,Sổ đỏ/ Sổ hồng,Cao cấp,18/10/2025,02/11/2025,Tin thường,43952653,4 m,3 m,,
"Đường Quốc lộ 21A(Quốc lộ 21), Xã Sơn Đông, Sơn Tây, Hà Nội",19 triệu/m²,1.626 m²,,,,Sổ đỏ/ Sổ hồng,,10/10/2025,20/10/2025,Tin thường,43982524,40 m,,,
"Phố Hoàng Cầu, Phường Trung Liệt, Đống Đa, Hà Nội",46 tỷ,130 m²,7 phòng,11 phòng,9 tầng,Sổ đỏ/ Sổ hồng,"Thang máy, thiết kế văn phòng thông sàn, cao cấp",26/09/2025,06/10/2025,Tin thường,44016612,7 m,4 m,,
"Đường Phùng Khoang, Phường Thanh Xuân Bắc, Thanh Xuân, Hà Nội","21,5 tỷ",187 m²,4 phòng,2 phòng,2 tầng,Sổ đỏ/ Sổ hồng,Cơ bản,26/09/2025,06/10/2025,Tin thường,44122773,10 m,,,
"Dự án N01-T5 Ngoại Giao Đoàn, Phường Xuân Tảo, Bắc Từ Liêm, Hà Nội","9,65 tỷ",87 m²,2 phòng,2 phòng,,Sổ đỏ/ Sổ hồng,Đầy đủ,06/10/2025,16/10/2025,Tin thường,44116657,,,Bắc,Nam
"Phố Thái Hà, Phường Trung Liệt, Đống Đa, Hà Nội",20 tỷ,55 m²,,,6 tầng,Sổ đỏ/ Sổ hồng,,28/09/2025,08/10/2025,Tin thường,44131572,4 m,4 m,,
"Dự án KĐT Linh Đàm, Phường Đại Kim, Hoàng Mai, Hà Nội","5,67 tỷ",82 m²,3 phòng,2 phòng,,Sổ đỏ/ Sổ hồng,Đầy đủ,26/09/2025,06/10/2025,Tin thường,43905701,,,Đông - Bắc,Đông - Nam
"Đường Dương Khuê, Phường Mai Dịch, Cầu Giấy, Hà Nội","67,69 tỷ",117 m²,10 phòng,10 phòng,10 tầng,Sổ đỏ/ Sổ hồng,,11/10/2025,21/10/2025,Tin thường,43395600,10 m,,,
"Xã Cổ Đông, Sơn Tây, Hà Nội",18 triệu/m²,118 m²,,,,Sổ đỏ/ Sổ hồng,,06/10/2025,16/10/2025,Tin thường,43736378,"8,8 m",10 m,,Đông - Nam
"Đường ĐCT08(Hòa Lạc), Xã Bình Yên, Thạch Thất, Hà Nội",28 triệu/m²,110 m²,,,,Sổ đỏ,,19/10/2025,03/11/2025,Tin thường,43737540,"5,5 m",,,Đông - Nam
"Phố Trần Đại Nghĩa, Phường Đồng Tâm, Hai Bà Trưng, Hà Nội",42 tỷ,145 m²,,,3 tầng,,,28/09/2025,08/10/2025,Tin thường,42408373,,,,
"Xã Vân Canh, Huyện Hoài Đức, Hà Nội",177 triệu/m²,"65,8 m²",,,,Sổ đỏ/ Sổ hồng,,03/10/2025,13/10/2025,Tin thường,43499474,"5,73 m",11 m,,Bắc
"Bát Đầm, Tản Lĩnh, Ba Vì, Hà Nội","2,2 tỷ",281 m²,,,,Sổ đỏ/ Sổ hồng,,22/09/2025,07/10/2025,Tin thường,44074834,,,,
"Chung cư Đại Thanh, Phan Trọng Tuệ, Tả Thanh Oai, Thanh Trì, Hà Nội","2,98 tỷ",55 m²,1 phòng,1 phòng,,Sổ đỏ/ Sổ hồng,Đầy đủ,25/09/2025,05/10/2025,Tin thường,43894924,,,,
"Dự án Chung cư Ban cơ yếu Chính phủ, Phường Nhân Chính, Thanh Xuân, Hà Nội","9,5 tỷ",125 m²,3 phòng,2 phòng,,Sổ đỏ/ Sổ hồng,Đầy đủ nội thất cao cấp.,16/10/2025,31/10/2025,Tin thường,44074300,,,Đông - Nam,Tây - Bắc
"Phố Láng Hạ, Phường Láng Hạ, Đống Đa, Hà Nội","7,5 tỷ",42 m²,4 phòng,,5 tầng,Sổ đỏ chính chủ,,05/10/2025,15/10/2025,Tin thường,44105641,,,,
"Cụm công nghiệp Kim Bài, 21B, Kim Bài, Thanh Oai, Hà Nội",Thỏa thuận,118 m²,,,,Đang chờ sổ,,25/09/2025,05/10/2025,Tin thường,44105331,,,,
"Đường Xuân Đỉnh, Phường Xuân Đỉnh, Bắc Từ Liêm, Hà Nội",69 tỷ,162 m²,29 phòng,29 phòng,9 tầng,Sổ đỏ/ Sổ hồng.,Đầy đủ,05/10/2025,15/10/2025,Tin thường,42463353,7 m,20 m,,
"Đường Bát Khối, Phường Giang Biên, Long Biên, Hà Nội","7,25 tỷ",32 m²,3 phòng,4 phòng,5 tầng,Sổ đỏ/ Sổ hồng,Đầy đủ,25/09/2025,05/10/2025,Tin thường,44104292,"3,6 m",4 m,,
"Masteri West Heights, Phường Tây Mỗ, Nam Từ Liêm, Hà Nội",Thỏa thuận,70 m²,,,,Sổ đỏ/ Sổ hồng,Đầy đủ,11/10/2025,21/10/2025,Tin thường,43283249,16 m,52 m,,
"Ngõ 12, Đường Đào Tấn, Phường Cống Vị, Ba Đình, Hà Nội","13,85 tỷ",45 m²,4 phòng,3 phòng,4 tầng,Sổ đỏ/ Sổ hồng,Đầy đủ,24/09/2025,04/10/2025,Tin thường,44099016,,,,
"Đường Ngọc Thụy, Phường Bồ Đề, Long Biên, Hà Nội",26 tỷ,110 m²,6 phòng,,4 tầng,Sổ đỏ/ Sổ hồng,,09/10/2025,19/10/2025,Tin thường,44147635,"5,6 m",17 m,,
"Dự án The Paris - Vinhomes Ocean Park, Xã Đa Tốn, Gia Lâm, Hà Nội","4,65 tỷ","63,8 m²",2 phòng,2 phòng,,Hợp đồng mua bán,,30/09/2025,07/10/2025,Tin thường,43941084,,,Tây - Nam,
"Masteri Waterfront, Quốc Lộ 5B, Đa Tốn, Gia Lâm, Hà Nội","2,32 tỷ","25,41 m²",,1 phòng,,Sổ đỏ/ Sổ hồng,Đầy đủ,30/09/2025,07/10/2025,Tin thường,43868333,,,,
"Vinhomes D'Capitale, Trần Duy Hưng, Trung Hòa, Cầu Giấy, Hà Nội","8,6 tỷ",73 m²,2 phòng,2 phòng,,Sổ đỏ/ Sổ hồng,Đầy đủ,20/10/2025,27/10/2025,Tin VIP Bạc,44147317,,,Đông - Nam,Tây - Bắc
"Mailand Hanoi City, Đại lộ Thăng Long, An Khánh, Hoài Đức, Hà Nội",Thỏa thuận,210 m²,,,,Sổ đỏ/ Sổ hồng,,16/10/2025,31/10/2025,Tin thường,44147311,,,,
"Dự án Vinhomes The Gallery, Phố Giảng Võ, Phường Giảng Võ, Ba Đình, Hà Nội","46,1 tỷ","82,5 m²",,,5 tầng,,,10/10/2025,25/10/2025,Tin VIP Vàng,43066989,,,,
"Dự án Thanh Hà Mường Thanh, Đường Nam Hy Hoàng Phong, Phường Kiến Hưng, Hà Đông, Hà Nội",Thỏa thuận,100 m²,,,,Hợp đồng mua bán,,09/10/2025,19/10/2025,Tin thường,43918577,,25 m,,
"Dự án 30T Nam Trung Yên, Đường Nguyễn Chánh, Phường Trung Hòa, Cầu Giấy, Hà Nội","6,4 tỷ",75 m²,3 phòng,2 phòng,,Sổ đỏ/ Sổ hồng,,17/10/2025,16/11/2025,Tin thường,44146450,,,Bắc,Đông - Nam
"Dự án The Canopy Residences - Vinhomes Smart City, Phường Tây Mỗ, Nam Từ Liêm, Hà Nội","3,85 tỷ",50 m²,2 phòng,1 phòng,,HĐMB,,22/10/2025,29/10/2025,Tin VIP Vàng,42747818,,,,
"Dự án Vinhomes Wonder City, Đường 422, Xã Tân Hội, Đan Phượng, Hà Nội","18,5 tỷ",96 m²,5 phòng,5 phòng,4 tầng,Hợp đồng mua bán,Không nội thất,17/10/2025,24/10/2025,Tin VIP Vàng,44054456,8 m,11 m,,
"Xã Tân Xã, Thạch Thất, Hà Nội","3,5 tỷ","92,8 m²",,,,,,23/09/2025,23/10/2025,Tin thường,44087985,,,,
"Phố Quỳnh Mai, Phường Bạch Mai, Hai Bà Trưng, Hà Nội","10,9 tỷ",40 m²,3 phòng,4 phòng,4 tầng,Sổ đỏ/ Sổ hồng,,23/09/2025,03/10/2025,Tin thường,43989833,"4,2 m",3 m,,
"Đường Kim Giang, Phường Đại Kim, Hoàng Mai, Hà Nội","18,95 tỷ",57 m²,4 phòng,3 phòng,4 tầng,Sổ đỏ/ Sổ hồng,Cơ bản,23/09/2025,03/10/2025,Tin thường,43990358,"3,7 m",10 m,,
"Dự án Mandarin Garden, Đường Hoàng Minh Giám, Phường Trung Hòa, Cầu Giấy, Hà Nội",Thỏa thuận,168 m²,3 phòng,2 phòng,,Sổ đỏ/ Sổ hồng,Đầy đủ,16/10/2025,23/10/2025,Tin VIP Bạc,40397767,,,,
"Mandarin Garden, Hoàng Minh Giám, Trung Hòa, Cầu Giấy, Hà Nội",Thỏa thuận,168 m²,3 phòng,2 phòng,,Sổ đỏ/ Sổ hồng,Đầy đủ,09/10/2025,19/10/2025,Tin thường,43882830,,,,
"Đường Kim Giang, Phường Đại Kim, Hoàng Mai, Hà Nội","7,35 tỷ",30 m²,4 phòng,4 phòng,5 tầng,Sổ đỏ/ Sổ hồng,Đầy đủ,23/09/2025,03/10/2025,Tin thường,43991163,"3,2 m","2,5 m",,
"Đường Vũ Phạm Hàm, Phường Trung Hòa, Cầu Giấy, Hà Nội","34,8 tỷ",76 m²,,,9 tầng,Sổ đỏ/ Sổ hồng,Đầy đủ,23/09/2025,03/10/2025,Tin thường,44087969,"4,8 m",7 m,,
"Phố Phố Vọng, Phường Đồng Tâm, Hai Bà Trưng, Hà Nội","22,5 tỷ",54 m²,6 phòng,4 phòng,4 tầng,Sổ đỏ/ Sổ hồng,,23/09/2025,03/10/2025,Tin thường,43989968,"3,5 m",16 m,,
"Phố Trần Cung, Phường Nghĩa Tân, Cầu Giấy, Hà Nội","18,8 tỷ",66 m²,4 phòng,3 phòng,4 tầng,Sổ đỏ/ Sổ hồng,,16/09/2025,16/10/2025,Tin thường,44028224,"5,5 m",5 m,,
"Phố Trần Bình, Phường Mai Dịch, Cầu Giấy, Hà Nội","18,5 tỷ",70 m²,4 phòng,3 phòng,4 tầng,Sổ đỏ/ Sổ hồng,Đầy đủ,16/10/2025,31/10/2025,Tin thường,44027562,"4,5 m",10 m,,
"Dự án 90 Nguyễn Tuân, Đường Nguyễn Tuân, Phường Thanh Xuân Trung, Thanh Xuân, Hà Nội","8,75 tỷ",101 m²,3 phòng,2 phòng,,Sổ đỏ/ Sổ hồng,Đầy đủ.,25/09/2025,05/10/2025,Tin thường,44106488,,,,
"Hateco Laroma, Láng Thượng, Đống Đa, Hà Nội",13 tỷ,112 m²,3 phòng,2 phòng,,Sổ đỏ/ Sổ hồng,Đầy đủ,22/09/2025,22/10/2025,Tin thường,42362758,,,,
"Đường Ngọc Thụy, Phường Ngọc Thụy, Long Biên, Hà Nội","33,5 tỷ",100 m²,8 phòng,10 phòng,6 tầng,Sổ đỏ/ Sổ hồng,,16/09/2025,16/10/2025,Tin thường,43255688,"4,5 m",,,Tây - Bắc
"Dự án 90 Nguyễn Tuân, Đường Nguyễn Tuân, Phường Thanh Xuân Trung, Thanh Xuân, Hà Nội","6,8 tỷ",71 m²,2 phòng,2 phòng,,Sổ đỏ/ Sổ hồng,Đầy đủ.,26/09/2025,06/10/2025,Tin thường,44116621,,,,
"Xã Bắc Sơn, Sóc Sơn, Hà Nội",990 triệu,100 m²,,,,Sổ đỏ/ Sổ hồng,,01/10/2025,31/10/2025,Tin thường,44157844,"6,33 m",6 m,,Đông - Nam
"Đường Cầu Bươu, Phường Kiến Hưng, Hà Đông, Hà Nội",13 tỷ,140 m²,3 phòng,2 phòng,,Sổ đỏ/ Sổ hồng,Cơ bản,01/10/2025,11/10/2025,Tin thường,43940706,,,,
"Phố Chùa Láng, Phường Láng Thượng, Đống Đa, Hà Nội",52 tỷ,70 m²,,,5 tầng,Sổ đỏ/ Sổ hồng,,08/10/2025,18/10/2025,Tin thường,43250159,,,,
"Dự án IA20 Ciputra, Phường Đông Ngạc, Bắc Từ Liêm, Hà Nội",Thỏa thuận,108 m²,3 phòng,2 phòng,,Sổ đỏ/ Sổ hồng,Đầy đủ,21/10/2025,20/11/2025,Tin thường,40631874,,,Tây - Bắc,Đông - Nam
"Đường Tu Hoàng, Phường Xuân Phương, Nam Từ Liêm, Hà Nội",13 tỷ,50 m²,5 phòng,5 phòng,7 tầng,Sổ đỏ/ Sổ hồng,Đầy đủ,01/10/2025,16/10/2025,Tin thường,44158178,4 m,,,
"Đường Võ Chí Công, Phường Nghĩa Đô, Cầu Giấy, Hà Nội","8,5 tỷ",61 m²,6 phòng,4 phòng,5 tầng,Sổ đỏ/ Sổ hồng,Cơ bản,12/10/2025,27/10/2025,Tin thường,41023414,5 m,,,
"Đường Vĩnh Phúc, Phường Vĩnh Phúc, Ba Đình, Hà Nội","8,25 tỷ",35 m²,3 phòng,3 phòng,3 tầng,Sổ đỏ/ Sổ hồng,Đầy đủ,21/09/2025,21/10/2025,Tin thường,44069246,"3,4 m",3 m,Bắc,Bắc
"Đường 23B, Xã Tiên Dương, Đông Anh, Hà Nội",165 triệu/m²,"60,76 m²",,,,Sổ đỏ/ Sổ hồng,,13/10/2025,23/10/2025,Tin thường,42882094,"3,92 m",20 m,,
"Hà Nội Center Point, số 27, Phố Hoàng Đạo Thúy, Phường Nhân Chính, Thanh Xuân, Hà Nội","6,9 tỷ",80 m²,3 phòng,2 phòng,,Sổ đỏ/ Sổ hồng,Đầy đủ.,09/10/2025,19/10/2025,Tin thường,26652980,,,Đông - Nam,Tây - Bắc
"Đường Đền Lừ, Phường Hoàng Văn Thụ, Hoàng Mai, Hà Nội","29,2 tỷ",100 m²,7 phòng,6 phòng,7 tầng,Sổ đỏ/ Sổ hồng,Đầy đủ,06/10/2025,16/10/2025,Tin thường,44121287,"4,5 m",8 m,,
"Comatce Tower, Ngụy Như Kon Tum, Nhân Chính, Thanh Xuân, Hà Nội",21 tỷ,269 m²,4 phòng,4 phòng,,Sổ đỏ/ Sổ hồng,Đầy đủ,17/10/2025,01/11/2025,Tin thường,44121288,,,Tây - Nam,Đông - Bắc
"Đường Đê La Thành, Phường Ô Chợ Dừa, Đống Đa, Hà Nội","10,3 tỷ",43 m²,5 phòng,4 phòng,5 tầng,Sổ đỏ/ Sổ hồng,Cơ bản,26/09/2025,11/10/2025,Tin thường,44121284,"4,2 m","4,5 m",Tây - Nam,Tây - Nam
"Đường Lê Quang Đạo, Phường Phú Đô, Nam Từ Liêm, Hà Nội","7,5 tỷ",35 m²,3 phòng,3 phòng,4 tầng,Sổ đỏ/ Sổ hồng,Đầy đủ,26/09/2025,06/10/2025,Tin thường,44121282,,,,
"Đường 23B, Xã Tiên Dương, Đông Anh, Hà Nội",165 triệu/m²,"60,3 m²",,,,Sổ đỏ/ Sổ hồng,,26/09/2025,06/10/2025,Tin thường,42209502,"3,88 m",20 m,,Đông - Nam
"Đường Lập Trí, Xã Minh Trí, Sóc Sơn, Hà Nội",34 triệu/m²,133 m²,,,,Sổ đỏ/ Sổ hồng,,26/09/2025,06/10/2025,Tin thường,44121278,5 m,8 m,,Đông - Nam
"The Two Residence - Gamuda Garden, Trần Phú, Hoàng Mai, Hà Nội","7,7 tỷ",98 m²,3 phòng,2 phòng,,Sổ đỏ/ Sổ hồng,Đầy đủ,26/09/2025,06/10/2025,Tin thường,44121276,,,,
"Đường Nguyên Hồng, Phường Láng Hạ, Đống Đa, Hà Nội",27 tỷ,66 m²,,,,Sổ đỏ/ Sổ hồng,,30/09/2025,10/10/2025,Tin thường,43671338,6 m,,,
"Mỹ Sơn Tower, Nguyễn Huy Tưởng, Thanh Xuân Trung, Thanh Xuân, Hà Nội","3,6 tỷ",63 m²,2 phòng,2 phòng,,Hợp đồng mua bán,Đầy đủ,30/09/2025,10/10/2025,Tin thường,43988977,,,Đông - Nam,Tây - Bắc
"Phố Phạm Tuấn Tài, Phường Nghĩa Đô, Cầu Giấy, Hà Nội","22,8 tỷ",51 m²,6 phòng,5 phòng,6 tầng,Sổ đỏ/ Sổ hồng,Đầy đủ,07/10/2025,17/10/2025,Tin thường,44120916,4 m,,,
"Dự án GoldSeason, Đường Nguyễn Tuân, Phường Thanh Xuân Trung, Thanh Xuân, Hà Nội",8 tỷ,90 m²,3 phòng,2 phòng,,Sổ đỏ/ Sổ hồng,"Đầy đủ với điều hòa, tủ lạnh, giường,...",26/09/2025,06/10/2025,Tin thường,43421607,,,Đông - Bắc,Tây - Nam
"Đường Bạch Đằng, Phường Bạch Đằng, Hai Bà Trưng, Hà Nội","17,5 tỷ",45 m²,4 phòng,4 phòng,4 tầng,Sổ đỏ/ Sổ hồng,Đầy đủ,30/09/2025,30/10/2025,Tin thường,44080888,"3,8 m",16 m,Tây,Tây
"Dự án Đền Lừ II, Đường Đền Lừ, Phường Hoàng Văn Thụ, Hoàng Mai, Hà Nội","9,5 tỷ",50 m²,,,,Sổ đỏ/ Sổ hồng,,30/09/2025,10/10/2025,Tin thường,44063691,4 m,,,
"Dự án Vinhomes D'Capitale, Đường Trần Duy Hưng, Phường Trung Hòa, Cầu Giấy, Hà Nội",8 tỷ,73 m²,2 phòng,2 phòng,,Sổ đỏ/ Sổ hồng,Đầy đủ,26/09/2025,06/10/2025,Tin thường,43882697,,,Đông - Nam,Tây - Bắc
"Đường Lạc Long Quân, Phường Nghĩa Đô, Cầu Giấy, Hà Nội","18,5 tỷ",52 m²,8 phòng,6 phòng,7 tầng,Sổ đỏ/ Sổ hồng,Đầy đủ,04/10/2025,14/10/2025,Tin thường,44082267,4 m,8 m,,
"FLC Complex 36 Phạm Hùng, Phạm Hùng, Mỹ Đình 2, Nam Từ Liêm, Hà Nội","5,3 tỷ",70 m²,2 phòng,2 phòng,,Sổ đỏ/ Sổ hồng,Đầy đủ,26/09/2025,06/10/2025,Tin thường,43878410,,,Đông - Nam,Tây - Bắc
"Dự án Dream Town, Đường Tây Mỗ, Phường Tây Mỗ, Nam Từ Liêm, Hà Nội","6,2 tỷ",90 m²,3 phòng,2 phòng,,Sổ đỏ/ Sổ hồng,Đầy đủ,30/09/2025,10/10/2025,Tin thường,44150200,,,,
"Đường Hồ Tùng Mậu, Phường Cầu Diễn, Quận Nam Từ Liêm, Hà Nội","14,5 tỷ",45 m²,7 phòng,7 phòng,8 tầng,Sổ đỏ/ Sổ hồng,Đầy đủ,28/09/2025,08/10/2025,Tin thường,44131569,4 m,3 m,,
"Phố Vạn Phúc, Phường Liễu Giai, Ba Đình, Hà Nội","34,5 tỷ",55 m²,5 phòng,4 phòng,5 tầng,Sổ đỏ/ Sổ hồng,,28/09/2025,08/10/2025,Tin thường,43956382,,,,
"Đường Quốc lộ 21A(Quốc lộ 21), Xã Cổ Đông, Sơn Tây, Hà Nội",25 triệu/m²,130 m²,,,,Sổ đỏ,,22/10/2025,06/11/2025,Tin thường,43898050,8 m,,,Đông - Nam
"Phố Vũ Miên, Phường Yên Phụ, Tây Hồ, Hà Nội",51 tỷ,120 m²,14 phòng,,,Sổ đỏ/ Sổ hồng,,28/09/2025,28/10/2025,Tin thường,44131566,,,,
"Phố Chùa Láng, Phường Láng Thượng, Đống Đa, Hà Nội",36 tỷ,58 m²,4 phòng,4 phòng,4 tầng,Sổ đỏ/ Sổ hồng,,28/09/2025,08/10/2025,Tin thường,43956293,,,,
"Xã Hạ Bằng, Thạch Thất, Hà Nội",27 triệu/m²,130 m²,,,,Sổ đỏ/ Sổ hồng,,08/10/2025,18/10/2025,Tin thường,44032162,8 m,10 m,,Đông - Nam
"Kosmo Tây Hồ, Xuân La, Xuân Tảo, Bắc Từ Liêm, Hà Nội","8,9 tỷ","84,5 m²",2 phòng,2 phòng,,Sổ đỏ/ Sổ hồng,Cơ bản,28/09/2025,08/10/2025,Tin thường,44131563,,,Tây - Bắc,Đông - Nam
"Đường Tân Mai, Phường Tân Mai, Hoàng Mai, Hà Nội","17,4 tỷ",74 m²,,,5 tầng,,,28/09/2025,08/10/2025,Tin thường,39059251,,,,
"Phố Tạ Quang Bửu, Phường Bách Khoa, Hai Bà Trưng, Hà Nội",31 tỷ,130 m²,,,,Sổ đỏ/ Sổ hồng,,28/09/2025,08/10/2025,Tin thường,43139767,,,,
"Đường Tây Mỗ, Phường Đại Mỗ, Nam Từ Liêm, Hà Nội",6 tỷ,44 m²,,,,Sổ đỏ/ Sổ hồng,,28/09/2025,08/10/2025,Tin thường,42741715,"3,8 m",3 m,,
"Thôn Cổ Dương, Xã Tiên Dương, Đông Anh, Hà Nội",Thỏa thuận,46 m²,,,,Sổ đỏ/ Sổ hồng,,25/09/2025,05/10/2025,Tin thường,44105455,"4,1 m",3 m,,
"Đường Xuân Đỉnh, Phường Xuân Đỉnh, Bắc Từ Liêm, Hà Nội","8,5 tỷ",40 m²,3 phòng,3 phòng,4 tầng,Sổ đỏ/ Sổ hồng,Đầy đủ,25/09/2025,05/10/2025,Tin thường,44105629,4 m,3 m,,
"Dự án Masteri West Heights, Phường Tây Mỗ, Nam Từ Liêm, Hà Nội",Thỏa thuận,70 m²,,,,Sổ đỏ/ Sổ hồng,Cơ bản,11/10/2025,21/10/2025,Tin thường,43248813,6 m,52 m,,
"Dự án The Canopy Residences - Vinhomes Smart City, Phường Tây Mỗ, Nam Từ Liêm, Hà Nội",Thỏa thuận,65 m²,,,,,,25/09/2025,05/10/2025,Tin thường,43942794,,,,
"Đường Tứ Liên, Phường Tứ Liên, Tây Hồ, Hà Nội","11,2 tỷ",40 m²,,,,Sổ đỏ/ Sổ hồng,,25/09/2025,05/10/2025,Tin thường,44105615,,,,
"Phố Quảng Khánh, Phường Quảng An, Tây Hồ, Hà Nội","159,9 tỷ",160 m²,20 phòng,22 phòng,5 tầng,Sổ đỏ/ Sổ hồng,,25/09/2025,05/10/2025,Tin thường,44105609,30 m,,,
"Đường Bồ Đề, Phường Bồ Đề, Long Biên, Hà Nội","31,2 tỷ","116,5 m²",5 phòng,5 phòng,3 tầng,Sổ đỏ/ Sổ hồng,Đầy đủ,25/09/2025,05/10/2025,Tin thường,44105611,"6,1 m",10 m,,
"Legacy Hinoiri, Thạch Hòa, Thạch Thất, Hà Nội",Thỏa thuận,110 m²,3 phòng,3 phòng,,,,25/09/2025,25/10/2025,Tin thường,44104863,,,,
"Cốc Đồng Tâm, Minh Quang, Ba Vì, Hà Nội","2,65 tỷ",1.530 m²,,,,Sổ đỏ/ Sổ hồng,,22/09/2025,07/10/2025,Tin thường,44075380,,,,
"Phường Xuân Khanh, Sơn Tây, Hà Nội",16 triệu/m²,100 m²,,,,Sổ đỏ/ Sổ hồng,,15/09/2025,15/10/2025,Tin thường,44018690,6 m,5 m,,Đông - Nam
"Tràng An Complex, số 1, Phố Phùng Chí Kiên, Phường Nghĩa Đô, Cầu Giấy, Hà Nội","7,5 tỷ",83 m²,2 phòng,2 phòng,,Sổ đỏ,Đầy đủ,29/09/2025,09/10/2025,Tin thường,44140777,,,,
"Đường Chu Huy Mân, Phường Phúc Đồng, Long Biên, Hà Nội","10,6 tỷ",82 m²,4 phòng,4 phòng,4 tầng,Sổ đỏ/ Sổ hồng,Đầy đủ.,10/10/2025,20/10/2025,Tin thường,43642638,8 m,3 m,,Nam
"Phố Trung Kính, Phường Trung Hòa, Cầu Giấy, Hà Nội",34 tỷ,95 m²,4 phòng,6 phòng,4 tầng,Sổ đỏ,,18/10/2025,02/11/2025,Tin thường,44102191,4 m,8 m,,
"Địch Thượng, Xã Phương Đình, Đan Phượng, Hà Nội","2,1 tỷ","43,6 m²",,,,Sổ đỏ/ Sổ hồng,,29/09/2025,09/10/2025,Tin thường,43802826,4 m,4 m,,
"Dự án 102 Trường Chinh Meco, Đường Trường Chinh, Phường Phương Mai, Đống Đa, Hà Nội",39 tỷ,80 m²,5 phòng,5 phòng,4 tầng,Sổ đỏ/ Sổ hồng,Đầy đủ,13/10/2025,23/10/2025,Tin thường,42507377,"7,5 m",10 m,,Đông
"Phường Định Công, Hoàng Mai, Hà Nội",41 tỷ,232 m²,,,5 tầng,Sổ đỏ/ Sổ hồng,Đầy đủ,29/09/2025,09/10/2025,Tin thường,44131558,,,,
,,,,,,,,,,,,,,,
"Trạch Mỹ Lộc, Phúc Thọ, Hà Nội","1,1 tỷ","42,6 m²",,,,Sổ đỏ/ Sổ hồng,,09/10/2025,19/10/2025,Tin thường,44117479,,3 m,,
"Đường Tỉnh lộ 82, Xã Phúc Hòa, Phúc Thọ, Hà Nội","30,5 triệu/m²",60 m²,,,,Sổ đỏ/ Sổ hồng,,29/09/2025,09/10/2025,Tin thường,44123566,4 m,4 m,,
"Đường Đặng Tiến Đông, Phường Trung Liệt, Đống Đa, Hà Nội","7,8 tỷ",40 m²,4 phòng,4 phòng,5 tầng,Sổ đỏ/ Sổ hồng,Đầy đủ,17/10/2025,01/11/2025,Tin thường,44140143,"3,8 m",3 m,,
"Dự án Gamuda City, Phố Yên Duyên, Phường Yên Sở, Hoàng Mai, Hà Nội","62,3 tỷ",236 m²,4 phòng,4 phòng,3 tầng,Sổ đỏ/ Sổ hồng,Cơ bản,25/09/2025,25/10/2025,Tin thường,44105758,9 m,15 m,,Bắc
"Đường Ngô Quyền, Phường Quang Trung, Hà Đông, Hà Nội","15,75 tỷ",100 m²,3 phòng,3 phòng,3 tầng,Sổ đỏ/ Sổ hồng,Đầy đủ,26/09/2025,11/10/2025,Tin thường,44121248,"4,2 m","3,5 m",,
"Dự án Tây Hà Tower, Đường Tố Hữu, Phường Trung Văn, Nam Từ Liêm, Hà Nội",9 tỷ,122 m²,3 phòng,2 phòng,,Sổ đỏ/ Sổ hồng,Đầy đủ,16/10/2025,31/10/2025,Tin thường,41436513,,,,
"Hạ Đình Tower, 143, Phố Hạ Đình, Phường Thanh Xuân Trung, Thanh Xuân, Hà Nội","7,7 tỷ",118 m²,3 phòng,2 phòng,,Sổ đỏ/ Sổ hồng,,06/10/2025,16/10/2025,Tin thường,43868194,,,Đông - Nam,Tây - Bắc
"Đường Lý Nam Đế, Phường Cửa Đông, Hoàn Kiếm, Hà Nội",21 tỷ,65 m²,7 phòng,4 phòng,4 tầng,Sổ đỏ/ Sổ hồng,,26/09/2025,06/10/2025,Tin thường,42861269,6 m,,,
"Phố Đặng Thái Thân, Phường Phan Chu Trinh, Hoàn Kiếm, Hà Nội","16,5 tỷ",40 m²,,,,Sổ đỏ/ Sổ hồng,,10/10/2025,20/10/2025,Tin thường,43739693,,,,
"Dự án HH2 Bắc Hà, Phường Trung Văn, Nam Từ Liêm, Hà Nội","6,5 tỷ",106 m²,3 phòng,2 phòng,,Sổ đỏ/ Sổ hồng,Đầy đủ,26/09/2025,06/10/2025,Tin thường,35682181,,,Đông - Nam,Tây - Bắc
"Đường Cầu Diễn, Phường Phú Diễn, Bắc Từ Liêm, Hà Nội","12,8 tỷ",56 m²,,,,Sổ đỏ/ Sổ hồng,Đầy đủ,06/10/2025,16/10/2025,Tin thường,44030725,4 m,5 m,,
"Dự án Trung Hòa Nhân Chính, Đường Lê Văn Lương, Phường Trung Hòa, Cầu Giấy, Hà Nội","5,48 tỷ",65 m²,2 phòng,2 phòng,,Sổ đỏ/ Sổ hồng,Đầy đủ,26/09/2025,06/10/2025,Tin thường,44121256,,,,
"Đường Duy Tân, Phường Dịch Vọng Hậu, Cầu Giấy, Hà Nội",Thỏa thuận,200 m²,,,9 tầng,,,13/10/2025,23/10/2025,Tin thường,43175108,,,,
"Vinhomes Ocean Park Gia Lâm, Dương Xá, Gia Lâm, Hà Nội","4,3 tỷ",55 m²,,,,Hợp đồng mua bán,,30/09/2025,07/10/2025,Tin thường,44146738,,,Đông - Nam,Đông - Nam
"Ngõ 565/58, Đường Bát Khối, Phường Cự Khối, Long Biên, Hà Nội","7,5 tỷ",46 m²,8 phòng,8 phòng,6 tầng,Sổ đỏ/ Sổ hồng,Cơ bản,08/10/2025,18/10/2025,Tin thường,44132453,"3,01 m",4 m,Đông - Bắc,Đông - Bắc
"Dự án The Zei Mỹ Đình, Đường Lê Đức Thọ, Phường Mỹ Đình 2, Nam Từ Liêm, Hà Nội",19 tỷ,186 m²,3 phòng,2 phòng,,Sổ đỏ/ Sổ hồng,Đầy đủ,09/10/2025,16/10/2025,Tin thường,44144772,,,Đông - Bắc,Tây - Nam
"Dự án Xuân Mai Complex, Đường Tố Hữu, Phường Yên Nghĩa, Hà Đông, Hà Nội","4,2 tỷ",65 m²,2 phòng,2 phòng,,,,30/09/2025,10/10/2025,Tin thường,44146471,,,,
"Dự án The Manor Central Park, Đường Nguyễn Xiển, Phường Đại Kim, Hoàng Mai, Hà Nội",28 tỷ,75 m²,6 phòng,6 phòng,4 tầng,Sổ đỏ/ Sổ hồng,Full.,15/10/2025,22/10/2025,Tin thường,32475742,,15 m,,
"Dự án Royal City, Đường Nguyễn Trãi, Phường Thượng Đình, Thanh Xuân, Hà Nội",Thỏa thuận,131 m²,,,,Sổ đỏ/ Sổ hồng,,19/10/2025,26/10/2025,Tin VIP Vàng,42032007,,,,
"Khu đô thị Thanh Hà Mường Thanh, Kiến Hưng, Hà Đông, Hà Nội",112 triệu/m²,102 m²,,,,Hợp đồng mua bán,,30/09/2025,10/10/2025,Tin thường,44145758,"5,2 m",14 m,,Bắc
"Đường Đào Duy Tùng, Xã Uy Nỗ, Đông Anh, Hà Nội",127 triệu/m²,102 m²,,,,Sổ đỏ/ Sổ hồng,,30/09/2025,07/10/2025,Tin thường,44145740,"6,8 m",,,
"Dự án Kita Capital Ciputra, Phường Phú Thượng, Tây Hồ, Hà Nội",330 triệu/m²,140 m²,,,4 tầng,Sổ đỏ/ Sổ hồng,,20/10/2025,27/10/2025,Tin VIP Vàng,43917786,40 m,"21,5 m",,
"Dự án Noble Palace Tây Thăng Long, Đường Tây Thăng Long, Xã Tân Lập, Đan Phượng, Hà Nội",13 tỷ,55 m²,5 phòng,5 phòng,5 tầng,Sổ đỏ/ Sổ hồng,Cơ bản,29/09/2025,06/10/2025,Tin thường,44144616,5 m,,Đông - Bắc,Đông - Bắc
"Dự án Eurowindow River Park, Đường 5, Xã Đông Hội, Đông Anh, Hà Nội","49,5 triệu/m²","82,1 m²",3 phòng,2 phòng,,Hợp đồng mua bán,Nội thất nguyên bản Chủ đầu tư.,10/10/2025,20/10/2025,Tin thường,43985409,,,Đông - Nam,Đông - Bắc
"Dự án Nam An Khánh, Đường Láng Hòa Lạc, Xã An Khánh, Hoài Đức, Hà Nội",Thỏa thuận,416 m²,5 phòng,5 phòng,3 tầng,Sổ đỏ/ Sổ hồng,,17/10/2025,01/11/2025,Tin thường,40969511,"14,5 m",16 m,Tây - Bắc,Tây
"Dự án 187 Tây Sơn, Đường Nguyễn Lương Bằng, Phường Quang Trung, Đống Đa, Hà Nội",Thỏa thuận,133 m²,3 phòng,2 phòng,,Sổ đỏ/ Sổ hồng,Nội thất còn mới.,22/10/2025,06/11/2025,Tin thường,43431843,,,,
"Dự án Eurowindow River Park, Đường 5, Xã Đông Hội, Đông Anh, Hà Nội","49,5 triệu/m²","81,2 m²",2 phòng,2 phòng,,Hợp đồng mua bán,Nội thất nguyên bản.,10/10/2025,20/10/2025,Tin thường,43967696,,,Đông - Nam,Tây
"Đường Tiền Yên, Xã Tiền Yên, Hoài Đức, Hà Nội",Thỏa thuận,90 m²,,,,Sổ đỏ/ Sổ hồng,,04/10/2025,14/10/2025,Tin thường,41412601,8 m,14 m,,Nam
"Dự án KĐT Linh Đàm, Phường Đại Kim, Hoàng Mai, Hà Nội",Thỏa thuận,280 m²,5 phòng,5 phòng,4 tầng,Sổ đỏ/ Sổ hồng,Đầy đủ,15/10/2025,30/10/2025,Tin thường,42918610,"12,5 m",17 m,Đông - Nam,Đông - Nam
"Đường Đại lộ Thăng Long, Xã An Thượng, Hoài Đức, Hà Nội",Thỏa thuận,55 m²,,,,Sổ đỏ/ Sổ hồng,,04/10/2025,14/10/2025,Tin thường,43237921,"3,6 m",50 m,,Đông
"The Sapphire-Vinhomes Smart City, Tây Mỗ, Nam Từ Liêm, Hà Nội","2,2 tỷ",30 m²,,,,Sổ đỏ/ Sổ hồng,,04/10/2025,14/10/2025,Tin thường,43912520,,,,
"Phố Trần Cung, Phường Cổ Nhuế 1, Bắc Từ Liêm, Hà Nội","11,9 tỷ",50 m²,5 phòng,5 phòng,6 tầng,Sổ đỏ/ Sổ hồng,Đầy đủ,23/09/2025,03/10/2025,Tin thường,43984359,5 m,4 m,,
"Đường An Hạ 3, Xã An Khánh, Hoài Đức, Hà Nội","4,5 tỷ",33 m²,4 phòng,4 phòng,5 tầng,Sổ đỏ/ Sổ hồng,,23/09/2025,03/10/2025,Tin thường,44087943,"5,12 m",3 m,Tây - Nam,Tây - Nam
"Dự án Vinhomes D'Capitale, Đường Trần Duy Hưng, Phường Trung Hòa, Cầu Giấy, Hà Nội","11,9 tỷ",110 m²,3 phòng,2 phòng,,Sổ đỏ/ Sổ hồng,Đầy đủ,22/09/2025,02/10/2025,Tin thường,44074546,,,Đông - Nam,Tây - Bắc
"Dự án Vinhomes Metropolis - Liễu Giai, Phố Liễu Giai, Phường Ngọc Khánh, Ba Đình, Hà Nội",12 tỷ,74 m²,2 phòng,2 phòng,,Sổ đỏ/ Sổ hồng,Đầy đủ,03/09/2025,03/10/2025,Tin thường,43928141,,,Đông - Nam,Tây - Bắc
"Dự án Vinhomes Metropolis - Liễu Giai, Phố Liễu Giai, Phường Ngọc Khánh, Ba Đình, Hà Nội",17 tỷ,110 m²,3 phòng,2 phòng,,Sổ đỏ/ Sổ hồng,Đầy đủ,03/09/2025,03/10/2025,Tin thường,43928061,,,Đông - Nam,Tây - Bắc
"Dự án The Zei Mỹ Đình, Đường Lê Đức Thọ, Phường Mỹ Đình 2, Nam Từ Liêm, Hà Nội",11 tỷ,110 m²,3 phòng,2 phòng,,Sổ đỏ/ Sổ hồng,Đầy đủ,22/09/2025,02/10/2025,Tin thường,38787923,,,Đông - Nam,Tây - Bắc
"Dự án The Zei Mỹ Đình, Đường Lê Đức Thọ, Phường Mỹ Đình 2, Nam Từ Liêm, Hà Nội","9,4 tỷ",94 m²,2 phòng,2 phòng,,Sổ đỏ/ Sổ hồng,Đầy đủ,22/09/2025,02/10/2025,Tin thường,38624476,,,Đông - Nam,Tây - Nam
"Đường Yên Lộ, Phường Yên Nghĩa, Hà Đông, Hà Nội","5,8 tỷ",32 m²,3 phòng,4 phòng,5 tầng,Sổ đỏ/ Sổ hồng,Đầy đủ,22/09/2025,02/10/2025,Tin thường,44075614,"3,5 m",2 m,,
"Xã Song Phương, Hoài Đức, Hà Nội","4,5 tỷ",40 m²,4 phòng,3 phòng,4 tầng,,Cơ bản,01/10/2025,16/10/2025,Tin thường,44158174,,,,
"Xã Tân Minh, Sóc Sơn, Hà Nội",Thỏa thuận,80 m²,,,,,,01/10/2025,11/10/2025,Tin thường,42485966,,,,
"Đường Vũ Trọng Phụng, Phường Nhân Chính, Thanh Xuân, Hà Nội","8,3 tỷ",33 m²,4 phòng,4 phòng,5 tầng,Sổ đỏ/ Sổ hồng,Cơ bản,01/10/2025,11/10/2025,Tin thường,44158121,"3,3 m",3 m,,
"Dự án D’. Le Roi Soleil , Đường Xuân Diệu, Phường Quảng An, Tây Hồ, Hà Nội","19,5 tỷ",137 m²,3 phòng,,,Sổ đỏ/ Sổ hồng,"Nội thất đầy đủ: Điều hòa, giường, tủ lạnh.",12/10/2025,22/10/2025,Tin thường,44139105,,,,
"Chung cư Golden West, Nhân Chính, Thanh Xuân, Hà Nội","6,4 tỷ",96 m²,3 phòng,2 phòng,,Hợp đồng mua bán,Đầy đủ,26/09/2025,06/10/2025,Tin thường,43988920,,,Đông - Nam,Tây - Bắc
"Dự án Geleximco Lê Trọng Tấn, Đường Lê Trọng Tấn, Phường Dương Nội, Hà Đông, Hà Nội",22 tỷ,80 m²,6 phòng,4 phòng,4 tầng,Sổ đỏ/ Sổ hồng,Cơ bản,16/10/2025,31/10/2025,Tin thường,44150489,,16 m,,
"Đường Lý Nam Đế, Phường Cửa Đông, Hoàn Kiếm, Hà Nội",19 tỷ,55 m²,4 phòng,3 phòng,2 tầng,,,10/10/2025,25/10/2025,Tin thường,44006121,,4 m,,
"Dự án GoldSeason, Đường Nguyễn Tuân, Phường Thanh Xuân Trung, Thanh Xuân, Hà Nội","5,5 tỷ",59 m²,2 phòng,1 phòng,,Sổ đỏ/ Sổ hồng,Đầy đủ,26/09/2025,06/10/2025,Tin thường,43431619,,,Tây - Nam,Đông - Bắc
"Dự án Mỹ Sơn Tower, Đường Nguyễn Huy Tưởng, Phường Thanh Xuân Trung, Thanh Xuân, Hà Nội","4,5 tỷ",90 m²,2 phòng,2 phòng,,Hợp đồng mua bán,"Đầy đủ với điều hòa, tủ lạnh, giường,...",26/09/2025,06/10/2025,Tin thường,44115449,,,Đông - Nam,Tây - Bắc
"Mandarin Garden 2, Tân Mai, Tân Mai, Hoàng Mai, Hà Nội","8,9 tỷ",81 m²,3 phòng,2 phòng,,Sổ đỏ/ Sổ hồng,Đầy đủ,30/09/2025,10/10/2025,Tin thường,44150483,,,Đông - Bắc,Tây - Nam
"Dự án The Manor Central Park, Đường Nguyễn Xiển, Phường Đại Kim, Hoàng Mai, Hà Nội",Thỏa thuận,75 m²,4 phòng,4 phòng,5 tầng,Sổ đỏ/ Sổ hồng,Cơ bản.,18/10/2025,02/11/2025,Tin thường,41030958,5 m,30 m,,Đông - Nam
"Đường Đền Lừ, Phường Hoàng Văn Thụ, Hoàng Mai, Hà Nội",42 tỷ,90 m²,,,5 tầng,Sổ đỏ.,,30/09/2025,10/10/2025,Tin thường,43574268,6 m,,,Bắc
"Dự án N03-T8 Ngoại Giao Đoàn, Đường Nguyễn Văn Huyên, Phường Xuân Đỉnh, Bắc Từ Liêm, Hà Nội","8,1 tỷ","83,3 m²",3 phòng,2 phòng,,Sổ đỏ/ Sổ hồng,Đầy đủ,03/10/2025,13/10/2025,Tin thường,43187603,,,Tây - Bắc,Đông
"Dự án Masteri West Heights, Phường Tây Mỗ, Nam Từ Liêm, Hà Nội","5,3 tỷ",55 m²,2 phòng,2 phòng,,Sổ đỏ/ Sổ hồng,Đầy đủ,20/10/2025,04/11/2025,Tin thường,44143348,,,Đông - Bắc,Tây - Nam
"Đường Nguyễn Tuân, Phường Thanh Xuân Trung, Thanh Xuân, Hà Nội","7,5 tỷ",25 m²,,,,Sổ đỏ/ Sổ hồng,Đầy đủ,29/09/2025,09/10/2025,Tin thường,44140762,,,,
"Hoàng Thành Pearl, Nguyễn Văn Giáp, Cầu Diễn, Nam Từ Liêm, Hà Nội",6 tỷ,"78,9 m²",2 phòng,2 phòng,,Hợp đồng mua bán,Đầy đủ,29/09/2025,09/10/2025,Tin thường,42189370,,,Nam,Bắc
"Richland Southern, Đường Xuân Thủy, Phường Dịch Vọng Hậu, Cầu Giấy, Hà Nội",Thỏa thuận,100 m²,3 phòng,2 phòng,,Sổ đỏ/ Sổ hồng,,29/09/2025,09/10/2025,Tin thường,44140757,,,,
"Vinhomes Cổ Loa, Cổ Loa, Đông Hội, Đông Anh, Hà Nội","19,6 tỷ",80 m²,,,,,,10/10/2025,20/10/2025,Tin thường,42533320,,,,
"Đường Nguyễn Cảnh Dị, Phường Đại Kim, Hoàng Mai, Hà Nội","6,98 tỷ","122,2 m²",3 phòng,2 phòng,,Sổ đỏ/ Sổ hồng,Nội thất xịn.,29/09/2025,09/10/2025,Tin thường,44129690,,,,
"Chung cư Viện 103, Yên Xá, Tân Triều, Thanh Trì, Hà Nội","4,99 tỷ",78 m²,2 phòng,2 phòng,,Sổ đỏ/ Sổ hồng,Đầy đủ,14/10/2025,24/10/2025,Tin thường,44047312,,,,
"Dự án KĐT Phú Lương, Phường Phú Lương, Hà Đông, Hà Nội",Thỏa thuận,80 m²,,,5 tầng,,,08/10/2025,18/10/2025,Tin thường,43869951,,13 m,,
"đường Quỳnh Đô, Xã Vĩnh Quỳnh, Thanh Trì, Hà Nội","5,9 tỷ",63 m²,4 phòng,3 phòng,4 tầng,Sổ đỏ/ Sổ hồng,Cơ bản,29/09/2025,29/10/2025,Tin thường,44140561,"6,2 m",,Tây - Bắc,Tây - Bắc
"Đường Đê La Thành, Phường Ô Chợ Dừa, Đống Đa, Hà Nội","8,96 tỷ",51 m²,4 phòng,3 phòng,4 tầng,Sổ đỏ/ Sổ hồng,Đầy đủ,29/09/2025,09/10/2025,Tin thường,44140005,,,,
"Dự án New Skyline, Phường Văn Quán, Hà Đông, Hà Nội","8,7 tỷ",98 m²,3 phòng,2 phòng,,Sổ đỏ/ Sổ hồng.,Đầy đủ,21/10/2025,05/11/2025,Tin thường,43952848,,,Tây - Bắc,Đông - Bắc
"Thôn Lễ Pháp, Xã Tiên Dương, Đông Anh, Hà Nội","5,3 tỷ",58 m²,,,,Sổ đỏ/ Sổ hồng,,25/09/2025,05/10/2025,Tin thường,44105197,5 m,"3,5 m",,Nam
"Phố Láng Hạ, Phường Thành Công, Ba Đình, Hà Nội",3.250 tỷ,3.790 m²,,,35 tầng,Sổ đỏ/ Sổ hồng,,19/10/2025,03/11/2025,Tin thường,37901141,50 m,,,
"Đường Nhật Chiêu, Phường Nhật Tân, Tây Hồ, Hà Nội",74 tỷ,110 m²,,,5 tầng,Sổ đỏ/ Sổ hồng,,17/10/2025,01/11/2025,Tin thường,42740504,"6,8 m",,,
"Phố Xã Đàn, Phường Nam Đồng, Đống Đa, Hà Nội","76,9 tỷ",125 m²,,,7 tầng,Sổ đỏ/ Sổ hồng,,17/10/2025,01/11/2025,Tin thường,42506874,,,,
"Đường Âu Cơ, Phường Nhật Tân, Tây Hồ, Hà Nội",330 tỷ,970 m²,,,2 tầng,Sổ đỏ/ Sổ hồng,,17/10/2025,01/11/2025,Tin thường,41573630,"18,7 m",,,
"Bầu, Xã Kim Chung, Đông Anh, Hà Nội",67 triệu/m²,200 m²,6 phòng,6 phòng,,Sổ đỏ/ Sổ hồng.,Cơ bản,25/09/2025,05/10/2025,Tin thường,43776013,13 m,,,
"Dự án Louis City Hoàng Mai, Đường Tân Mai, Phường Hoàng Văn Thụ, Hoàng Mai, Hà Nội",Thỏa thuận,330 m²,,,4 tầng,Sổ đỏ/ Sổ hồng,Không nội thất,17/10/2025,01/11/2025,Tin thường,43875059,40 m,12 m,Đông,Đông - Bắc
"Dự án The Golden An Khánh, Xã An Khánh, Hoài Đức, Hà Nội","4,7 tỷ",66 m²,2 phòng,2 phòng,,Sổ đỏ/ Sổ hồng,Đầy đủ,25/09/2025,05/10/2025,Tin thường,44104162,,,Đông - Nam,Tây - Bắc
"Đường Trâu Quỳ, Thị trấn Trâu Quỳ, Huyện Gia Lâm, Hà Nội",18 tỷ,110 m²,,,,Sổ đỏ,,25/09/2025,05/10/2025,Tin thường,44105603,"6,5 m",,,
"Dự án ĐTM Dịch Vọng, Đường Thành Thái, Phường Dịch Vọng, Cầu Giấy, Hà Nội",Thỏa thuận,133 m²,3 phòng,2 phòng,,Sổ đỏ/ Sổ hồng,Đầy đủ,16/10/2025,31/10/2025,Tin thường,43363921,,,,
"Dự án The Matrix One, Đường Lê Quang Đạo, Phường Mễ Trì, Nam Từ Liêm, Hà Nội","9,7 tỷ",88 m²,2 phòng,2 phòng,,Sổ đỏ/ Sổ hồng,,29/09/2025,09/10/2025,Tin thường,44144526,,,,
"Dự án Lumière Orient Pearl, Thị trấn Trâu Quỳ, Gia Lâm, Hà Nội",85 triệu/m²,60 m²,,,,,,29/09/2025,06/10/2025,Tin thường,44144514,,,,
"Dự án Celestine Westlake, Phường Phú Thượng, Tây Hồ, Hà Nội","8,67 tỷ","55,8 m²",2 phòng,1 phòng,,Sổ đỏ/ Sổ hồng,Đầy đủ,14/10/2025,21/10/2025,Tin thường,43946422,,,,
"Phố Đại La, Phường Trương Định, Hai Bà Trưng, Hà Nội",53 tỷ,100 m²,,,,Sổ đỏ/ Sổ hồng,,29/09/2025,06/10/2025,Tin thường,43112135,,,,
"Royal City, Đường Nguyễn Trãi, Phường Thượng Đình, Thanh Xuân, Hà Nội",Thỏa thuận,112 m²,2 phòng,2 phòng,,Sổ đỏ/ Sổ hồng,Đầy đủ,20/10/2025,30/10/2025,Tin VIP Vàng,43921759,,,,Đông - Nam
"The Victoria - Vinhomes Smart City, Tây Mỗ, Nam Từ Liêm, Hà Nội","5,6 tỷ",63 m²,2 phòng,2 phòng,,Hợp đồng mua bán,Cơ bản,29/09/2025,14/10/2025,Tin thường,44142195,,,Tây,Đông
"Dự án The London - Vinhomes Ocean Park, Đường Lý Thánh Tông, Xã Dương Xá, Gia Lâm, Hà Nội","4,6 tỷ",69 m²,2 phòng,2 phòng,,Hợp đồng mua bán,Cơ bản,29/09/2025,06/10/2025,Tin thường,44143289,,,Đông - Nam,Tây - Bắc
"Khu đô thị Cienco 5 Mê Linh, Tiền Phong, Mê Linh, Hà Nội",Thỏa thuận,100 m²,,,,,,08/10/2025,23/10/2025,Tin VIP Vàng,44084642,,,,
"Dự án KĐTM Dương Nội, Đường Tố Hữu, Phường Dương Nội, Hà Đông, Hà Nội",39 tỷ,183 m²,,,4 tầng,Sổ đỏ/ Sổ hồng,,29/09/2025,06/10/2025,Tin thường,41811881,,,,
"Dự án An Vượng Villa, Đường Tố Hữu, Phường Dương Nội, Hà Đông, Hà Nội",38 tỷ,180 m²,,,,Sổ đỏ/ Sổ hồng,,14/10/2025,24/10/2025,Tin thường,39101878,,,,Tây - Bắc
"Đường Lê Duẩn, Phường Nguyễn Du, Hai Bà Trưng, Hà Nội","4,9 tỷ",21 m²,,,,Sổ đỏ/ Sổ hồng,,27/09/2025,27/10/2025,Tin thường,44128811,,,,
"Dự án Pháp Vân Tứ Hiệp, Phường Hoàng Liệt, Hoàng Mai, Hà Nội",54 tỷ,230 m²,,,4 tầng,Sổ đỏ/ Sổ hồng,Đầy đủ,22/10/2025,06/11/2025,Tin thường,44131553,25 m,,,
"Dự án Mulberry Lane, Phường Mỗ Lao, Hà Đông, Hà Nội",Thỏa thuận,90 m²,2 phòng,2 phòng,,Sổ đỏ/ Sổ hồng,Đầy đủ,28/09/2025,08/10/2025,Tin thường,43205861,,,Đông - Nam,Đông - Nam
"Xã An Tiến, Mỹ Đức, Hà Nội","2,2 tỷ",124 m²,,,,Sổ đỏ/ Sổ hồng,,28/09/2025,08/10/2025,Tin thường,44131548,5 m,,,
"Khai Sơn City, Nguyễn Gia Bồng, Ngọc Thụy, Long Biên, Hà Nội","7,5 tỷ",97 m²,3 phòng,3 phòng,,Sổ đỏ/ Sổ hồng,Đầy đủ,28/09/2025,08/10/2025,Tin thường,44020818,,,,
"Dự án Green Park Trần Thủ Độ, Đường Trần Thủ Độ, Phường Hoàng Liệt, Hoàng Mai, Hà Nội","5,2 tỷ",60 m²,2 phòng,2 phòng,,Sổ đỏ/ Sổ hồng,Đầy đủ,28/09/2025,08/10/2025,Tin thường,43560364,,,Đông,Tây - Nam
"Khu đô thị Geleximco - Lê Trọng Tấn, Đường Lê Trọng Tấn, Phường Dương Nội, Quận Hà Đông, Hà Nội",21 tỷ,90 m²,,,4 tầng,Sổ đỏ/ Sổ hồng,Đầy đủ,28/09/2025,08/10/2025,Tin thường,43907330,6 m,"13,5 m",,Đông - Nam
"Phố Bạch Mai, Phường Bách Khoa, Hai Bà Trưng, Hà Nội","14,8 tỷ",60 m²,12 phòng,12 phòng,5 tầng,Sổ đỏ/ Sổ hồng,,26/09/2025,06/10/2025,Tin thường,44018011,4 m,"2,5 m",,
"Dự án Văn Khê, Phường La Khê, Hà Đông, Hà Nội",20 tỷ,"82,5 m²",,,4 tầng,Sổ đỏ,,28/09/2025,08/10/2025,Tin thường,42568955,,,,
"Sails Tower, Đường Cầu Bươu, Phường Kiến Hưng, Hà Đông, Hà Nội",Thỏa thuận,61 m²,2 phòng,1 phòng,,Sổ đỏ/ Sổ hồng,Đầy đủ,28/09/2025,28/10/2025,Tin thường,44131528,,,,
"Đường Văn Tiến Dũng, Phường Minh Khai, Bắc Từ Liêm, Hà Nội","6,6 tỷ",45 m²,,,5 tầng,Sổ đỏ/ Sổ hồng,Đầy đủ,06/10/2025,16/10/2025,Tin thường,43042447,5 m,,,
"Phố Nguyễn Đổng Chi, Phường Cầu Diễn, Nam Từ Liêm, Hà Nội","13,5 tỷ",43 m²,4 phòng,,5 tầng,Sổ đỏ/ Sổ hồng,Đầy đủ,08/10/2025,18/10/2025,Tin thường,43103679,4 m,5 m,,
"Đường Nguyễn Thị Định, Phường Yên Hòa, Cầu Giấy, Hà Nội",300 tỷ,420 m²,,,,Sổ đỏ/ Sổ hồng,,09/10/2025,19/10/2025,Tin thường,44121244,,,,
"Dự án Hà Nội Center Point, 27 Đường Lê Văn Lương, Phường Nhân Chính, Thanh Xuân, Hà Nội","5,5 tỷ",65 m²,2 phòng,2 phòng,,Sổ đỏ/ Sổ hồng,Đầy đủ,26/09/2025,06/10/2025,Tin thường,28599794,,,Đông - Nam,
"Đường Hồ Tùng Mậu, Phường Cầu Diễn, Nam Từ Liêm, Hà Nội","20,9 tỷ",60 m²,,,5 tầng,Sổ đỏ/ Sổ hồng,Cơ bản,06/10/2025,16/10/2025,Tin thường,44121241,4 m,8 m,,
"Đường Thịnh Liệt, Phường Thịnh Liệt, Hoàng Mai, Hà Nội","29,5 tỷ",80 m²,6 phòng,9 phòng,7 tầng,Sổ đỏ/ Sổ hồng,Đầy đủ,11/09/2025,11/10/2025,Tin thường,43729126,4 m,,Nam,Nam
"Đường Lê Đức Thọ, Phường Mỹ Đình 2, Nam Từ Liêm, Hà Nội",Thỏa thuận,136 m²,,,8 tầng,,,21/10/2025,05/11/2025,Tin thường,43217038,"6,6 m",,,
"Dự án Tân Tây Đô, Đường Quốc lộ 32, Xã Tân Lập, Đan Phượng, Hà Nội","3,95 tỷ",81 m²,2 phòng,2 phòng,,Sổ đỏ/ Sổ hồng,Đầy đủ,24/09/2025,04/10/2025,Tin thường,44091807,,,Tây - Nam,Đông - Bắc
"Phố Đốc Ngữ, Phường Ngọc Hà, Ba Đình, Hà Nội","8,1 tỷ",37 m²,4 phòng,4 phòng,4 tầng,Sổ đỏ/ Sổ hồng,Đầy đủ,26/09/2025,06/10/2025,Tin thường,44121234,,,Tây - Nam,Tây - Nam
"Dự án Hinode City, Đường Minh Khai, Phường Minh Khai, Hai Bà Trưng, Hà Nội",Thỏa thuận,82 m²,2 phòng,2 phòng,,Sổ đỏ/ Sổ hồng,Cơ bản,26/09/2025,06/10/2025,Tin thường,44121232,,,,
"đường Tây Hồ, Phường Quảng An, Tây Hồ, Hà Nội","12,95 tỷ",38 m²,4 phòng,6 phòng,7 tầng,Sổ đỏ/ Sổ hồng,Cơ bản,23/09/2025,03/10/2025,Tin thường,44087873,5 m,,,Bắc
"Dự án Trung Hòa Nhân Chính, Phố Hoàng Đạo Thúy, Phường Trung Hòa, Cầu Giấy, Hà Nội",Thỏa thuận,116 m²,3 phòng,2 phòng,,Sổ đỏ/ Sổ hồng,Đầy đủ,03/10/2025,13/10/2025,Tin thường,41799085,,,Đông - Nam,Tây - Bắc
"Đường Nguyễn Công Trứ, Phường Phố Huế, Hai Bà Trưng, Hà Nội","4,3 tỷ",50 m²,3 phòng,2 phòng,,Sổ đỏ/ Sổ hồng,Đầy đủ,23/09/2025,03/10/2025,Tin thường,43988025,,,,
"đường Trung Văn, Phường Trung Văn, Nam Từ Liêm, Hà Nội",33 tỷ,90 m²,5 phòng,5 phòng,5 tầng,,Đầy đủ,08/10/2025,18/10/2025,Tin thường,43427738,"4,5 m",,,
"Xã Tuy Lai, Mỹ Đức, Hà Nội","1,65 tỷ",99 m²,,,,Sổ đỏ/ Sổ hồng,,23/09/2025,03/10/2025,Tin thường,44087094,"5,6 m",4 m,,
"Dự án Ha Do Park View, Đường Thành Thái, Phường Dịch Vọng, Cầu Giấy, Hà Nội",11 tỷ,130 m²,3 phòng,2 phòng,,Sổ đỏ/ Sổ hồng,Đầy đủ,06/10/2025,16/10/2025,Tin thường,41705212,,,,
"Đường La Nội, Phường Dương Nội, Hà Đông, Hà Nội","4,49 tỷ",32 m²,3 phòng,2 phòng,4 tầng,Sổ đỏ/ Sổ hồng,,08/10/2025,18/10/2025,Tin thường,44087855,,,,Đông - Bắc
"Dự án CT4 Vimeco II, Đường Nguyễn Chánh, Phường Trung Hòa, Cầu Giấy, Hà Nội",Thỏa thuận,148 m²,4 phòng,2 phòng,,Sổ đỏ/ Sổ hồng,Đầy đủ,07/10/2025,17/10/2025,Tin thường,40443289,,,Đông - Nam,Đông - Nam
"Thôn Mộc Hoàn, Đường Đại lộ Thăng Long, Xã Vân Côn, Hoài Đức, Hà Nội",Thỏa thuận,52 m²,,,,Sổ đỏ/ Sổ hồng,,23/09/2025,03/10/2025,Tin thường,38374034,5 m,,,
"Dự án Sun Feliza Suites, Đường Xuân Thủy, Phường Dịch Vọng Hậu, Cầu Giấy, Hà Nội",Thỏa thuận,160 m²,4 phòng,3 phòng,,Sổ đỏ/ Sổ hồng,Cơ bản,06/10/2025,16/10/2025,Tin thường,43613818,,,Đông - Nam,Tây - Bắc
"Phường Đại Kim, Hoàng Mai, Hà Nội","6,8 tỷ",34 m²,4 phòng,3 phòng,4 tầng,Sổ đỏ,Đầy đủ,21/10/2025,05/11/2025,Tin thường,43638157,,,,
"Đường Ngô Xuân Quảng, Thị trấn Trâu Quỳ, Gia Lâm, Hà Nội",180 triệu/m²,48 m²,6 phòng,4 phòng,5 tầng,Sổ đỏ/ Sổ hồng,Cơ bản,11/10/2025,21/10/2025,Tin thường,44150472,4 m,3 m,Đông - Nam,Đông - Nam
"An Quý Villa - KĐT Dương Nội, Dương Nội, Hà Đông, Hà Nội",38 tỷ,180 m²,,,,Sổ đỏ/ Sổ hồng,,25/09/2025,05/10/2025,Tin thường,43908342,,"11,5 m",,
"Đường Kim Giang, Phường Đại Kim, Hoàng Mai, Hà Nội","8,1 tỷ",42 m²,6 phòng,4 phòng,5 tầng,Sổ đỏ/ Sổ hồng,Cơ bản,21/10/2025,05/11/2025,Tin thường,43684731,,,,
"Dự án The Sapphire 2 - Vinhomes Ocean Park, Xã Đa Tốn, Gia Lâm, Hà Nội","2,95 tỷ",43 m²,1 phòng,1 phòng,,Sổ đỏ/ Sổ hồng,Đầy đủ,11/10/2025,21/10/2025,Tin thường,43548984,,,Đông - Nam,
"Xã Quang Tiến, Sóc Sơn, Hà Nội",29 triệu/m²,110 m²,,,,Sổ đỏ/ Sổ hồng,,30/09/2025,15/10/2025,Tin thường,42670358,"5,16 m",8 m,,Đông - Nam
"Xuân Tảo, Xã Xuân Giang, Sóc Sơn, Hà Nội",30 triệu/m²,98 m²,,,,Sổ đỏ/ Sổ hồng,,12/10/2025,22/10/2025,Tin thường,44150463,"5,48 m",6 m,,Tây
"Phố Hồng Tiến, Phường Ngọc Lâm, Long Biên, Hà Nội","11,5 tỷ",45 m²,4 phòng,3 phòng,4 tầng,Sổ đỏ/ Sổ hồng,Đầy đủ,30/09/2025,30/10/2025,Tin thường,44150268,4 m,4 m,Đông - Nam,Đông - Nam
"Đường Văn Quán, Phường Văn Quán, Hà Đông, Hà Nội",13 tỷ,39 m²,4 phòng,4 phòng,4 tầng,Sổ đỏ/ Sổ hồng,Đầy đủ,30/09/2025,10/10/2025,Tin thường,44150461,,8 m,,
"Hoàng Dương, Xã Mai Đình, Sóc Sơn, Hà Nội","2,9 tỷ","88,5 m²",,,,Sổ đỏ/ Sổ hồng,,30/09/2025,15/10/2025,Tin thường,42844375,5 m,3 m,,
"Mai Đình, Sóc Sơn, Hà Nội",Thỏa thuận,"134,6 m²",,,,Sổ đỏ/ Sổ hồng,,01/10/2025,11/10/2025,Tin thường,43896383,,,,
"Phường Hà Cầu, Hà Đông, Hà Nội",Thỏa thuận,50 m²,,,4 tầng,Sổ đỏ/ Sổ hồng,,12/10/2025,22/10/2025,Tin thường,41342476,"4,8 m",,,
"Phố Phùng Chí Kiên, Phường Nghĩa Đô, Cầu Giấy, Hà Nội",34 tỷ,72 m²,6 phòng,5 phòng,6 tầng,Sổ đỏ/ Sổ hồng,Đầy đủ,11/10/2025,21/10/2025,Tin thường,44152445,"4,5 m",5 m,,
"Dự án The Manor, đường Mễ Trì, Phường Mỹ Đình 1, Nam Từ Liêm, Hà Nội",125 triệu/m²,189 m²,3 phòng,2 phòng,,Sổ đỏ/ Sổ hồng,Nội thất đẹp nguyên bản từ Chủ đầu tư.,01/10/2025,31/10/2025,Tin thường,40681747,,,Đông - Nam,Đông - Bắc
"Đường Hòe Thị, Phường Phương Canh, Nam Từ Liêm, Hà Nội",25 tỷ,120 m²,36 phòng,36 phòng,7 tầng,Sổ đỏ/ Sổ hồng,Đầy đủ,20/10/2025,04/11/2025,Tin thường,44040466,7 m,3 m,,
"Đường Bờ Sông Sét, Phường Tương Mai, Hoàng Mai, Hà Nội",81 tỷ,280 m²,,,8 tầng,Sổ đỏ/ Sổ hồng,Đầy đủ,01/10/2025,11/10/2025,Tin thường,43468906,16 m,,,
"Xã Tiên Dược, Sóc Sơn, Hà Nội",Thỏa thuận,100 m²,,,,,,15/10/2025,25/10/2025,Tin thường,43271551,,,,
"Đường Hoàng Mai, Phường Hoàng Văn Thụ, Hoàng Mai, Hà Nội",15 tỷ,50 m²,12 phòng,12 phòng,7 tầng,Sổ đỏ/ Sổ hồng,Nội Thất Cao Cấp,01/10/2025,16/10/2025,Tin thường,44158157,"4,3 m",8 m,,
"Đường Hồ Đắc Di, Phường Nam Đồng, Đống Đa, Hà Nội",130 tỷ,255 m²,,,9 tầng,Sổ đỏ,Full,01/10/2025,11/10/2025,Tin thường,43398928,"11,5 m",,,
"Đường Dương Văn Bé, Phường Vĩnh Tuy, Hai Bà Trưng, Hà Nội",56 tỷ,145 m²,14 phòng,14 phòng,6 tầng,Sổ đỏ/ Sổ hồng,Đầy đủ,20/10/2025,04/11/2025,Tin thường,44036659,10 m,12 m,,
"N01-T4 Ngoại Giao Đoàn, Xuân Tảo, Bắc Từ Liêm, Hà Nội","9,2 tỷ",87 m²,,,,Sổ đỏ/ Sổ hồng,Đầy đủ,23/09/2025,03/10/2025,Tin thường,44087827,,,,
"Dự án Discovery Complex, Đường Cầu Giấy, Phường Dịch Vọng, Cầu Giấy, Hà Nội","16,3 tỷ",194 m²,4 phòng,3 phòng,,Hợp đồng mua bán,Full,23/09/2025,23/10/2025,Tin thường,43309399,,,Đông - Nam,Tây - Bắc
"Phố Quan Nhân, Phường Nhân Chính, Thanh Xuân, Hà Nội","14,2 tỷ",54 m²,,,,Sổ đỏ/ Sổ hồng,,23/09/2025,03/10/2025,Tin thường,44087889,,,,
"Xã Tân Xã, Thạch Thất, Hà Nội","3,5 tỷ",100 m²,,,,Sổ đỏ,,23/09/2025,23/10/2025,Tin thường,44087883,,,,
"Kiến Hưng, Đường Cầu Bươu, Phường Kiến Hưng, Hà Đông, Hà Nội",4 tỷ,66 m²,,,,Sổ đỏ/ Sổ hồng,Không nội thất,23/09/2025,03/10/2025,Tin thường,44085630,,,,
"Đường Xuân La, Phường Xuân La, Tây Hồ, Hà Nội",215 tỷ,325 m²,,,9 tầng,Sổ đỏ/ Sổ hồng,"Trang thiết bị nội thất nhập khẩu, điều hoà trung tâm, hệ thống máy phát điện, phòng cháy từng tầng riêng biệt.",09/10/2025,19/10/2025,Tin thường,43469040,12 m,,,
"Ngõ 264, Đường Âu Cơ, Phường Nhật Tân, Tây Hồ, Hà Nội","16,3 tỷ",2.800 m²,2 phòng,2 phòng,1 tầng,Giáy tờ viết tay,Cơ bản,23/09/2025,03/10/2025,Tin thường,43977985,,8 m,,
"Xã Vân Từ, Phú Xuyên, Hà Nội",Thỏa thuận,83 m²,,,,Sổ đỏ/ Sổ hồng,,23/09/2025,03/10/2025,Tin thường,44087872,6 m,5 m,,
"Đường Dương Khuê, Phường Dịch Vọng, Cầu Giấy, Hà Nội",68 tỷ,125 m²,,,8 tầng,Sổ đỏ/ Sổ hồng,,23/09/2025,03/10/2025,Tin thường,43707792,8 m,,,
"Văn Quán, Hà Đông, Hà Nội","6,9 tỷ",30 m²,3 phòng,2 phòng,3 tầng,Sổ đỏ/ Sổ hồng,Cơ bản,23/09/2025,23/10/2025,Tin thường,44087868,3 m,"2,5 m",,Tây - Bắc
"Đường Thanh Bình, Phường Mỗ Lao, Hà Đông, Hà Nội","6,6 tỷ",25 m²,3 phòng,4 phòng,5 tầng,Sổ đỏ/ Sổ hồng,Cơ bản,28/09/2025,08/10/2025,Tin thường,44131525,,,,
"Xã Chương Dương, Thường Tín, Hà Nội","2,3 tỷ",58 m²,,,,Sổ đỏ/ Sổ hồng,,28/09/2025,08/10/2025,Tin thường,44131521,,,,
"Xã Yên Trung, Thạch Thất, Hà Nội",Thỏa thuận,524 m²,,,,Sổ đỏ/ Sổ hồng,,21/10/2025,05/11/2025,Tin thường,44131518,25 m,5 m,,
"Đường Phú Đô, Phường Phú Đô, Nam Từ Liêm, Hà Nội",19 tỷ,105 m²,,,,Sổ đỏ/ Sổ hồng,,28/09/2025,08/10/2025,Tin thường,44026463,5 m,5 m,,
"Đường Vũ Quỳnh, Phường Mỹ Đình 1, Nam Từ Liêm, Hà Nội","17,3 tỷ",65 m²,15 phòng,15 phòng,6 tầng,Sổ đỏ/ Sổ hồng,Đầy đủ cao cấp.,21/10/2025,05/11/2025,Tin thường,43863365,,3 m,,
"Đường Khuất Duy Tiến, Phường Nhân Chính, Thanh Xuân, Hà Nội","39,5 tỷ",150 m²,6 phòng,5 phòng,5 tầng,Sổ đỏ/ Sổ hồng,,09/10/2025,19/10/2025,Tin thường,40574321,7 m,,,
"Phường Khâm Thiên, Đống Đa, Hà Nội","4,48 tỷ",20 m²,3 phòng,,5 tầng,Sổ đỏ/ Sổ hồng,Đầy đủ,28/09/2025,13/10/2025,Tin thường,43842960,"2,5 m",2 m,,
"Dự án KĐT Văn Quán, Đường Nguyễn Khuyến, Phường Phúc La, Hà Đông, Hà Nội",36 tỷ,133 m²,6 phòng,6 phòng,,Sổ đỏ/ Sổ hồng,Đầy đủ,14/10/2025,24/10/2025,Tin thường,43345871,6 m,15 m,,
"Dự án Green Park Trần Thủ Độ, Đường Trần Thủ Độ, Phường Hoàng Liệt, Hoàng Mai, Hà Nội","4,5 tỷ",55 m²,2 phòng,2 phòng,,Sổ đỏ/ Sổ hồng,Đầy đủ,28/09/2025,08/10/2025,Tin thường,43702269,,,,
"Đường Phạm Văn Đồng, Phường Xuân Đỉnh, Bắc Từ Liêm, Hà Nội","26,6 tỷ",46 m²,5 phòng,5 phòng,6 tầng,Sổ đỏ/ Sổ hồng,Đầy đủ,28/09/2025,08/10/2025,Tin thường,42641603,,,,
"Đường Phạm Văn Đồng, Phường Cổ Nhuế 1, Bắc Từ Liêm, Hà Nội","4,9 tỷ",120 m²,3 phòng,2 phòng,,Sổ đỏ/ Sổ hồng,Đầy đủ,26/09/2025,06/10/2025,Tin thường,44121231,4 m,5 m,,
"đường Mỹ Đình, Phường Mỹ Đình 2, Nam Từ Liêm, Hà Nội","15,8 tỷ",70 m²,3 phòng,3 phòng,3 tầng,Sổ đỏ/ Sổ hồng,Đầy đủ,06/10/2025,16/10/2025,Tin thường,44121225,,8 m,,
"Phố Trung Kính, Phường Yên Hòa, Cầu Giấy, Hà Nội","22,5 tỷ",75 m²,6 phòng,,6 tầng,Sổ đỏ/ Sổ hồng,Đầy đủ,26/09/2025,06/10/2025,Tin thường,44046137,"4,5 m",8 m,,
"Ngõ 109, Đường Trường Chinh, Phường Phương Mai, Đống Đa, Hà Nội","14,2 tỷ",50 m²,4 phòng,,6 tầng,Sổ đỏ/ Sổ hồng,,26/09/2025,06/10/2025,Tin thường,43898141,,"3,5 m",,
"Đường Lai Xá, Xã Kim Chung, Hoài Đức, Hà Nội",Thỏa thuận,180 m²,4 phòng,4 phòng,3 tầng,Sổ đỏ/ Sổ hồng,Đầy đủ,26/09/2025,06/10/2025,Tin thường,44121215,15 m,5 m,,
"Vân Nội, Vân Nội, Đông Anh, Hà Nội",Thỏa thuận,148 m²,,,,Sổ đỏ/ Sổ hồng,,25/09/2025,05/10/2025,Tin thường,44107378,"5,5 m",5 m,,
"Xã Phú Mãn, Quốc Oai, Hà Nội",Thỏa thuận,779 m²,,,,Sổ đỏ/ Sổ hồng,,26/09/2025,06/10/2025,Tin thường,44121206,45 m,8 m,,
"Minh Khai, Minh Khai, Hai Bà Trưng, Hà Nội","13,8 tỷ",48 m²,3 phòng,4 phòng,5 tầng,Sổ đỏ/ Sổ hồng,Cơ bản,25/09/2025,05/10/2025,Tin thường,44108397,"4,5 m",3 m,,
"Đường Thụy Phương, Phường Thụy Phương, Bắc Từ Liêm, Hà Nội",7 tỷ,"32,4 m²",3 phòng,3 phòng,5 tầng,Sổ đỏ/ Sổ hồng.,Cơ bản,26/09/2025,26/10/2025,Tin thường,44120672,"3,15 m",10 m,Đông - Nam,Đông - Nam
"Minh Khai, Minh Khai, Hai Bà Trưng, Hà Nội","13,8 tỷ",50 m²,3 phòng,4 phòng,5 tầng,Sổ đỏ/ Sổ hồng,Cơ bản,26/09/2025,06/10/2025,Tin thường,44116641,"4,5 m",3 m,,
"Đông Lai, Xã Quang Tiến, Sóc Sơn, Hà Nội","2,7 tỷ","84,5 m²",,,,Sổ đỏ/ Sổ hồng,,30/09/2025,15/10/2025,Tin thường,42711289,5 m,"3,3 m",,Bắc
"Thị trấn Chúc Sơn, Chương Mỹ, Hà Nội","2,75 tỷ",31 m²,3 phòng,3 phòng,3 tầng,Sổ đỏ/ Sổ hồng,,30/09/2025,15/10/2025,Tin thường,44150455,,,,
"Dự án An Vượng Villa, Đường Tố Hữu, Phường Dương Nội, Hà Đông, Hà Nội",Thỏa thuận,180 m²,,,,Sổ đỏ/ Sổ hồng,Không nội thất,24/09/2025,04/10/2025,Tin thường,43907840,9 m,"11,5 m",,Đông - Nam
"Dự án Nam An Khánh, Đường Láng Hòa Lạc, Xã An Khánh, Hoài Đức, Hà Nội",21 tỷ,150 m²,5 phòng,3 phòng,4 tầng,Hợp đồng mua bán,,10/10/2025,20/10/2025,Tin thường,42918518,"7,5 m","13,5 m",Đông,Đông
"Phố Trần Đại Nghĩa, Phường Đồng Tâm, Hai Bà Trưng, Hà Nội","77,9 tỷ",331 m²,4 phòng,5 phòng,4 tầng,Sổ đỏ/ Sổ hồng,,17/10/2025,01/11/2025,Tin thường,43059000,,,,
,,,,,,,,,,,,,,,
"Đường Trần Khát Chân, Phường Thanh Nhàn, Hai Bà Trưng, Hà Nội",27 tỷ,124 m²,13 phòng,12 phòng,5 tầng,Sổ đỏ/ Sổ hồng,Đầy đủ,03/10/2025,13/10/2025,Tin thường,43472476,4 m,5 m,,
"Đường Đào Tấn, Phường Cống Vị, Ba Đình, Hà Nội",40 tỷ,55 m²,6 phòng,4 phòng,5 tầng,Sổ đỏ/ Sổ hồng,Cao cấp,13/10/2025,23/10/2025,Tin thường,43733711,"4,2 m",42 m,,
"Số 80 ngõ 90, Đường Nguyên Khiết, Phường Phúc Tân, Hoàn Kiếm, Hà Nội",4 tỷ,20 m²,3 phòng,4 phòng,5 tầng,Sổ đỏ/ Sổ hồng,Cơ bản,10/10/2025,20/10/2025,Tin thường,42430145,3 m,2 m,Tây - Bắc,Tây - Bắc
"Đường Trần Duy Hưng, Phường Trung Hòa, Cầu Giấy, Hà Nội",26 tỷ,89 m²,4 phòng,4 phòng,5 tầng,Sổ đỏ/ Sổ hồng,Cơ bản,23/09/2025,03/10/2025,Tin thường,44026762,"4,4 m",5 m,Tây,Tây
"Dự án Hà Nội Paragon, Phố Dịch Vọng Hậu, Phường Dịch Vọng Hậu, Cầu Giấy, Hà Nội",10 tỷ,138 m²,3 phòng,2 phòng,,Đang chờ sổ,,29/09/2025,09/10/2025,Tin thường,43643951,,,Nam,Bắc
"Dự án Khu đô thị mới Nghĩa Đô, Phố Trần Cung, Phường Cổ Nhuế 1, Bắc Từ Liêm, Hà Nội",5 tỷ,52 m²,1 phòng,1 phòng,,,Đầy đủ nội thất.,16/10/2025,31/10/2025,Tin thường,43567507,,,,
"Dự án Mon City - Hải Đăng City, Đường Hàm Nghi, Phường Mỹ Đình 2, Nam Từ Liêm, Hà Nội","5,7 tỷ",67 m²,2 phòng,2 phòng,,Sổ đỏ/ Sổ hồng,Đầy đủ,29/09/2025,09/10/2025,Tin thường,42130643,,,Đông - Nam,Tây - Bắc
"Sunny Garden City, Đường Láng Hòa Lạc, Xã Sài Sơn, Quốc Oai, Hà Nội","36,5 tỷ",300 m²,4 phòng,4 phòng,3 tầng,Sổ đỏ/ Sổ hồng.,Không nội thất.,16/10/2025,31/10/2025,Tin thường,43029476,16 m,20 m,,
"Dự án Avenue Garden, Đường Tây Thăng Long, Phường Tây Tựu, Bắc Từ Liêm, Hà Nội",30 tỷ,110 m²,,,6 tầng,Sổ đỏ/ Sổ hồng,Không nội thất,20/10/2025,04/11/2025,Tin thường,42408765,6 m,60 m,,
"Bamboo Airways Tower, 265, Đường Cầu Giấy, Phường Dịch Vọng, Cầu Giấy, Hà Nội",Thỏa thuận,97 m²,2 phòng,2 phòng,,Sổ đỏ/ Sổ hồng,Đầy đủ,29/09/2025,09/10/2025,Tin thường,43557438,,,Đông - Nam,Tây - Bắc
"Đường Lê Trọng Tấn, Phường Phương Liệt, Quận Thanh Xuân, Hà Nội","19,6 tỷ",65 m²,6 phòng,5 phòng,5 tầng,Sổ đỏ/ Sổ hồng,Đầy đủ,11/10/2025,21/10/2025,Tin thường,44140721,5 m,5 m,Tây - Nam,Tây - Nam
"Đường Lê Văn Lương, Phường Nhân Chính, Thanh Xuân, Hà Nội","8,5 tỷ",115 m²,3 phòng,2 phòng,,Sổ đỏ/ Sổ hồng,,22/10/2025,06/11/2025,Tin thường,44140722,,,,
"Phố Ngũ Xã, Phường Trúc Bạch, Ba Đình, Hà Nội",205 tỷ,215 m²,,,,Sổ đỏ/ Sổ hồng,,29/09/2025,09/10/2025,Tin thường,44140718,10 m,8 m,,Tây
"Dự án Golden Field Mỹ Đình, Phường Cầu Diễn, Nam Từ Liêm, Hà Nội.",Thỏa thuận,74 m²,2 phòng,2 phòng,,Tất cả các căn đều pháp lý rõ ràng sẵn sổ giao dịch ngay ạ.,Đầy đủ,14/10/2025,24/10/2025,Tin thường,41461939,,,Đông - Nam,Tây - Bắc
"Dự án An Quý Villa - KĐT Dương Nội, Phường Dương Nội, Hà Đông, Hà Nội",Thỏa thuận,198 m²,,,,Sổ đỏ/ Sổ hồng,,14/10/2025,24/10/2025,Tin thường,41860204,,"23,5 m",,
"Phố Thái Hà, Phường Trung Liệt, Đống Đa, Hà Nội","20,3 tỷ",50 m²,6 phòng,5 phòng,5 tầng,Sổ đỏ/ Sổ hồng,Đầy đủ,18/10/2025,02/11/2025,Tin thường,44142928,"4,5 m",6 m,Tây - Nam,Tây - Nam
"Dự án Solasta Mansion, Đường Tố Hữu, Phường Dương Nội, Hà Đông, Hà Nội",Thỏa thuận,170 m²,4 phòng,4 phòng,4 tầng,Sổ đỏ/ Sổ hồng,,14/10/2025,21/10/2025,Tin thường,43899945,8 m,21 m,,Đông - Nam
"Hanoi Signature, 06, Đường Nguyễn Văn Huyên, Phường Nghĩa Đô, Cầu Giấy, Hà Nội",27 tỷ,182 m²,3 phòng,3 phòng,,Sổ đỏ/ Sổ hồng,Không nội thất,15/10/2025,22/10/2025,Tin thường,44142186,,,Đông - Nam,Đông
"Phố Đại La, Phường Đồng Tâm, Hai Bà Trưng, Hà Nội","51,5 tỷ",100 m²,,,,Sổ đỏ,,07/10/2025,17/10/2025,Tin thường,43959714,,,,
"Dự án Jade Square, Đường Nguyễn Đình Tứ, Phường Xuân Đỉnh, Bắc Từ Liêm, Hà Nội",99 triệu/m²,154 m²,4 phòng,3 phòng,,Hợp đồng mua bán,Liền tường cao cấp.,29/09/2025,09/10/2025,Tin thường,44141877,,,Đông,Nam
"Phố Hòa Mã, Phường Phố Huế, Hai Bà Trưng, Hà Nội",170 tỷ,190 m²,,,9 tầng,Sổ đỏ/ Sổ hồng,Đầy đủ,29/09/2025,06/10/2025,Tin thường,44141611,7 m,16 m,,
"đường Trung Văn, Phường Trung Văn, Nam Từ Liêm, Hà Nội",100 triệu/m²,78 m²,,,,,,29/09/2025,14/10/2025,Tin thường,43799025,"2,6 m",,,
"Dự án Legacy Hinoiri, Xã Thạch Hòa, Thạch Thất, Hà Nội",Thỏa thuận,78 m²,2 phòng,,,Hợp đồng mua bán,Cơ bản,29/09/2025,06/10/2025,Tin thường,44141304,,,Đông - Bắc,Tây - Nam
"Đường Trung Yên 9, Phường Trung Hòa, Cầu Giấy, Hà Nội",49 tỷ,100 m²,4 phòng,7 phòng,7 tầng,Sổ đỏ/ Sổ hồng,Đầy đủ,08/10/2025,18/10/2025,Tin thường,44140973,7 m,,,
"Phố Trung Kính, Phường Trung Hòa, Cầu Giấy, Hà Nội",50 tỷ,105 m²,,,9 tầng,Sổ đỏ/ Sổ hồng,Đầy đủ,01/10/2025,11/10/2025,Tin thường,44050849,,,,
"Dự án HPC Landmark 105, Đường Tố Hữu, Phường La Khê, Hà Đông, Hà Nội","8,16 tỷ",112 m²,3 phòng,2 phòng,,Sổ đỏ/ Sổ hồng.,Đầy đủ.,11/10/2025,21/10/2025,Tin thường,42869372,,,Nam,Bắc
"Đường Trần Quang Diệu, Phường Ô Chợ Dừa, Đống Đa, Hà Nội","33,3 tỷ",67 m²,,,7 tầng,Sổ đỏ/ Sổ hồng,Đầy đủ,26/09/2025,06/10/2025,Tin thường,43999292,6 m,"6,5 m",,
"Đường Hồ Tùng Mậu, Phường Mai Dịch, Cầu Giấy, Hà Nội","8,1 tỷ",30 m²,3 phòng,4 phòng,5 tầng,Sổ đỏ/ Sổ hồng,,01/10/2025,31/10/2025,Tin thường,44158153,"3,5 m",,Đông - Nam,Đông - Nam
"Dự án Lilama 124 Minh Khai, Đường Minh Khai, Phường Minh Khai, Hai Bà Trưng, Hà Nội","6,75 tỷ",76 m²,2 phòng,2 phòng,,,,09/10/2025,19/10/2025,Tin thường,44030030,,,,
"Đường Đình Thôn, Phường Mỹ Đình 1, Nam Từ Liêm, Hà Nội","7,9 tỷ",51 m²,8 phòng,8 phòng,6 tầng,Sổ đỏ/ Sổ hồng,Cơ bản,01/10/2025,11/10/2025,Tin thường,42259658,"4,5 m","4,5 m",,
"Dự án KĐT Phú Lương, Phường Phú Lương, Hà Đông, Hà Nội",Thỏa thuận,90 m²,6 phòng,5 phòng,4 tầng,Sổ đỏ/ Sổ hồng,Đầy đủ,01/10/2025,11/10/2025,Tin thường,40721283,"7,2 m",30 m,Tây - Nam,Tây - Nam
"Khai Sơn City, Phường Ngọc Thụy, Long Biên, Hà Nội","6,2 tỷ",77 m²,,,,,,20/10/2025,04/11/2025,Tin thường,44158151,,,,
"Đường Hoàng Như Tiếp, Phường Bồ Đề, Long Biên, Hà Nội","20,8 tỷ",90 m²,,,5 tầng,Sổ đỏ/ Sổ hồng,,30/09/2025,15/10/2025,Tin thường,44146601,"4,5 m",,,
"An Hưng, Đường Tố Hữu, Phường La Khê, Hà Đông, Hà Nội",28 tỷ,"82,5 m²",4 phòng,5 phòng,4 tầng,Sổ đỏ/ Sổ hồng,Đầy đủ,01/10/2025,11/10/2025,Tin thường,43692975,5 m,24 m,Tây - Nam,Tây - Nam
"Đường Đại Cát, Phường Liên Mạc, Bắc Từ Liêm, Hà Nội","6,5 tỷ",35 m²,4 phòng,5 phòng,6 tầng,Sổ đỏ/ Sổ hồng,,13/10/2025,23/10/2025,Tin thường,44105600,"3,9 m",4 m,,
"Dự án Geleximco Lê Trọng Tấn, Đường Lê Trọng Tấn, Phường Dương Nội, Hà Đông, Hà Nội",Thỏa thuận,123 m²,,,4 tầng,Sổ đỏ.,Hoàn thiện nội thất đẹp.,25/09/2025,05/10/2025,Tin thường,42823812,7 m,,,Tây - Bắc
"Dự án Hà Phong, Xã Tiền Phong, Mê Linh, Hà Nội.",Thỏa thuận,360 m²,,,,Sổ đỏ/ Sổ hồng,,25/09/2025,05/10/2025,Tin thường,40705152,20 m,11 m,,Đông
"N01-T1 Ngoại Giao Đoàn, Xuân Đỉnh, Bắc Từ Liêm, Hà Nội",Thỏa thuận,133 m²,4 phòng,3 phòng,,Sổ đỏ/ Sổ hồng,Đầy đủ,15/10/2025,25/10/2025,Tin thường,42170605,,,Đông - Nam,Tây
"The Sapphire 1 - Vinhomes Ocean Park, Xã Đa Tốn, Gia Lâm, Hà Nội","3,25 tỷ",43 m²,1 phòng,1 phòng,,Sổ đỏ/ Sổ hồng,Đầy đủ,11/10/2025,21/10/2025,Tin thường,43212029,,,Tây - Bắc,
"Sun Square, Lê Đức Thọ, Mỹ Đình 2, Nam Từ Liêm, Hà Nội",Thỏa thuận,108 m²,3 phòng,2 phòng,,Sổ đỏ/ Sổ hồng,Đầy đủ,19/09/2025,04/10/2025,Tin thường,44053995,,,,
"Dự án N01-T8 Ngoại Giao Đoàn, Phường Xuân Tảo, Bắc Từ Liêm, Hà Nội",Thỏa thuận,121 m²,3 phòng,2 phòng,,Sổ đỏ/ Sổ hồng.,Đầy đủ,06/10/2025,16/10/2025,Tin thường,40915776,,,Nam,
"Golden Field Mỹ Đình, Cầu Diễn, Nam Từ Liêm, Hà Nội",Thỏa thuận,74 m²,2 phòng,2 phòng,,Sổ đỏ/ Sổ hồng,Đầy đủ,19/09/2025,04/10/2025,Tin thường,44053671,,,,
"Đường Tố Hữu, Phường Vạn Phúc, Hà Đông, Hà Nội",21 tỷ,50 m²,4 phòng,4 phòng,5 tầng,Sổ đỏ/ Sổ hồng,Cơ bản,25/09/2025,25/10/2025,Tin thường,44105575,,12 m,,Tây - Bắc
"The Canopy Residences - Vinhomes Smart City, Tây Mỗ, Nam Từ Liêm, Hà Nội","5,9 tỷ","63,5 m²",2 phòng,2 phòng,,Sổ đỏ/ Sổ hồng,Đầy đủ,25/09/2025,05/10/2025,Tin thường,43726394,,,,
"Đường Phan Kế Bính, Phường Cống Vị, Ba Đình, Hà Nội",47 tỷ,85 m²,4 phòng,4 phòng,4 tầng,Sổ đỏ/ Sổ hồng,,23/09/2025,03/10/2025,Tin thường,43275713,,,,
"Dự án KCN Quang Minh, Đường Cao tốc Thăng Long Nội Bài, Thị trấn Quang Minh, Mê Linh, Hà Nội",Thỏa thuận,7.800 m²,,,,,,23/09/2025,03/10/2025,Tin thường,41596397,,,,
"Phố Hồng Tiến, Phường Bồ Đề, Long Biên, Hà Nội","14,5 tỷ",48 m²,3 phòng,3 phòng,6 tầng,Sổ đỏ/ Sổ hồng,Đầy đủ,23/09/2025,03/10/2025,Tin thường,44087859,"4,23 m",4 m,Tây - Nam,Tây - Nam
"Dự án Tân Tây Đô, Đường Quốc lộ 32, Xã Tân Lập, Đan Phượng, Hà Nội",Thỏa thuận,91 m²,,,4 tầng,Sổ đỏ/ Sổ hồng,Không nội thất.,15/10/2025,25/10/2025,Tin thường,41849012,5 m,27 m,Đông - Nam,Đông - Nam
"Đường Nguyễn Chí Thanh, Phường Láng Hạ, Đống Đa, Hà Nội",62 tỷ,100 m²,,,8 tầng,Sổ đỏ/ Sổ hồng,Đầy đủ,09/10/2025,19/10/2025,Tin thường,43764226,"9,4 m",,,
"Phố Ngọc Khánh, Phường Giảng Võ, Ba Đình, Hà Nội",82 tỷ,130 m²,,,,Sổ đỏ/ Sổ hồng,,23/09/2025,03/10/2025,Tin thường,44087856,,,,
"Capital Elite, 18, Đường Phạm Hùng, Phường Mỹ Đình 2, Nam Từ Liêm, Hà Nội",Thỏa thuận,114 m²,3 phòng,2 phòng,,,Cơ bản,23/09/2025,23/10/2025,Tin thường,42419299,,,Tây - Nam,Đông
"Rose Town 79 Ngọc Hồi, Ngọc Hồi, Hoàng Liệt, Hoàng Mai, Hà Nội",Thỏa thuận,95 m²,3 phòng,2 phòng,,Sổ đỏ/ Sổ hồng,Cơ bản,23/09/2025,03/10/2025,Tin thường,44083907,,,Tây - Bắc,Tây - Nam
"Đường Trần Hưng Đạo, Phường Phố Huế, Hai Bà Trưng, Hà Nội","2,96 tỷ",40 m²,2 phòng,1 phòng,,Sổ đỏ/ Sổ hồng,Đầy đủ,20/09/2025,20/10/2025,Tin thường,44061446,,,,
"Đường Vương Thừa Vũ, Phường Khương Trung, Thanh Xuân, Hà Nội",59 tỷ,190 m²,,,8 tầng,Sổ đỏ/ Sổ hồng,Đầy đủ,23/09/2025,03/10/2025,Tin thường,43983195,7 m,,,
"An Khánh, Hoài Đức, Hà Nội",Thỏa thuận,40 m²,,,,Sổ đỏ/ Sổ hồng,,28/09/2025,08/10/2025,Tin thường,42067609,"4,2 m",,,
"Dự án Green Park Trần Thủ Độ, Đường Trần Thủ Độ, Phường Hoàng Liệt, Hoàng Mai, Hà Nội","4,3 tỷ",55 m²,2 phòng,2 phòng,,Sổ đỏ/ Sổ hồng,Đầy đủ,28/09/2025,08/10/2025,Tin thường,43978771,,,,
"Đường Quang Trung, Phường Yên Nghĩa, Hà Đông, Hà Nội","9,6 tỷ",50 m²,,,,Sổ đỏ/ Sổ hồng,,13/10/2025,28/10/2025,Tin thường,44021221,5 m,10 m,,Nam
"Xã Đại Áng, Thanh Trì, Hà Nội",Thỏa thuận,45 m²,,,,Sổ đỏ/ Sổ hồng,,22/09/2025,02/10/2025,Tin thường,43910866,"4,05 m",3 m,,
"Xã Khánh Hà, Thường Tín, Hà Nội",Thỏa thuận,50 m²,,,,Sổ đỏ/ Sổ hồng,,04/10/2025,14/10/2025,Tin thường,43905370,"4,2 m",4 m,,
"Phố Khương Hạ, Phường Khương Đình, Thanh Xuân, Hà Nội","8,01 tỷ",38 m²,3 phòng,3 phòng,5 tầng,Sổ đỏ/ Sổ hồng,Đầy đủ,28/09/2025,08/10/2025,Tin thường,44131494,,"2,5 m",,
"Dự án KĐT Văn Phú, Đường Lê Trọng Tấn, Phường Phú La, Hà Đông, Hà Nội","35,9 tỷ",200 m²,5 phòng,6 phòng,4 tầng,Sổ đỏ/ Sổ hồng,,09/10/2025,19/10/2025,Tin thường,43190453,10 m,12 m,,
"Văn Phú Victoria, Đường Lê Trọng Tấn, Phường Phú La, Hà Đông, Hà Nội",9 tỷ,35 m²,3 phòng,4 phòng,5 tầng,Sổ đỏ/ Sổ hồng,Đầy đủ,28/09/2025,08/10/2025,Tin thường,44131489,6 m,4 m,,
"Khu đô thị Geleximco - Lê Trọng Tấn, Lê Trọng Tấn, Dương Nội, Hà Đông, Hà Nội",80 triệu/m²,68 m²,2 phòng,2 phòng,,Sổ đỏ/ Sổ hồng,Cơ bản,26/09/2025,06/10/2025,Tin thường,44115894,,,Tây - Bắc,Đông - Nam
"Xã Lại Yên, Huyện Hoài Đức, Hà Nội",Thỏa thuận,48 m²,,,,,,27/09/2025,12/10/2025,Tin thường,44124128,,,,
"Phố Vạn Phúc, Phường Vạn Phúc, Hà Đông, Hà Nội","21,9 tỷ",50 m²,6 phòng,6 phòng,7 tầng,Sổ đỏ/ Sổ hồng,Đầy đủ.,13/10/2025,23/10/2025,Tin thường,44120666,5 m,15 m,Đông - Nam,Đông - Nam
"Phúc Lợi, Long Biên, Hà Nội","6,5 tỷ",40 m²,3 phòng,,5 tầng,Sổ đỏ/ Sổ hồng,Cơ bản,26/09/2025,06/10/2025,Tin thường,44121198,"3,5 m",3 m,,
"The Sapphire 2 - Vinhomes Ocean Park, Đường Lý Thánh Tông, Xã Đa Tốn, Gia Lâm, Hà Nội","3,3 tỷ",43 m²,1 phòng,1 phòng,,Sổ đỏ/ Sổ hồng,Đầy đủ,26/09/2025,06/10/2025,Tin thường,44121197,,,Đông - Bắc,
"Vinhomes Ocean Park Gia Lâm, Đường Hải Âu 02, Xã Dương Xá, Gia Lâm, Hà Nội",32 tỷ,150 m²,4 phòng,4 phòng,4 tầng,,,07/10/2025,17/10/2025,Tin thường,43814357,,30 m,,
"Xã Minh Trí, Sóc Sơn, Hà Nội",14 triệu/m²,90 m²,,,,Sổ đỏ/ Sổ hồng,,26/09/2025,26/10/2025,Tin thường,44121188,6 m,,,Đông - Nam
"Nam Đô Complex, 609, Đường Trương Định, Phường Giáp Bát, Hoàng Mai, Hà Nội","6,5 tỷ",100 m²,3 phòng,2 phòng,,Sổ đỏ/ Sổ hồng,Đầy đủ,26/09/2025,06/10/2025,Tin thường,44121187,,,,
"Dự án NHS Complex Trung Văn, Phường Trung Văn, Nam Từ Liêm, Hà Nội","6,4 tỷ",93 m²,,,,Sổ đỏ/ Sổ hồng,,26/09/2025,06/10/2025,Tin thường,44120553,,,,
"Phố Sài Đồng, Phường Sài Đồng, Long Biên, Hà Nội","21,5 tỷ",75 m²,5 phòng,5 phòng,4 tầng,Sổ đỏ/ Sổ hồng,,26/09/2025,06/10/2025,Tin thường,43911573,,,,
"Đường Ngô Gia Tự, Phường Việt Hưng, Long Biên, Hà Nội","17,9 tỷ",90 m²,5 phòng,5 phòng,4 tầng,Sổ đỏ/ Sổ hồng.,,26/09/2025,06/10/2025,Tin thường,43790369,,,,
"Dự án Thanh Hà Mường Thanh, Phường Kiến Hưng, Hà Đông, Hà Nội",26 tỷ,240 m²,6 phòng,6 phòng,3 tầng,Hợp đồng mua bán,Cơ bản,22/10/2025,06/11/2025,Tin thường,43492824,10 m,,Đông - Nam,Đông - Nam
"Phố Phạm Tuấn Tài, Cầu Giấy, Hà Nội",32 tỷ,58 m²,6 phòng,7 phòng,5 tầng,Sổ đỏ/ Sổ hồng,,26/09/2025,06/10/2025,Tin thường,43950669,5 m,1 m,,
"Phố Ngụy Như Kon Tum, Phường Nhân Chính, Thanh Xuân, Hà Nội",22 tỷ,60 m²,4 phòng,4 phòng,5 tầng,Sổ đỏ/ Sổ hồng,,30/09/2025,10/10/2025,Tin thường,43456730,,,,
"Phố Vũ Hữu, Phường Thanh Xuân Bắc, Thanh Xuân, Hà Nội","15,5 tỷ",55 m²,3 phòng,3 phòng,3 tầng,Sổ đỏ/ Sổ hồng,Cơ bản,17/10/2025,01/11/2025,Tin thường,44014313,,6 m,,
"An Bình Homeland, Phường Dương Nội, Hà Đông, Hà Nội",Thỏa thuận,68 m²,2 phòng,,,Sổ đỏ/ Sổ hồng,Cơ bản,30/09/2025,30/10/2025,Tin thường,44150424,,,Đông - Nam,Tây - Bắc
"Đường Minh Khai, Phường Vĩnh Tuy, Hai Bà Trưng, Hà Nội","2,55 tỷ",10 m²,2 phòng,2 phòng,4 tầng,Sổ đỏ/ Sổ hồng,Đầy đủ,29/09/2025,09/10/2025,Tin thường,44044071,,,,
"Ngõ 28, Đường Xuân La, Phường Xuân La, Tây Hồ, Hà Nội",26 tỷ,73 m²,,,8 tầng,Sổ đỏ/ Sổ hồng,Đầy đủ,30/09/2025,10/10/2025,Tin thường,44150421,"4,6 m",3 m,,
"Dự án An Vượng Villa, Đường Tố Hữu, Phường Dương Nội, Hà Đông, Hà Nội",Thỏa thuận,180 m²,,,4 tầng,Sổ đỏ/ Sổ hồng,,27/09/2025,07/10/2025,Tin thường,43907586,9 m,"11,5 m",Đông - Nam,Đông - Nam
"Đường Hoàng Hoa Thám, Phường Liễu Giai, Ba Đình, Hà Nội","10,9 tỷ",45 m²,4 phòng,4 phòng,4 tầng,Sổ đỏ/ Sổ hồng,,25/09/2025,05/10/2025,Tin thường,44109473,"3,5 m",,,
"Xã Ngọc Liệp, Quốc Oai, Hà Nội",Thỏa thuận,71 m²,,,,,,30/09/2025,10/10/2025,Tin thường,44066305,,,,
"Đông Bầu, Xã Kim Chung, Đông Anh, Hà Nội","8,79 tỷ",130 m²,,,,Sổ đỏ/ Sổ hồng.,,24/09/2025,04/10/2025,Tin thường,43933621,"7,6 m","3,5 m",,
"Florence Mỹ Đình, Trần Hữu Dực, Cầu Diễn, Nam Từ Liêm, Hà Nội",Thỏa thuận,77 m²,2 phòng,2 phòng,,Sổ đỏ/ Sổ hồng,Đầy đủ,19/09/2025,04/10/2025,Tin thường,44054149,,,,
"Khu đô thị Hà Phong, Hà Phong, Tiền Phong, Mê Linh, Hà Nội",48 triệu/m²,300 m²,,,,Hợp đồng mua bán,,25/09/2025,05/10/2025,Tin thường,43802224,15 m,11 m,,Đông - Bắc
"Đường Phố Trạm, Phường Long Biên, Long Biên, Hà Nội","6,87 tỷ",40 m²,3 phòng,4 phòng,5 tầng,Sổ đỏ/ Sổ hồng,,25/09/2025,10/10/2025,Tin thường,43836415,4 m,3 m,Đông - Nam,Đông - Nam
"Đường Cầu Diễn, Phường Minh Khai, Bắc Từ Liêm, Hà Nội","7,4 tỷ",45 m²,4 phòng,5 phòng,5 tầng,Sổ đỏ/ Sổ hồng,Đầy đủ,25/09/2025,05/10/2025,Tin thường,44105557,"4,2 m",10 m,,
"Phường Đại Mỗ, Nam Từ Liêm, Hà Nội","6,2 tỷ",30 m²,4 phòng,5 phòng,5 tầng,Sổ đỏ/ Sổ hồng,Đầy đủ,25/09/2025,05/10/2025,Tin thường,44105554,"3,5 m",,Đông - Nam,Đông - Nam
"Đường Cổ Linh, Phường Long Biên, Long Biên, Hà Nội","11,2 tỷ",45 m²,,,7 tầng,Sổ đỏ/ Sổ hồng,,14/09/2025,15/10/2025,Tin thường,43799237,5 m,4 m,Tây - Nam,Tây - Nam
"Đường Cổ Linh, Phường Thạch Bàn, Long Biên, Hà Nội",16 tỷ,46 m²,,,,Sổ đỏ/ Sổ hồng,,14/09/2025,15/10/2025,Tin thường,42639621,5 m,13 m,,Tây - Nam
"Phố Hoàng Cầu, Phường Ô Chợ Dừa, Đống Đa, Hà Nội","26,5 tỷ",60 m²,5 phòng,4 phòng,5 tầng,Sổ đỏ/ Sổ hồng,Đầy đủ,15/10/2025,25/10/2025,Tin thường,43975774,4 m,9 m,,
"Noble Palace Tây Thăng Long, Đường Tây Thăng Long, Xã Tân Lập, Đan Phượng, Hà Nội","39,5 tỷ",100 m²,,,5 tầng,Đang chờ sổ,Bàn giao thô,25/09/2025,10/10/2025,Tin thường,44104096,5 m,50 m,,
"Xã Hoàng Diệu, Chương Mỹ, Hà Nội","2,05 tỷ","80,2 m²",,,,,,25/09/2025,25/10/2025,Tin thường,44105176,,,,
"Heritage West Lake, 677, Đường Lạc Long Quân, Phường Phú Thượng, Tây Hồ, Hà Nội","3,7 tỷ",46 m²,1 phòng,1 phòng,,Hợp đồng mua bán,,16/10/2025,23/10/2025,Tin VIP Vàng,43801587,,,,
"Dự án Imperia Signature Cổ Loa, Xã Đông Hội, Đông Anh, Hà Nội",Thỏa thuận,65 m²,2 phòng,2 phòng,,Hợp đồng mua bán,Cơ bản,09/10/2025,24/10/2025,Tin VIP Vàng,44059498,,,,
"Phố Ngụy Như Kon Tum, Phường Thanh Xuân Bắc, Thanh Xuân, Hà Nội",58 tỷ,100 m²,8 phòng,5 phòng,6 tầng,Sổ đỏ/ Sổ hồng,Cơ bản,29/09/2025,06/10/2025,Tin thường,44139731,"6,5 m",3 m,Nam,Nam
"Dự án An Bình Homeland, Phường Dương Nội, Hà Đông, Hà Nội",Thỏa thuận,93 m²,3 phòng,3 phòng,,Hợp đồng mua bán,Cơ bản,27/09/2025,07/10/2025,Tin thường,44122600,,,Đông - Nam,Đông - Nam
,,,,,,,,,,,,,,,
"Đường Cổ Nhuế, Phường Cổ Nhuế 1, Bắc Từ Liêm, Hà Nội",13 tỷ,64 m²,17 phòng,17 phòng,7 tầng,Sổ đỏ/ Sổ hồng,,29/09/2025,06/10/2025,Tin thường,44139403,5 m,3 m,,
"Dự án The Manor Central Park, Đường Nghiêm Xuân Yêm, Phường Đại Kim, Hoàng Mai, Hà Nội",Thỏa thuận,120 m²,6 phòng,6 phòng,5 tầng,Sổ đỏ/ Sổ hồng,Cơ bản,22/10/2025,29/10/2025,Tin VIP Bạc,43173889,6 m,20 m,Tây - Bắc,Đông - Nam
"Chung cư The Wisteria, Đường 32, Xã Di Trạch, Huyện Hoài Đức, Hà Nội",16 tỷ,185 m²,,,,Hợp đồng mua bán,,16/10/2025,23/10/2025,Tin VIP Bạc,44139195,,,,
"Đường Quốc lộ 32, Xã Di Trạch, Hoài Đức, Hà Nội",146 triệu/m²,150 m²,,,,Sổ đỏ/ Sổ hồng,,14/10/2025,21/10/2025,Tin thường,44139136,"12,5 m",5 m,,Tây - Nam
"Dự án Vinhomes Green Bay Mễ Trì, Đường Đại lộ Thăng Long, Phường Mễ Trì, Nam Từ Liêm, Hà Nội",Thỏa thuận,"83,82 m²",3 phòng,2 phòng,,Sổ đỏ/sổ hồng.,"Nhà được hoàn thiện đầy đủ nội thất, sàn trần, thiết bị bếp, vệ sinh, liền tường, ti vi, tủ lạnh, máy giặt, điều hòa, full nội thất xịn xò.",29/09/2025,06/10/2025,Tin thường,39942750,,,Đông - Nam,Tây - Bắc
"Dự án KĐT Xa La, Phố Phùng Hưng, Phường Phúc La, Hà Đông, Hà Nội","3,09 tỷ",54 m²,1 phòng,1 phòng,,Sổ đỏ/ Sổ hồng,Đầy đủ,24/09/2025,24/10/2025,Tin thường,44096455,,,,
"Đường Nguyễn Chính, Phường Thịnh Liệt, Hoàng Mai, Hà Nội","10,8 tỷ",42 m²,3 phòng,,5 tầng,,Cơ bản,29/09/2025,09/10/2025,Tin thường,44140713,4 m,5 m,,
"Sky Park Residence, Tôn Thất Thuyết, Dịch Vọng Hậu, Cầu Giấy, Hà Nội","9,3 tỷ",80 m²,,,,Sổ đỏ/ Sổ hồng,Đầy đủ,29/09/2025,09/10/2025,Tin thường,44140712,,,Đông - Nam,Tây - Bắc
"The Zei Mỹ Đình, Lê Đức Thọ, Mỹ Đình 2, Nam Từ Liêm, Hà Nội",10 tỷ,92 m²,2 phòng,2 phòng,,Sổ đỏ/ Sổ hồng,Đầy đủ,29/09/2025,14/10/2025,Tin thường,44140709,,,Tây - Nam,Đông - Bắc
"Dự án Discovery Complex, Đường Cầu Giấy, Phường Dịch Vọng, Cầu Giấy, Hà Nội",14 tỷ,195 m²,4 phòng,3 phòng,,Đang chờ sổ,Đầy đủ,17/10/2025,01/11/2025,Tin thường,43638178,,,Đông - Nam,Tây - Bắc
"Đường Huỳnh Thúc Kháng, Phường Láng Hạ, Đống Đa, Hà Nội","9,1 tỷ",54 m²,3 phòng,3 phòng,4 tầng,Sổ đỏ/ Sổ hồng,,16/10/2025,31/10/2025,Tin thường,44139772,,,,Tây
"Đường Cổ Nhuế, Phường Cổ Nhuế 2, Bắc Từ Liêm, Hà Nội","7,5 tỷ",35 m²,3 phòng,4 phòng,5 tầng,Sổ đỏ/ Sổ hồng,Cơ bản,29/09/2025,29/10/2025,Tin thường,44140702,"3,8 m",3 m,,
"Đường Trung Phụng, Phường Nam Đồng, Đống Đa, Hà Nội","26,5 tỷ","56,7 m²",6 phòng,4 phòng,5 tầng,Sổ đỏ/ Sổ hồng,Đầy đủ,25/09/2025,05/10/2025,Tin thường,42164309,"3,65 m",15 m,,
"Dự án The Manor, đường Mễ Trì, Phường Mỹ Đình 1, Nam Từ Liêm, Hà Nội",Thỏa thuận,216 m²,4 phòng,3 phòng,,Sổ đỏ chính chủ - Giao dịch được ngay.,"Nội thất full đồ, cao cấp sẵn ở.",29/09/2025,14/10/2025,Tin thường,44140696,,,,
"Đường Thành Thái, Phường Dịch Vọng Hậu, Cầu Giấy, Hà Nội",46 tỷ,110 m²,6 phòng,6 phòng,5 tầng,Sổ đỏ/ Sổ hồng,Cơ bản,29/09/2025,14/10/2025,Tin thường,44125625,,,,
"Đường Trần Phú, Phường Văn Quán, Hà Đông, Hà Nội","15,4 tỷ",58 m²,4 phòng,4 phòng,4 tầng,Sổ đỏ/ Sổ hồng,Cơ bản,01/10/2025,11/10/2025,Tin thường,44158067,"4,3 m",5 m,,
"Xã Tiến Xuân, Thạch Thất, Hà Nội","33,49 triệu/m²",100 m²,,,,Sổ đỏ/ Sổ hồng,,02/10/2025,17/10/2025,Tin thường,44033956,6 m,,,
"Đường Thụy Phương, Phường Đông Ngạc, Bắc Từ Liêm, Hà Nội","7,99 tỷ",45 m²,6 phòng,4 phòng,5 tầng,Sổ đỏ/ Sổ hồng,Đầy đủ,06/10/2025,16/10/2025,Tin thường,43941680,,10 m,,
"Đường Quan Hoa, Phường Quan Hoa, Cầu Giấy, Hà Nội","11,5 tỷ",48 m²,5 phòng,4 phòng,5 tầng,Sổ đỏ/ Sổ hồng,Full nội thất.,13/10/2025,23/10/2025,Tin thường,44000763,4 m,,,
"Đường Đa Sỹ, Phường Kiến Hưng, Hà Đông, Hà Nội","8,7 tỷ",45 m²,4 phòng,4 phòng,4 tầng,Sổ đỏ/ Sổ hồng,Đầy đủ,01/10/2025,11/10/2025,Tin thường,44158138,4 m,3 m,,Nam
"Đường Nguyễn Khang, Phường Yên Hòa, Cầu Giấy, Hà Nội","7,9 tỷ",35 m²,3 phòng,4 phòng,5 tầng,Sổ đỏ/ Sổ hồng,Đầy đủ,09/10/2025,19/10/2025,Tin thường,44140807,,,,
"Đường Bắc Cầu, Phường Ngọc Thụy, Long Biên, Hà Nội","5,89 tỷ","60,4 m²",,,,Sổ đỏ/ Sổ hồng,,01/10/2025,11/10/2025,Tin thường,44157934,5 m,3 m,,Đông - Nam
"Đường Đội Cấn, Phường Đội Cấn, Ba Đình, Hà Nội","6,35 tỷ",38 m²,3 phòng,3 phòng,4 tầng,Sổ đỏ/ Sổ hồng,Đầy đủ,01/10/2025,11/10/2025,Tin thường,44157932,,,,
"Vinhomes Riverside, Phường Phúc Lợi, Long Biên, Hà Nội",60 tỷ,180 m²,,,,Sổ đỏ/ Sổ hồng,,01/10/2025,11/10/2025,Tin thường,44158133,8 m,,,
"đường Mỹ Đình, Phường Mỹ Đình 2, Nam Từ Liêm, Hà Nội",8 tỷ,40 m²,6 phòng,6 phòng,5 tầng,Sổ đỏ/ Sổ hồng,Đầy đủ,20/10/2025,04/11/2025,Tin thường,44119141,4 m,3 m,,
"Dự án Eurowindow River Park, Đường 5, Xã Đông Hội, Đông Anh, Hà Nội","49,5 triệu/m²","81,2 m²",3 phòng,2 phòng,,Sổ đỏ/ Sổ hồng,,10/10/2025,20/10/2025,Tin thường,43985406,,,Đông - Bắc,Đông - Nam
"Đường Sáp Mai, Xã Kim Chung, Đông Anh, Hà Nội",Thỏa thuận,80 m²,,,,Sổ đỏ/ Sổ hồng,,23/09/2025,03/10/2025,Tin thường,43884759,6 m,,,
"Phố Đại La, Phường Bách Khoa, Hai Bà Trưng, Hà Nội","12,8 tỷ",54 m²,,,4 tầng,Sổ đỏ/ Sổ hồng,Full,10/10/2025,20/10/2025,Tin thường,44087841,4 m,,,
,,,,,,,,,,,,,,,
"Ngõ 385, Đường Hoàng Quốc Việt, Phường Nghĩa Tân, Cầu Giấy, Hà Nội",18 tỷ,46 m²,,,3 tầng,Sổ đỏ/ Sổ hồng,,17/10/2025,01/11/2025,Tin thường,42320291,"3,6 m",,,
"Phường Yên Hòa, Cầu Giấy, Hà Nội",12 tỷ,52 m²,,,,Sổ đỏ/ Sổ hồng,,17/10/2025,01/11/2025,Tin thường,42897392,,,,
"Phố Kim Mã, Phường Kim Mã, Ba Đình, Hà Nội",32 tỷ,40 m²,,,8 tầng,Sổ đỏ/ Sổ hồng,,16/10/2025,31/10/2025,Tin thường,44087831,"4,2 m",,,Tây - Bắc
,,,,,,,,,,,,,,,
"Đường Trịnh Đình Cửu, Phường Phương Liệt, Thanh Xuân, Hà Nội","14,5 tỷ",50 m²,6 phòng,4 phòng,4 tầng,Sổ đỏ/ Sổ hồng,Đầy đủ,23/09/2025,03/10/2025,Tin thường,43197884,4 m,8 m,,
"Phố Tôn Đức Thắng, Phường Văn Miếu - Quốc Tử Giám, Đống Đa, Hà Nội","7,15 tỷ",35 m²,,,4 tầng,Sổ đỏ/ Sổ hồng,,15/10/2025,30/10/2025,Tin thường,44087822,"3,6 m",,,
"Đường Đức Giang, Phường Đức Giang, Long Biên, Hà Nội","13,5 tỷ",100 m²,3 phòng,3 phòng,3 tầng,Sổ đỏ/ Sổ hồng,,26/09/2025,06/10/2025,Tin thường,43673535,,,,
"Đường Xuân La, Phường Xuân La, Tây Hồ, Hà Nội",26 tỷ,70 m²,6 phòng,6 phòng,4 tầng,Sổ đỏ/ Sổ hồng,Đầy đủ,26/09/2025,06/10/2025,Tin thường,44120692,"6,5 m",,,
"Phường Việt Hưng, Long Biên, Hà Nội","26,9 tỷ",121 m²,,,,Sổ đỏ/ Sổ hồng,,26/09/2025,06/10/2025,Tin thường,43523999,5 m,"3,5 m",,
"Đường Ngọc Thụy, Phường Ngọc Thụy, Long Biên, Hà Nội","13,1 tỷ",120 m²,,,,Sổ đỏ/ Sổ hồng.,,26/09/2025,06/10/2025,Tin thường,43278052,"5,83 m",,,
"Phường Ngọc Thụy, Long Biên, Hà Nội","5,5 tỷ",55 m²,,,,Sổ đỏ.,,26/09/2025,06/10/2025,Tin thường,43243428,4 m,,,
"Đường Tư Đình, Phường Long Biên, Long Biên, Hà Nội","22,6 tỷ",120 m²,4 phòng,6 phòng,6 tầng,Sổ đỏ/ Sổ hồng.,Toàn bộ nội thất.,26/09/2025,06/10/2025,Tin thường,41579334,,,,
"Phường Dương Nội, Hà Đông, Hà Nội",10 tỷ,50 m²,,,,Sổ đỏ/ Sổ hồng,,26/09/2025,06/10/2025,Tin thường,44121168,4 m,8 m,,Đông - Nam
"Đường Xuân La, Phường Xuân La, Tây Hồ, Hà Nội","26,5 tỷ",62 m²,5 phòng,4 phòng,4 tầng,Sổ đỏ/ Sổ hồng,Đầy đủ,26/09/2025,06/10/2025,Tin thường,44121166,"6,3 m",8 m,Tây,Tây
"The Zei Mỹ Đình, Lê Đức Thọ, Mỹ Đình 2, Nam Từ Liêm, Hà Nội","92,9 tỷ",265 m²,5 phòng,5 phòng,5 tầng,Sổ đỏ/ Sổ hồng,,09/10/2025,19/10/2025,Tin thường,43513306,15 m,"17,5 m",,
"Phố Hào Nam, Phường Cát Linh, Đống Đa, Hà Nội",42 tỷ,100 m²,,,7 tầng,Sổ đỏ/ Sổ hồng,Đầy đủ,09/10/2025,19/10/2025,Tin thường,38883742,9 m,20 m,,
"Đường Xuân Đỗ, Phường Cự Khối, Long Biên, Hà Nội","10,8 tỷ",99 m²,,,,Sổ đỏ/ Sổ hồng.,,28/09/2025,08/10/2025,Tin thường,40740309,5 m,,,
"Đường Yên Nghĩa, Phường Yên Nghĩa, Hà Đông, Hà Nội","14,5 tỷ",50 m²,,,6 tầng,Sổ đỏ/ Sổ hồng,,28/09/2025,08/10/2025,Tin thường,44131474,,,,
"Dự án The Manor Central Park, Đường Nghiêm Xuân Yêm, Phường Đại Kim, Hoàng Mai, Hà Nội",60 tỷ,207 m²,6 phòng,6 phòng,6 tầng,Sổ đỏ/ Sổ hồng,Cơ bản,28/09/2025,28/10/2025,Tin thường,43629180,5 m,30 m,Tây - Bắc,Đông - Nam
"Đường Hồ Tùng Mậu, Phường Cầu Diễn, Nam Từ Liêm, Hà Nội","26,8 tỷ",50 m²,5 phòng,5 phòng,6 tầng,Sổ đỏ/ Sổ hồng,Đầy đủ,28/09/2025,08/10/2025,Tin thường,43966558,5 m,8 m,,
"Xã Ngũ Hiệp, Thanh Trì, Hà Nội","9,85 tỷ",94 m²,4 phòng,3 phòng,4 tầng,Sổ đỏ/ Sổ hồng,Cơ bản,28/09/2025,28/10/2025,Tin thường,44131471,10 m,6 m,,
,,,,,,,,,,,,,,,
"Đường Trần Duy Hưng, Phường Trung Hòa, Cầu Giấy, Hà Nội","22,5 tỷ",55 m²,4 phòng,4 phòng,6 tầng,Sổ đỏ/ Sổ hồng,Cơ bản,28/09/2025,08/10/2025,Tin thường,43966664,5 m,,,
"Phường Cổ Nhuế 2, Bắc Từ Liêm, Hà Nội","10,2 tỷ",45 m²,10 phòng,,6 tầng,Sổ đỏ/ Sổ hồng,Đầy đủ,28/09/2025,28/10/2025,Tin thường,44131469,,,,
"Thôn Thiên Đông, Xã Mỹ Hưng, Thanh Oai, Hà Nội",65 triệu/m²,"50,6 m²",,,,Sổ đỏ/ Sổ hồng,,17/10/2025,01/11/2025,Tin thường,42654290,"5,5 m","2,2 m",,
"Đường Hồ Tùng Mậu, Phường Cầu Diễn, Nam Từ Liêm, Hà Nội","26,7 tỷ",55 m²,5 phòng,6 phòng,7 tầng,Sổ đỏ/ Sổ hồng,,28/09/2025,08/10/2025,Tin thường,44034731,5 m,10 m,,
"Phường Thành Công, Ba Đình, Hà Nội","24,8 tỷ",58 m²,4 phòng,4 phòng,5 tầng,Sổ đỏ/ Sổ hồng,Đầy đủ,12/10/2025,22/10/2025,Tin thường,44150414,"4,8 m",6 m,Tây - Bắc,Tây - Bắc
"Đường Tố Hữu, Phường Nhân Chính, Thanh Xuân, Hà Nội","49,9 tỷ",120 m²,,,,Sổ đỏ/ Sổ hồng,Cơ bản,12/10/2025,22/10/2025,Tin thường,43824481,,,,
"Phố Trần Đại Nghĩa, Phường Đồng Tâm, Hai Bà Trưng, Hà Nội",78 tỷ,331 m²,4 phòng,4 phòng,4 tầng,Sổ đỏ/ Sổ hồng,,30/09/2025,30/10/2025,Tin thường,44150409,,,,
"Dự án Louis City Đại Mỗ, Đường 70, Phường Đại Mỗ, Nam Từ Liêm, Hà Nội",110 tỷ,120 m²,,,5 tầng,Sổ đỏ/ Sổ hồng,,30/09/2025,30/10/2025,Tin thường,44150403,6 m,,,
"Phố Trần Đại Nghĩa, Phường Trương Định, Hai Bà Trưng, Hà Nội",21 tỷ,70 m²,6 phòng,7 phòng,6 tầng,Sổ đỏ/ Sổ hồng,Đầy đủ,29/09/2025,09/10/2025,Tin thường,44135752,5 m,10 m,Nam,Nam
"Đường Đội Cấn, Phường Đội Cấn, Ba Đình, Hà Nội","12,9 tỷ",60 m²,3 phòng,2 phòng,3 tầng,Sổ đỏ/ Sổ hồng,Đầy đủ,30/09/2025,10/10/2025,Tin thường,44150398,"4,5 m",,,
"Đường Thụy Khuê, Phường Thụy Khuê, Tây Hồ, Hà Nội",18 tỷ,42 m²,6 phòng,7 phòng,7 tầng,Sổ đỏ/ Sổ hồng,Đầy đủ,24/09/2025,04/10/2025,Tin thường,43986682,"4,2 m",15 m,,
"Đường Nguyễn Khang, Phường Yên Hòa, Cầu Giấy, Hà Nội","22,5 tỷ",55 m²,5 phòng,5 phòng,5 tầng,Sổ đỏ/ Sổ hồng,,27/09/2025,07/10/2025,Tin thường,44129574,"5,2 m",6 m,,
"Dự án Vinhomes Global Gate, Đường Cổ Loa, Xã Đông Hội, Đông Anh, Hà Nội","27,5 tỷ","127,8 m²",,,,Hợp đồng mua bán,Cơ bản,30/09/2025,30/10/2025,Tin thường,44150393,18 m,17 m,Tây - Nam,Đông - Nam
"Phường Kiến Hưng, Hà Đông, Hà Nội","13,8 tỷ",50 m²,4 phòng,,5 tầng,Sổ đỏ/ Sổ hồng,Đầy đủ,30/09/2025,15/10/2025,Tin thường,44150384,4 m,8 m,,
"Khai Sơn City, Phường Ngọc Thụy, Long Biên, Hà Nội",Thỏa thuận,120 m²,3 phòng,3 phòng,,Hợp đồng mua bán,Cơ bản,16/10/2025,23/10/2025,Tin VIP Vàng,43498496,,,Tây - Bắc,Đông - Nam
"Đường Xa La, Phường Phúc La, Hà Đông, Hà Nội",28 tỷ,"214,7 m²",5 phòng,2 phòng,3 tầng,Sổ đỏ/ Sổ hồng,,29/09/2025,14/10/2025,Tin thường,43693288,"11,5 m","3,5 m",Đông - Nam,Đông - Nam
"Dự án Sunshine Golden River, Phường Phú Thượng, Tây Hồ, Hà Nội",Thỏa thuận,141 m²,3 phòng,2 phòng,,,,07/10/2025,14/10/2025,Tin thường,43695219,,,,
"Đường Ngọc Lâm, Phường Ngọc Lâm, Long Biên, Hà Nội",20 tỷ,80 m²,8 phòng,,6 tầng,Sổ đỏ/ Sổ hồng,,29/09/2025,14/10/2025,Tin thường,44138860,8 m,,,Nam
"An Bình Homeland, Dương Nội, Hà Đông, Hà Nội",70 triệu/m²,68 m²,2 phòng,2 phòng,,Hợp đồng mua bán,Cơ bản,11/10/2025,26/10/2025,Tin thường,44138806,,,Nam,Nam
"Dự án Goldmark City, Đường Hồ Tùng Mậu, Phường Phú Diễn, Bắc Từ Liêm, Hà Nội","7,5 tỷ",93 m²,2 phòng,2 phòng,,Sổ đỏ/ Sổ hồng,Đầy đủ,29/09/2025,06/10/2025,Tin thường,43998531,,,,Đông - Nam
"Dự án Vincity Đan Phượng, Đường Tỉnh Lộ 442, Xã Tân Hội, Đan Phượng, Hà Nội","14,7 tỷ",96 m²,,,4 tầng,Sổ đỏ lâu dài.,Hoàn thiện mặt ngoài.,07/10/2025,14/10/2025,Tin thường,42918653,8 m,40 m,,
"Đường 21, Xã Nam Phương Tiến, Huyện Chương Mỹ, Hà Nội","16,4 tỷ",4.100 m²,,,,Đang chờ sổ,,29/09/2025,09/10/2025,Tin thường,44138361,,,,Đông
"Phường Khương Đình, Thanh Xuân, Hà Nội",58 tỷ,100 m²,,,9 tầng,Sổ đỏ,,29/09/2025,06/10/2025,Tin thường,44138048,8 m,,,
"Xã Tiến Xuân, Thạch Thất, Hà Nội","1,79 tỷ",1.450 m²,,,,Sổ đỏ/ Sổ hồng,,29/09/2025,06/10/2025,Tin thường,44137264,,7 m,,Đông - Nam
"Xã Vạn Nhất, Thường Tín, Hà Nội","2,25 tỷ",107 m²,,,,Sổ đỏ/ Sổ hồng,,30/09/2025,10/10/2025,Tin thường,44146598,,,,
"Xã Tân Xã, Thạch Thất, Hà Nội","21,49 triệu/m²",95 m²,,,,,,25/09/2025,10/10/2025,Tin thường,44104206,6 m,,,
"Đường Bắc Cầu 3, Phường Ngọc Thụy, Long Biên, Hà Nội","3,3 tỷ","33,3 m²",,,,Sổ đỏ/ Sổ hồng.,,01/10/2025,11/10/2025,Tin thường,43904519,"7,5 m","2,3 m",,Tây
"Phố Bùi Ngọc Dương, Phường Bạch Mai, Hai Bà Trưng, Hà Nội","2,68 tỷ",35 m²,1 phòng,1 phòng,1 tầng,Sổ đỏ/ Sổ hồng,Nội thất cao cấp,01/10/2025,16/10/2025,Tin thường,44067064,"3,5 m",3 m,,
"Đường Lạc Long Quân, Phường Bưởi, Tây Hồ, Hà Nội",Thỏa thuận,160 m²,,,,Sổ đỏ/ Sổ hồng,,06/10/2025,16/10/2025,Tin thường,44116058,,5 m,,
"Vĩnh Hưng, Vĩnh Hưng, Hoàng Mai, Hà Nội","6,5 tỷ",35 m²,3 phòng,4 phòng,5 tầng,Sổ đỏ/ Sổ hồng,Đầy đủ,28/09/2025,08/10/2025,Tin thường,44132187,,4 m,,
"Thị trấn Chúc Sơn, Chương Mỹ, Hà Nội","2,5 tỷ",151 m²,,,,Sổ đỏ/ Sổ hồng,,01/10/2025,11/10/2025,Tin thường,44158058,23 m,8 m,,Đông
"Đường 6, Thị trấn Chúc Sơn, Chương Mỹ, Hà Nội","2,85 tỷ","30,9 m²",,,,Sổ đỏ/ Sổ hồng,,29/09/2025,09/10/2025,Tin thường,43987642,"5,48 m",3 m,,Tây - Bắc
"Xã Thanh Liệt, Thanh Trì, Hà Nội","8,5 tỷ",38 m²,4 phòng,3 phòng,4 tầng,Sổ đỏ/ Sổ hồng,Đầy đủ,01/10/2025,11/10/2025,Tin thường,44158127,"3,5 m","3,6 m",,Đông - Nam
"Đường Tôn Thất Tùng, Phường Khương Thượng, Đống Đa, Hà Nội","33,9 tỷ",99 m²,10 phòng,11 phòng,7 tầng,Sổ đỏ/ Sổ hồng,Đầy đủ,14/10/2025,24/10/2025,Tin thường,44042195,"5,5 m",6 m,Đông,Đông
"Đường Tư Đình, Phường Long Biên, Long Biên, Hà Nội",5 tỷ,35 m²,3 phòng,4 phòng,5 tầng,Sổ đỏ/ Sổ hồng,Đầy đủ,05/10/2025,15/10/2025,Tin thường,42554881,4 m,,Đông,Đông
"Dự án Trung Hòa Nhân Chính, Phố Hoàng Đạo Thúy, Phường Trung Hòa, Cầu Giấy, Hà Nội","6,1 tỷ",71 m²,3 phòng,2 phòng,,Sổ đỏ/ Sổ hồng,Đầy đủ,16/10/2025,31/10/2025,Tin thường,44096362,,,,
"Dự án Solasta Mansion, Đường Tố Hữu, Phường Dương Nội, Hà Đông, Hà Nội",Thỏa thuận,170 m²,,,,,,06/10/2025,16/10/2025,Tin thường,43855638,,,,
"Đường Ngọc Thụy, Phường Ngọc Thụy, Long Biên, Hà Nội","22,87 tỷ",60 m²,5 phòng,7 phòng,8 tầng,Sổ đỏ/ Sổ hồng,Full nội thất.,18/09/2025,19/10/2025,Tin thường,43825316,,6 m,Bắc,Bắc
"Dự án Athena Fulland, Đường Nguyễn Xiển, Phường Đại Kim, Hoàng Mai, Hà Nội",35 tỷ,89 m²,,,5 tầng,Sổ đỏ/ Sổ hồng,,25/09/2025,25/10/2025,Tin thường,44105536,"7,2 m",,,
"Đường Cổ Linh, Phường Long Biên, Long Biên, Hà Nội","18,69 tỷ",50 m²,4 phòng,7 phòng,8 tầng,Sổ đỏ/ Sổ hồng,Đầy đủ.,14/09/2025,15/10/2025,Tin thường,43799104,4 m,6 m,Tây - Nam,Tây - Nam
"Đường Huỳnh Thúc Kháng, Phường Láng Hạ, Đống Đa, Hà Nội","22,9 tỷ",50 m²,4 phòng,5 phòng,6 tầng,Sổ đỏ/ Sổ hồng,Cơ bản,15/10/2025,25/10/2025,Tin thường,43704723,5 m,13 m,,
"Tòa nhà 101 Láng Hạ, Láng Hạ, Láng Hạ, Đống Đa, Hà Nội","12,9 tỷ",170 m²,3 phòng,2 phòng,,Sổ đỏ/ Sổ hồng,Đầy đủ,05/10/2025,15/10/2025,Tin thường,43385095,,,Đông - Nam,Đông - Bắc
"Đường Giáp Bát, Phường Giáp Bát, Hoàng Mai, Hà Nội","25,5 tỷ",103 m²,6 phòng,4 phòng,5 tầng,Sổ đỏ/ Sổ hồng,Cơ bản,25/09/2025,05/10/2025,Tin thường,43823390,"4,3 m",10 m,,
"Đường Cù Chính Lan, Phường Khương Mai, Thanh Xuân, Hà Nội","10,5 tỷ",21 m²,3 phòng,3 phòng,6 tầng,Sổ đỏ/ Sổ hồng,Đầy đủ,06/10/2025,16/10/2025,Tin thường,44105040,"4,5 m",12 m,,
"Đường Võ Thị Sáu, Phường Thanh Nhàn, Hai Bà Trưng, Hà Nội",170 triệu/m²,85 m²,3 phòng,3 phòng,3 tầng,Sổ đỏ/ Sổ hồng,Đầy đủ,29/09/2025,09/10/2025,Tin thường,44003696,8 m,5 m,,
"Phường Đông Ngạc, Bắc Từ Liêm, Hà Nội",16 tỷ,120 m²,,,3 tầng,,,01/10/2025,11/10/2025,Tin thường,44045145,6 m,40 m,,
"Phố Nghĩa Đô, Phường Nghĩa Đô, Cầu Giấy, Hà Nội","25,5 tỷ",75 m²,,,4 tầng,Sổ đỏ,,11/10/2025,21/10/2025,Tin thường,44072386,"4,5 m",,,
"Đường Trương Định, Phường Giáp Bát, Hoàng Mai, Hà Nội","7,5 tỷ",42 m²,4 phòng,4 phòng,5 tầng,Sổ đỏ/ Sổ hồng,Đầy đủ,10/10/2025,20/10/2025,Tin thường,44137241,4 m,"2,5 m",,
"Hoàng Thành Pearl, Số 55, Đường Nguyễn Văn Giáp, Phường Cầu Diễn, Nam Từ Liêm, Hà Nội",7 tỷ,80 m²,2 phòng,2 phòng,,Sổ đỏ/ Sổ hồng,Đầy đủ,13/10/2025,23/10/2025,Tin thường,43935850,,,Đông - Bắc,Tây - Nam
"100, Đường Nguyễn Chí Thanh, Phường Láng Thượng, Đống Đa, Hà Nội","8,8 tỷ",35 m²,3 phòng,4 phòng,5 tầng,Sổ đỏ/ Sổ hồng,Đầy đủ,01/10/2025,11/10/2025,Tin thường,44162623,"4,2 m",,,
"Đường Hoàng Mai, Phường Hoàng Văn Thụ, Hoàng Mai, Hà Nội","7,5 tỷ",32 m²,,,5 tầng,Sổ đỏ/ Sổ hồng,Cơ bản,10/10/2025,20/10/2025,Tin thường,44137715,"4,5 m",3 m,,
"Đường Trương Định, Phường Trương Định, Hai Bà Trưng, Hà Nội",7 tỷ,32 m²,4 phòng,4 phòng,5 tầng,Sổ đỏ/ Sổ hồng,Cơ bản,10/10/2025,20/10/2025,Tin thường,44135320,4 m,2 m,,
"Dự án Phương Đông Green Home, Đường Phan Văn Đáng, Phường Đức Giang, Long Biên, Hà Nội","5,41 tỷ",80 m²,3 phòng,2 phòng,,,,24/09/2025,09/10/2025,Tin thường,44099705,,,,
"Phố Hoàng Cầu, Phường Ô Chợ Dừa, Đống Đa, Hà Nội",26 tỷ,75 m²,7 phòng,7 phòng,7 tầng,Sổ đỏ/ Sổ hồng,Đầy đủ,18/10/2025,02/11/2025,Tin thường,42101342,6 m,,,
"Đường Giang Văn Minh, Phường Đội Cấn, Ba Đình, Hà Nội",305 tỷ,260 m²,30 phòng,32 phòng,10 tầng,Sổ đỏ/ Sổ hồng,Đầy đủ,21/10/2025,05/11/2025,Tin thường,43514086,15 m,,,
"Phường Phúc Lợi, Long Biên, Hà Nội","5,5 tỷ",63 m²,,,,Sổ đỏ/ Sổ hồng,,23/09/2025,03/10/2025,Tin thường,44087964,"5,35 m",,,
"Đường Hoàng Quốc Việt, Phường Nghĩa Đô, Cầu Giấy, Hà Nội",250 tỷ,299 m²,5 phòng,10 phòng,9 tầng,,,17/10/2025,01/11/2025,Tin thường,43226088,8 m,,,
"Đường Nguyễn Tuân, Phường Thanh Xuân Trung, Thanh Xuân, Hà Nội","18,6 tỷ",56 m²,,,,Sổ đỏ/ Sổ hồng,,22/09/2025,02/10/2025,Tin thường,42083391,,,,
"Xã Tráng Việt, Mê Linh, Hà Nội",Thỏa thuận,"115,2 m²",,,,Sổ đỏ/ Sổ hồng,,28/09/2025,08/10/2025,Tin thường,44130187,6 m,10 m,,
"Đường Nguyễn Khả Trạc, Phường Mai Dịch, Cầu Giấy, Hà Nội",34 tỷ,55 m²,4 phòng,7 phòng,8 tầng,,,28/09/2025,08/10/2025,Tin thường,43823804,,,,
"Hong Kong Tower, Đê La Thành, Láng Thượng, Đống Đa, Hà Nội",115 triệu/m²,97 m²,3 phòng,2 phòng,,,,06/10/2025,16/10/2025,Tin thường,44114307,,,,
"Hong Kong Tower, 243A, Đường Đê La Thành, Phường Láng Thượng, Đống Đa, Hà Nội",110 triệu/m²,94 m²,3 phòng,2 phòng,,,Full đồ cao cấp.,06/10/2025,16/10/2025,Tin thường,44114467,,,,
"Phụng Châu, Chương Mỹ, Hà Nội","3,2 tỷ",35 m²,3 phòng,3 phòng,4 tầng,Sổ đỏ/ Sổ hồng,Cơ bản,26/09/2025,06/10/2025,Tin thường,43943987,,"2,5 m",,
"31, Đường Nguyễn Chí Thanh, Phường Ngọc Khánh, Ba Đình, Hà Nội","6,3 tỷ",90 m²,,,,Sổ đỏ/ Sổ hồng,,22/10/2025,06/11/2025,Tin thường,44115299,,,,
"Dự án N03-T3&T4 Ngoại Giao Đoàn, Phường Xuân Đỉnh, Bắc Từ Liêm, Hà Nội",60 triệu/m²,130 m²,3 phòng,2 phòng,,,,09/10/2025,19/10/2025,Tin thường,35428268,,,,
"Nguyễn Văn Linh, Phúc Đồng, Long Biên, Hà Nội",9 tỷ,35 m²,,,4 tầng,Sổ đỏ/ Sổ hồng,Đầy đủ,29/09/2025,09/10/2025,Tin thường,44132839,"4,7 m",,,
"Dự án C14 - Bộ Công An, Đường Tố Hữu, Phường Trung Văn, Nam Từ Liêm, Hà Nội.",7 tỷ,100 m²,3 phòng,2 phòng,,Sổ đỏ/ Sổ hồng.,"Đầy đủ nhà full nội thất. Nhà nội thất đẹp mới, ở giữ gìn sạch sẽ, sổ đỏ chính chủ.",14/10/2025,24/10/2025,Tin thường,40799764,,,,Đông - Nam
"Phường Sơn Lộc, Sơn Tây, Hà Nội","2,1 tỷ","49,2 m²",,,,Sổ đỏ/ Sổ hồng,,29/09/2025,09/10/2025,Tin thường,44141656,4 m,4 m,,
"Chung cư PCC1 Triều Khúc, Triều Khúc, Thanh Xuân Bắc, Thanh Xuân, Hà Nội","5,4 tỷ",60 m²,2 phòng,2 phòng,,Sổ đỏ/ Sổ hồng,,29/09/2025,09/10/2025,Tin thường,44141655,,,,
"Dự án N01-T8 Ngoại Giao Đoàn, Phường Xuân Tảo, Bắc Từ Liêm, Hà Nội",12 tỷ,136 m²,4 phòng,3 phòng,,,"Có full nội thất cao cấp (sàn gỗ, trần thạch cao, điều hòa âm trần 2 chiều, tủ bếp, bếp, thiết bị vệ sinh cao cấp, cửa khóa vân tay... ).",09/10/2025,19/10/2025,Tin thường,28061984,,,Đông - Nam,
"Đường Nguyễn Cao, Phường Đồng Nhân, Hai Bà Trưng, Hà Nội","6,2 tỷ",30 m²,3 phòng,,5 tầng,Sổ đỏ/ Sổ hồng,,10/10/2025,20/10/2025,Tin thường,43890156,,,Đông - Bắc,Đông - Bắc
"Phố Lò Đúc, Phường Đồng Tâm, Hai Bà Trưng, Hà Nội",6 tỷ,35 m²,3 phòng,4 phòng,4 tầng,Sổ đỏ/ Sổ hồng,,17/09/2025,02/10/2025,Tin thường,43590750,,,,
"Dự án BID Residence, Đường Tố Hữu, Phường La Khê, Hà Đông, Hà Nội",Thỏa thuận,79 m²,2 phòng,2 phòng,,Hợp đồng mua bán,Cơ bản,29/09/2025,09/10/2025,Tin thường,43481351,,,,
"Đường Vĩnh Hưng, Phường Lĩnh Nam, Hoàng Mai, Hà Nội",7 tỷ,36 m²,4 phòng,5 phòng,4 tầng,Sổ đỏ/ Sổ hồng,Cơ bản,29/09/2025,29/10/2025,Tin thường,44141652,4 m,3 m,,
"Phố Chùa Láng, Phường Láng Thượng, Đống Đa, Hà Nội",Thỏa thuận,135 m²,,,8 tầng,Sổ đỏ/ Sổ hồng,Full nội thất.,24/09/2025,04/10/2025,Tin thường,44007983,"6,3 m",,,
"Langs Village , Chùa Láng, Láng Thượng, Đống Đa, Hà Nội",Thỏa thuận,118 m²,,,,,,10/10/2025,20/10/2025,Tin thường,44008177,5 m,,,
"Dự án Thanh Hà Mường Thanh, Phường Kiến Hưng, Hà Đông, Hà Nội",Thỏa thuận,200 m²,,,,Hợp đồng mua bán,,10/09/2025,10/10/2025,Tin thường,39355954,10 m,14 m,,
"Thôn Lộc Hà, Xã Mai Lâm, Đông Anh, Hà Nội",15 tỷ,"100,5 m²",,,,Sổ đỏ/ Sổ hồng,,21/10/2025,05/11/2025,Tin thường,43833936,"6,7 m",,,Tây - Bắc
"Xã Mai Lâm, Đông Anh, Hà Nội","12,8 tỷ",80 m²,,,,Sổ đỏ/ Sổ hồng,,14/10/2025,24/10/2025,Tin thường,43736281,5 m,13 m,,
"Đường Hoàng Văn Thái, Phường Khương Mai, Thanh Xuân, Hà Nội","16,5 tỷ",70 m²,4 phòng,2 phòng,2 tầng,Sổ đỏ/ Sổ hồng.,,24/09/2025,04/10/2025,Tin thường,44007032,"4,5 m",7 m,,
"Dự án Jade Square, Đường Nguyễn Đình Tứ, Phường Đông Ngạc, Bắc Từ Liêm, Hà Nội",Thỏa thuận,76 m²,2 phòng,2 phòng,,Hợp đồng mua bán.,Cơ bản,10/09/2025,10/10/2025,Tin thường,43419250,,,Đông - Nam,
"Xã Mai Lâm, Đông Anh, Hà Nội","9,53 tỷ","79,4 m²",,,,Sổ đỏ/ Sổ hồng,,15/10/2025,25/10/2025,Tin thường,43276128,5 m,6 m,,
"Chung cư 345 Đội Cấn, Đường Đội Cấn, Phường Đội Cấn, Ba Đình, Hà Nội","8,4 tỷ",90 m²,3 phòng,2 phòng,,Sổ đỏ/ Sổ hồng,Đầy đủ,24/09/2025,04/10/2025,Tin thường,44093612,,,Đông - Bắc,Tây - Nam
"Đường Lạc Long Quân, Phường Xuân La, Tây Hồ, Hà Nội",46 tỷ,110 m²,,,,Sổ đỏ/ Sổ hồng,,24/09/2025,04/10/2025,Tin thường,44092815,"5,5 m",6 m,,
"Đường Ô Đồng Lâm, Phường Khâm Thiên, Đống Đa, Hà Nội","8,6 tỷ",30 m²,5 phòng,6 phòng,7 tầng,Sổ đỏ/ Sổ hồng,Đầy đủ,13/09/2025,14/10/2025,Tin thường,44010352,,,,
"Phố Hồng Mai, Phường Bạch Mai, Hai Bà Trưng, Hà Nội","3,95 tỷ",80 m²,3 phòng,2 phòng,,Sổ đỏ/ Sổ hồng,Đầy đủ,01/10/2025,31/10/2025,Tin thường,44153934,,,,
"Ngõ 1, Đường Bùi Xương Trạch, Phường Khương Trung, Thanh Xuân, Hà Nội","8,3 tỷ",32 m²,3 phòng,4 phòng,5 tầng,Sổ đỏ/ Sổ hồng,Đầy đủ,01/10/2025,16/10/2025,Tin thường,44153930,"3,5 m",,,
"Phường Quan Hoa, Cầu Giấy, Hà Nội","11,5 tỷ",40 m²,4 phòng,4 phòng,5 tầng,Sổ đỏ/ Sổ hồng,Đầy đủ,17/10/2025,01/11/2025,Tin thường,43967545,,,,
"Đường Lạc Long Quân, Phường Nghĩa Đô, Cầu Giấy, Hà Nội","41,9 tỷ",125 m²,4 phòng,,,Sổ đỏ/ Sổ hồng,Đầy đủ,01/10/2025,11/10/2025,Tin thường,44153926,,,,
"Phường Thượng Thanh, Quận Long Biên, Hà Nội","16,9 tỷ",75 m²,,,4 tầng,Sổ đỏ/ Sổ hồng,Cơ bản,01/10/2025,31/10/2025,Tin thường,44153923,,13 m,,
"Đường Thành Thái, Phường Dịch Vọng Hậu, Cầu Giấy, Hà Nội",145 tỷ,205 m²,6 phòng,6 phòng,6 tầng,Sổ đỏ/ Sổ hồng,Đầy đủ,30/09/2025,10/10/2025,Tin thường,44153911,15 m,30 m,,
"Dự án The Paris - Vinhomes Ocean Park, Xã Đa Tốn, Gia Lâm, Hà Nội","5,42 tỷ","74,1 m²",2 phòng,2 phòng,,Sổ đỏ/ Sổ hồng,Cơ bản,30/09/2025,10/10/2025,Tin thường,44153907,,,Tây - Bắc,Tây - Bắc
"Phố Pháo Đài Láng, Phường Láng Thượng, Đống Đa, Hà Nội","29,3 tỷ",65 m²,5 phòng,,6 tầng,Sổ đỏ/ Sổ hồng,Cơ bản,11/10/2025,21/10/2025,Tin thường,44153910,"4,5 m",,,
"Dự án The London - Vinhomes Ocean Park, Đường Lý Thánh Tông, Xã Dương Xá, Gia Lâm, Hà Nội","4,56 tỷ",64 m²,2 phòng,2 phòng,,Hợp đồng mua bán,Cơ bản,11/10/2025,21/10/2025,Tin thường,44153900,,,Tây - Nam,Đông - Bắc
"Đường 420, Xã Hạ Bằng, Thạch Thất, Hà Nội","3,2 tỷ",60 m²,,,,Sổ đỏ/ Sổ hồng,,26/09/2025,06/10/2025,Tin thường,44113139,5 m,8 m,,Đông - Nam
"Phố Thái Hà, Phường Trung Liệt, Đống Đa, Hà Nội",37 tỷ,56 m²,8 phòng,9 phòng,9 tầng,Sổ đỏ/ Sổ hồng,Đầy đủ,24/09/2025,04/10/2025,Tin thường,44009039,5 m,10 m,,
"420, Bình Yên, Thạch Thất, Hà Nội",Thỏa thuận,150 m²,,,,Sổ đỏ/ Sổ hồng,,12/10/2025,22/10/2025,Tin thường,43392544,6 m,24 m,,Đông - Nam
"Đường Vũ Thạnh, Phường Ô Chợ Dừa, Đống Đa, Hà Nội","13,99 tỷ",59 m²,4 phòng,5 phòng,4 tầng,Sổ đỏ/ Sổ hồng,Cơ bản,26/09/2025,06/10/2025,Tin thường,44113061,4 m,5 m,,
"Đường 87A, Xã Vân Hòa, Ba Vì, Hà Nội",Thỏa thuận,350 m²,,,,Sổ đỏ/ Sổ hồng,,09/10/2025,19/10/2025,Tin thường,44114413,12 m,5 m,,Bắc
"Đường Trần Nhân Tông, Phường Bùi Thị Xuân, Hai Bà Trưng, Hà Nội",30 tỷ,41 m²,,,5 tầng,Sổ đỏ,,16/10/2025,31/10/2025,Tin thường,43435272,4 m,,,
"Đường Lê Đức Thọ, Phường Mỹ Đình 2, Nam Từ Liêm, Hà Nội",9 tỷ,40 m²,,,,Sổ đỏ/ Sổ hồng,Đầy đủ,26/09/2025,06/10/2025,Tin thường,44114411,,,,
"Xã Thanh Mai, Thanh Oai, Hà Nội","2,8 tỷ",80 m²,,,,Sổ đỏ/ Sổ hồng,,26/09/2025,06/10/2025,Tin thường,43902880,5 m,"3,5 m",,
"Dự án Thành Công Tower 57 Láng Hạ, Phố Láng Hạ, Phường Thành Công, Ba Đình, Hà Nội",75 triệu/m²,190 m²,4 phòng,2 phòng,,,,26/09/2025,06/10/2025,Tin thường,38714529,,,,
"21A, Thạch Hòa, Thạch Thất, Hà Nội",Thỏa thuận,150 m²,,,,Sổ đỏ/ Sổ hồng,,21/10/2025,28/10/2025,Tin VIP Bạc,43360985,6 m,20 m,,Nam
"Đường Nhân Huệ, Phường Đồng Mai, Hà Đông, Hà Nội","4,15 tỷ",42 m²,,,,Sổ đỏ/ Sổ hồng,,30/09/2025,10/10/2025,Tin thường,44153384,"4,47 m","2,3 m",,
"Đường Xuân Diệu, Phường Quảng An, Tây Hồ, Hà Nội","8,29 tỷ",35 m²,,,6 tầng,,,01/10/2025,11/10/2025,Tin thường,44162616,,,,
"Phố Đại Đồng, Xã Đại Mạch, Đông Anh, Hà Nội","6,5 tỷ",85 m²,,,3 tầng,Sổ đỏ/ Sổ hồng,Cơ bản,15/10/2025,25/10/2025,Tin thường,44162613,"5,4 m","5,2 m",,
"Dự án Ruby Park, Đường Phúc Lợi, Phường Phúc Lợi, Long Biên, Hà Nội","4,75 tỷ","73,1 m²",2 phòng,2 phòng,,Hợp đồng mua bán,Cơ bản,01/10/2025,31/10/2025,Tin thường,44162612,,,Đông - Nam,
"Đường Trần Kim Xuyến, Phường Yên Hòa, Cầu Giấy, Hà Nội",175 tỷ,400 m²,3 phòng,3 phòng,4 tầng,Sổ đỏ/ Sổ hồng,Đầy đủ,01/10/2025,11/10/2025,Tin thường,43864562,17 m,,,
"Đường Phú Đô, Phường Phú Đô, Nam Từ Liêm, Hà Nội","8,58 tỷ",55 m²,10 phòng,9 phòng,6 tầng,Sổ đỏ/ Sổ hồng,Đầy đủ,19/10/2025,03/11/2025,Tin thường,42997145,,,,
"Xã Hợp Thanh, Mỹ Đức, Hà Nội",850 triệu,"49,3 m²",,,,Sổ đỏ/ Sổ hồng,,12/10/2025,22/10/2025,Tin thường,44134353,,,,
"Đường Giang Biên, Phường Việt Hưng, Long Biên, Hà Nội","6,28 tỷ",31 m²,3 phòng,4 phòng,6 tầng,Sổ đỏ/ Sổ hồng,,11/10/2025,21/10/2025,Tin thường,44154139,,,,
"Đường Rạng Đông, Phường Biên Giang, Hà Đông, Hà Nội","2,7 tỷ","37,1 m²",,,,Sổ đỏ/ Sổ hồng,,13/10/2025,23/10/2025,Tin thường,44143811,"4,7 m",3 m,,
"Đường 5, Xã Mai Lâm, Đông Anh, Hà Nội",100 triệu/m²,432 m²,,,,Sổ đỏ/ Sổ hồng,,02/10/2025,12/10/2025,Tin thường,44073907,"15,5 m","4,5 m",,Tây - Bắc
"đường Mỹ Đình, Phường Mỹ Đình 1, Nam Từ Liêm, Hà Nội","6,3 tỷ","35,2 m²",3 phòng,4 phòng,5 tầng,Sổ đỏ/ Sổ hồng,Đầy đủ,17/10/2025,01/11/2025,Tin thường,44074449,"3,8 m","2,8 m",,
"Đường Đình Thôn, Phường Mỹ Đình 1, Nam Từ Liêm, Hà Nội","6,3 tỷ",35 m²,3 phòng,4 phòng,,Sổ đỏ/ Sổ hồng,Đầy đủ,13/10/2025,23/10/2025,Tin thường,44074763,"3,8 m",2 m,,
"Đường Xuân Thủy, Phường Dịch Vọng Hậu, Cầu Giấy, Hà Nội","13,8 tỷ",62 m²,16 phòng,16 phòng,7 tầng,Sổ đỏ/ Sổ hồng.,Đầy đủ,22/09/2025,02/10/2025,Tin thường,44071079,,,,
"Khu đô thị mới La Khê, La Khê, Hà Đông, Hà Nội",20 tỷ,83 m²,6 phòng,4 phòng,5 tầng,Sổ đỏ/ Sổ hồng,Đầy đủ,28/09/2025,08/10/2025,Tin thường,44130182,5 m,17 m,,
"Đường Quan Hoa, Phường Nghĩa Đô, Cầu Giấy, Hà Nội","24,88 tỷ",52 m²,5 phòng,5 phòng,6 tầng,Sổ đỏ/ Sổ hồng,Cơ bản,28/09/2025,08/10/2025,Tin thường,44010349,5 m,8 m,Nam,Nam
"Việt Hưng, Long Biên, Hà Nội","7,65 tỷ",32 m²,4 phòng,5 phòng,6 tầng,Sổ đỏ/ Sổ hồng,,12/10/2025,22/10/2025,Tin thường,44130163,,,,
"Phố Bạch Mai, Phường Bạch Mai, Hai Bà Trưng, Hà Nội","3,15 tỷ",18 m²,2 phòng,2 phòng,3 tầng,Sổ đỏ/ Sổ hồng,Đầy đủ,28/09/2025,08/10/2025,Tin thường,44130157,,,,
"Đường Phú Vinh, Xã An Khánh, Hoài Đức, Hà Nội",195 triệu/m²,45 m²,,,,Sổ đỏ/ Sổ hồng.,,09/10/2025,19/10/2025,Tin thường,44116018,"4,4 m",11 m,,Bắc
"Phố Thái Thịnh, Phường Trung Liệt, Đống Đa, Hà Nội","2,63 tỷ",48 m²,2 phòng,1 phòng,,Sổ đỏ/ Sổ hồng,Cơ bản,28/09/2025,08/10/2025,Tin thường,43788472,,,,
"Đường Quang Trung, Phường Quang Trung, Hà Đông, Hà Nội","11,5 tỷ",80 m²,4 phòng,3 phòng,4 tầng,Sổ đỏ/ Sổ hồng,Cơ bản,26/09/2025,06/10/2025,Tin thường,44120750,"3,8 m",3 m,,
"Dự án Thanh Xuân Complex, Phố Lê Văn Thiêm, Phường Thanh Xuân Trung, Thanh Xuân, Hà Nội","8,5 tỷ","85,7 m²",2 phòng,2 phòng,,,Nội thất: Cơ bản.,29/09/2025,09/10/2025,Tin thường,44141438,,,Đông - Bắc,Đông - Nam
"Dự án N01-T6 Ngoại Giao Đoàn, Phường Xuân Tảo, Bắc Từ Liêm, Hà Nội",Thỏa thuận,"107,5 m²",3 phòng,2 phòng,,,,09/10/2025,19/10/2025,Tin thường,38190708,,,,
"Dự án Diamond Flower Tower, Phố Hoàng Đạo Thúy, Phường Nhân Chính, Thanh Xuân, Hà Nội",10 tỷ,122 m²,3 phòng,2 phòng,,Sổ đỏ/ Sổ hồng,Đầy đủ,11/10/2025,21/10/2025,Tin thường,44050040,,,,
"Dự án Park Kiara, Đường Lê Trọng Tấn, Phường La Khê, Hà Đông, Hà Nội",29 tỷ,200 m²,3 phòng,3 phòng,,Sổ đỏ/ Sổ hồng,Đầy đủ,20/10/2025,04/11/2025,Tin thường,44049321,,,Tây - Nam,Đông - Bắc
"Phường Vạn Phúc, Hà Đông, Hà Nội","7,85 tỷ",40 m²,3 phòng,,6 tầng,Sổ đỏ/ Sổ hồng,,09/10/2025,19/10/2025,Tin thường,44058820,4 m,3 m,,
"Đường Vũ Trọng Phụng, Phường Nhân Chính, Thanh Xuân, Hà Nội",38 tỷ,70 m²,,,,Sổ đỏ/ Sổ hồng,Đầy đủ,29/09/2025,09/10/2025,Tin thường,44141640,5 m,30 m,,
"Hạ Đình Tower, Hạ Đình, Thanh Xuân Trung, Thanh Xuân, Hà Nội","7,6 tỷ",118 m²,,,,Sổ đỏ/ Sổ hồng,Đầy đủ,10/10/2025,20/10/2025,Tin thường,44027047,,,Đông - Nam,Tây - Bắc
"Văn Khê, Phường La Khê, Hà Đông, Hà Nội",Thỏa thuận,"82,5 m²",5 phòng,4 phòng,5 tầng,Sổ đỏ/ Sổ hồng,Cơ bản,29/09/2025,09/10/2025,Tin thường,44048173,,,,
"Dự án Tân Việt Tower, Đường Quốc lộ 32, Xã Đức Thượng, Hoài Đức, Hà Nội",Thỏa thuận,87 m²,,,,Sổ đỏ/ Sổ hồng,,21/10/2025,05/11/2025,Tin thường,30956566,5 m,12 m,,
"Dự án Kosmo Tây Hồ, Đường Xuân La, Phường Xuân Tảo, Bắc Từ Liêm, Hà Nội",Thỏa thuận,84 m²,2 phòng,,,,,29/09/2025,09/10/2025,Tin thường,20807834,,,,
"Dự án Chung cư Đại Thanh, Đường Phan Trọng Tuệ, Xã Tả Thanh Oai, Thanh Trì, Hà Nội",Thỏa thuận,77 m²,2 phòng,2 phòng,,Sổ đỏ/ Sổ hồng,,24/09/2025,04/10/2025,Tin thường,44093611,,,Đông - Nam,Tây - Bắc
"Dự án The Diamond Point, Đường Nguyễn Lam, Phường Phúc Đồng, Long Biên, Hà Nội",Thỏa thuận,"142,4 m²",,,5 tầng,Sổ đỏ/ Sổ hồng,"Hoàn thiện mặt ngoài, Thô bên trong",22/09/2025,22/10/2025,Tin thường,41322962,"7,2 m",17 m,,Tây - Nam
"Đường Tam Trinh, Phường Mai Động, Hoàng Mai, Hà Nội","4,5 tỷ",31 m²,3 phòng,4 phòng,4 tầng,Sổ đỏ/ Sổ hồng,,24/09/2025,04/10/2025,Tin thường,44092597,4 m,"2,5 m",,
"Dự án Nam Trung Yên, Đường Phạm Hùng, Phường Trung Hòa, Cầu Giấy, Hà Nội",Thỏa thuận,56 m²,2 phòng,1 phòng,,Sổ đỏ/ Sổ hồng,Đầy đủ,24/09/2025,04/10/2025,Tin thường,44093607,,,Tây - Nam,Đông - Bắc
"Phường Cổ Nhuế 2, Bắc Từ Liêm, Hà Nội","23,55 tỷ",112 m²,8 phòng,5 phòng,3 tầng,Sổ đỏ/ Sổ hồng,Cơ bản,24/09/2025,04/10/2025,Tin thường,44093126,8 m,8 m,,
"Đường Lạc Hồng, Phường Khương Đình, Thanh Xuân, Hà Nội","1,8 tỷ",34 m²,1 phòng,1 phòng,1 tầng,Hợp đồng mua bán,Cơ bản,24/09/2025,24/10/2025,Tin thường,44092804,4 m,6 m,,Đông - Bắc
"Đường Yên Kiện, Xã Ngọc Hồi, Thanh Trì, Hà Nội","5,5 tỷ",40 m²,4 phòng,4 phòng,5 tầng,Sổ đỏ/ Sổ hồng,,24/09/2025,04/10/2025,Tin thường,44093109,4 m,4 m,,
"Đường Tứ Liên, Phường Tứ Liên, Tây Hồ, Hà Nội","8,7 tỷ",40 m²,3 phòng,4 phòng,5 tầng,Sổ đỏ/ Sổ hồng,Đầy đủ,24/09/2025,09/10/2025,Tin thường,44093596,5 m,2 m,,
"đường Liên Mạc, Phường Liên Mạc, Bắc Từ Liêm, Hà Nội","4,45 tỷ",47 m²,,,,Sổ đỏ/ Sổ hồng,,24/09/2025,04/10/2025,Tin thường,43829308,,,,
"đường Liên Mạc, Phường Liên Mạc, Bắc Từ Liêm, Hà Nội",6 tỷ,75 m²,4 phòng,3 phòng,4 tầng,Sổ đỏ/ Sổ hồng,Cơ bản,24/09/2025,04/10/2025,Tin thường,44093087,5 m,"2,5 m",,
"Phường Phúc Đồng, Long Biên, Hà Nội","27,4 tỷ",85 m²,5 phòng,6 phòng,8 tầng,Sổ đỏ/ Sổ hồng,Đầy đủ,30/09/2025,30/10/2025,Tin thường,44153891,5 m,6 m,,
"Đường Đội Cấn, Phường Đội Cấn, Ba Đình, Hà Nội","10,8 tỷ",45 m²,6 phòng,4 phòng,5 tầng,Sổ đỏ/ Sổ hồng,Đầy đủ,11/10/2025,21/10/2025,Tin thường,44153883,"3,3 m","2,5 m",,
"Đường Đại Cồ Việt, Phường Lê Đại Hành, Hai Bà Trưng, Hà Nội","2,9 tỷ",45 m²,,,,Sổ đỏ/ Sổ hồng,,30/09/2025,30/10/2025,Tin thường,43765353,,,,
"Dự án Lumi Hanoi, Đường Đại lộ Thăng Long, Phường Tây Mỗ, Nam Từ Liêm, Hà Nội","4,85 tỷ",54 m²,2 phòng,2 phòng,,Hợp đồng mua bán,Nội thất bàn giao cao cấp.,30/09/2025,10/10/2025,Tin thường,44153881,,,,
"Xã Kim Chung, Hoài Đức, Hà Nội","9,4 tỷ",73 m²,,,,Sổ đỏ/ Sổ hồng,,30/09/2025,10/10/2025,Tin thường,44153879,5 m,7 m,,Bắc
"Dự án Lumière Orient Pearl, Thị trấn Trâu Quỳ, Gia Lâm, Hà Nội",Thỏa thuận,65 m²,2 phòng,2 phòng,,,,30/09/2025,10/10/2025,Tin thường,44153876,,,,Đông - Nam
"The Vesta, Phường Phú Lãm, Quận Hà Đông, Hà Nội",Thỏa thuận,58 m²,2 phòng,2 phòng,,,,21/10/2025,05/11/2025,Tin thường,44061363,,,Bắc,Nam
"Dự án The Paris - Vinhomes Ocean Park, Xã Đa Tốn, Gia Lâm, Hà Nội","3,64 tỷ","47,1 m²",1 phòng,1 phòng,,Hợp đồng mua bán,"Có sẵn nội thất liền tường (tủ bếp, điều hòa, nóng lạnh). Có sẵn nội thất liền tường (tủ bếp, điều hòa, nóng lạnh).",30/09/2025,10/10/2025,Tin thường,44152913,,,Tây - Bắc,Tây - Bắc
"Đường Đội Cấn, Phường Đội Cấn, Ba Đình, Hà Nội","10,8 tỷ",45 m²,6 phòng,,5 tầng,Sổ đỏ/ Sổ hồng,,30/09/2025,10/10/2025,Tin thường,44153863,,,,
"The Zurich - Vinhomes Ocean Park, Đa Tốn, Gia Lâm, Hà Nội","12,2 tỷ","66,5 m²",1 phòng,1 phòng,,Hợp đồng mua bán,Cơ bản,30/09/2025,30/10/2025,Tin thường,44153862,"6,5 m",20 m,Đông - Nam,Đông - Nam
"Đường Thúy Lĩnh, Phường Lĩnh Nam, Hoàng Mai, Hà Nội","8,5 tỷ",114 m²,3 phòng,3 phòng,3 tầng,Sổ đỏ/ Sổ hồng,,26/09/2025,26/10/2025,Tin thường,43126537,8 m,,,
"đường Nghi Tàm, Phường Yên Phụ, Tây Hồ, Hà Nội","21,3 tỷ",60 m²,5 phòng,5 phòng,5 tầng,Sổ đỏ/ Sổ hồng,Đầy đủ,06/10/2025,16/10/2025,Tin thường,43858727,4 m,5 m,,
"Đường Vũ Thạnh, Phường Ô Chợ Dừa, Đống Đa, Hà Nội",42 tỷ,140 m²,,,7 tầng,Sổ đỏ/ Sổ hồng,,26/09/2025,06/10/2025,Tin thường,42035562,,,,
"đường Nghi Tàm, Phường Yên Phụ, Tây Hồ, Hà Nội","21,39 tỷ",60 m²,5 phòng,4 phòng,5 tầng,Sổ đỏ/ Sổ hồng,Đầy đủ,16/10/2025,31/10/2025,Tin thường,43781007,4 m,,,
"Đường Dốc Thọ Lão, Phường Đồng Nhân, Hai Bà Trưng, Hà Nội","6,35 tỷ",40 m²,,,,Sổ đỏ,,26/09/2025,06/10/2025,Tin thường,44113033,5 m,,,
"Xã Khánh Hà, Thường Tín, Hà Nội","6,5 tỷ",101 m²,,,,,,26/09/2025,11/10/2025,Tin thường,44114387,,,,
"Dự án N01-T8 Ngoại Giao Đoàn, Phường Xuân Tảo, Bắc Từ Liêm, Hà Nội",110 triệu/m²,"93,3 m²",3 phòng,2 phòng,,Sổ đỏ/ Sổ hồng,Đầy đủ,06/10/2025,16/10/2025,Tin thường,44025974,,,,
"Mai Động, Minh Khai, Hai Bà Trưng, Hà Nội",18 tỷ,55 m²,6 phòng,5 phòng,6 tầng,Sổ đỏ/ Sổ hồng,,26/09/2025,11/10/2025,Tin thường,44114383,"4,8 m",5 m,,
"Thăng Long Garden 250 Minh Khai, Đường Minh Khai, Phường Minh Khai, Hai Bà Trưng, Hà Nội","7,15 tỷ",80 m²,3 phòng,2 phòng,,Sổ đỏ/ Sổ hồng,Đầy đủ,26/09/2025,06/10/2025,Tin thường,44114202,,,,
"Đường 21A, Xã Thạch Hòa, Thạch Thất, Hà Nội",Thỏa thuận,150 m²,,,,Sổ đỏ/ Sổ hồng,,12/10/2025,22/10/2025,Tin thường,43718046,6 m,15 m,,Nam
